{"contributors": null, "truncated": false, "text": "@WSJ news drama series make fun to people.", "in_reply_to_status_id": 544377700677615616, "id": 544392153548345344, "favorite_count": 0, "source": "<a href=\"https://twitter.com/download/android\" rel=\"nofollow\">Twitter for Android Tablets</a>", "retweeted": false, "coordinates": null, "entities": {"symbols": [], "user_mentions": [{"id": 3108351, "indices": [0, 4], "id_str": "3108351", "screen_name": "WSJ", "name": "Wall Street Journal"}], "hashtags": [], "urls": []}, "in_reply_to_screen_name": "WSJ", "id_str": "544392153548345344", "retweet_count": 0, "in_reply_to_user_id": 3108351, "favorited": false, "user": {"follow_request_sent": false, "profile_use_background_image": true, "profile_text_color": "666666", "default_profile_image": false, "id": 35235587, "profile_background_image_url_https": "https://abs.twimg.com/images/themes/theme9/bg.gif", "verified": false, "profile_location": null, "profile_image_url_https": "https://pbs.twimg.com/profile_images/542715025505263616/t7bjPkMs_normal.jpeg", "profile_sidebar_fill_color": "252429", "entities": {"description": {"urls": []}}, "followers_count": 446, "profile_sidebar_border_color": "181A1E", "id_str": "35235587", "profile_background_color": "1A1B1F", "listed_count": 3, "is_translation_enabled": false, "utc_offset": 25200, "statuses_count": 35712, "description": "", "friends_count": 74, "location": "bangkok", "profile_link_color": "2FC2EF", "profile_image_url": "http://pbs.twimg.com/profile_images/542715025505263616/t7bjPkMs_normal.jpeg", "following": false, "geo_enabled": true, "profile_banner_url": "https://pbs.twimg.com/profile_banners/35235587/1365496671", "profile_background_image_url": "http://abs.twimg.com/images/themes/theme9/bg.gif", "name": "Kou kou", "lang": "en", "profile_background_tile": false, "favourites_count": 106, "screen_name": "vilat", "notifications": false, "url": null, "created_at": "Sat Apr 25 15:31:25 +0000 2009", "contributors_enabled": false, "time_zone": "Bangkok", "protected": false, "default_profile": false, "is_translator": false}, "geo": null, "in_reply_to_user_id_str": "3108351", "lang": "en", "created_at": "Mon Dec 15 07:22:58 +0000 2014", "in_reply_to_status_id_str": "544377700677615616", "place": null}
