{"contributors": null, "truncated": false, "text": "@WSJ they should now know that terrorism is a global thing.", "in_reply_to_status_id": 544377700677615616, "id": 544381225126080512, "favorite_count": 0, "source": "<a href=\"http://twitter.com\" rel=\"nofollow\">Twitter Web Client</a>", "retweeted": false, "coordinates": null, "entities": {"symbols": [], "user_mentions": [{"id": 3108351, "indices": [0, 4], "id_str": "3108351", "screen_name": "WSJ", "name": "Wall Street Journal"}], "hashtags": [], "urls": []}, "in_reply_to_screen_name": "WSJ", "id_str": "544381225126080512", "retweet_count": 0, "in_reply_to_user_id": 3108351, "favorited": false, "user": {"follow_request_sent": false, "profile_use_background_image": false, "profile_text_color": "000000", "default_profile_image": false, "id": 1575238116, "profile_background_image_url_https": "https://abs.twimg.com/images/themes/theme1/bg.png", "verified": false, "profile_location": null, "profile_image_url_https": "https://pbs.twimg.com/profile_images/545562948945444864/yRCDtzQQ_normal.jpeg", "profile_sidebar_fill_color": "000000", "entities": {"url": {"urls": [{"url": "http://t.co/EbhAetcTLK", "indices": [0, 22], "expanded_url": "http://coomingsoon.com", "display_url": "coomingsoon.com"}]}, "description": {"urls": []}}, "followers_count": 630, "profile_sidebar_border_color": "000000", "id_str": "1575238116", "profile_background_color": "000000", "listed_count": 1, "is_translation_enabled": false, "utc_offset": 7200, "statuses_count": 1903, "description": "\u00c0m th\u00e9 d\u00f9d\u00e9 \u00fcr m\u00f2th\u00ebr w\u00e3r\u00f1\u00eb\u00d0 \u00fd\u00f8\u00fc \u00e2b\u00f5\u00fat! Th\u00eb 11th c\u00f6mm\u00e0\u00f1\u00f0m\u00e9\u00f1t|Th\u00eb 8th w\u00f2\u00f1\u00d0\u00ear \u00f6f th\u00eb w\u00f8rl\u00f0!the devils nightmare|JC s\u00f2l\u00d0\u00e8r|GGMU|R\u00ea\u00e1l \u00d1\u00ed\u00f1j\u00e1|St\u00f4\u00f1\u00ebr!", "friends_count": 1549, "location": "NAIROBBERY", "profile_link_color": "4A913C", "profile_image_url": "http://pbs.twimg.com/profile_images/545562948945444864/yRCDtzQQ_normal.jpeg", "following": false, "geo_enabled": true, "profile_banner_url": "https://pbs.twimg.com/profile_banners/1575238116/1418907907", "profile_background_image_url": "http://abs.twimg.com/images/themes/theme1/bg.png", "name": "\u2663K.U.S.H\u2663", "lang": "en", "profile_background_tile": false, "favourites_count": 57, "screen_name": "dan4kuria", "notifications": false, "url": "http://t.co/EbhAetcTLK", "created_at": "Sun Jul 07 14:16:52 +0000 2013", "contributors_enabled": false, "time_zone": "Kyiv", "protected": false, "default_profile": false, "is_translator": false}, "geo": null, "in_reply_to_user_id_str": "3108351", "lang": "en", "created_at": "Mon Dec 15 06:39:32 +0000 2014", "in_reply_to_status_id_str": "544377700677615616", "place": null}
