{"contributors": null, "truncated": false, "text": "@WSJ Pray for the hostages and their safe release. Terrorists don't win.  #sydneystrong #SydneyHostageCrisis #lindtcafe #Australia", "in_reply_to_status_id": 544377700677615616, "id": 544381976510095360, "favorite_count": 0, "source": "<a href=\"http://twitter.com\" rel=\"nofollow\">Twitter Web Client</a>", "retweeted": false, "coordinates": null, "entities": {"symbols": [], "user_mentions": [{"id": 3108351, "indices": [0, 4], "id_str": "3108351", "screen_name": "WSJ", "name": "Wall Street Journal"}], "hashtags": [{"indices": [74, 87], "text": "sydneystrong"}, {"indices": [88, 108], "text": "SydneyHostageCrisis"}, {"indices": [109, 119], "text": "lindtcafe"}, {"indices": [120, 130], "text": "Australia"}], "urls": []}, "in_reply_to_screen_name": "WSJ", "id_str": "544381976510095360", "retweet_count": 0, "in_reply_to_user_id": 3108351, "favorited": false, "user": {"follow_request_sent": false, "profile_use_background_image": true, "profile_text_color": "333333", "default_profile_image": false, "id": 167291226, "profile_background_image_url_https": "https://abs.twimg.com/images/themes/theme13/bg.gif", "verified": false, "profile_location": null, "profile_image_url_https": "https://pbs.twimg.com/profile_images/1079562183/21_img_normal.jpg", "profile_sidebar_fill_color": "FFFFFF", "entities": {"url": {"urls": [{"url": "http://t.co/edBkDb32BD", "indices": [0, 22], "expanded_url": "http://www.fasken.com", "display_url": "fasken.com"}]}, "description": {"urls": []}}, "followers_count": 152, "profile_sidebar_border_color": "EEEEEE", "id_str": "167291226", "profile_background_color": "B2DFDA", "listed_count": 5, "is_translation_enabled": false, "utc_offset": -28800, "statuses_count": 385, "description": "To live is the rarest thing in the world. most people exist, that is all. - Oscar Wilde--- I am:\nLawyer, Web 2.0 Entrepreneur, Technology Cheerleader", "friends_count": 214, "location": "Vancouver, B.C.", "profile_link_color": "93A644", "profile_image_url": "http://pbs.twimg.com/profile_images/1079562183/21_img_normal.jpg", "following": false, "geo_enabled": false, "profile_banner_url": "https://pbs.twimg.com/profile_banners/167291226/1400532813", "profile_background_image_url": "http://abs.twimg.com/images/themes/theme13/bg.gif", "name": "Susan Ben-Oliel", "lang": "en", "profile_background_tile": false, "favourites_count": 14, "screen_name": "Susan_Benoliel", "notifications": false, "url": "http://t.co/edBkDb32BD", "created_at": "Fri Jul 16 05:59:45 +0000 2010", "contributors_enabled": false, "time_zone": "Pacific Time (US & Canada)", "protected": false, "default_profile": false, "is_translator": false}, "geo": null, "in_reply_to_user_id_str": "3108351", "lang": "en", "created_at": "Mon Dec 15 06:42:31 +0000 2014", "in_reply_to_status_id_str": "544377700677615616", "place": null}
