{"contributors":null,"truncated":false,"text":"Hope to wake up to this resolved peacefully\/bloodlessly MT \"@WSJ: Total no. people who have left Sydney cafe up to 5 http:\/\/t.co\/tl36poHUYE\u201d","in_reply_to_status_id":544377700677615616,"id":544380601047220224,"favorite_count":0,"source":"<a href=\"http:\/\/twitter.com\/download\/iphone\" rel=\"nofollow\">Twitter for iPhone<\/a>","retweeted":false,"coordinates":null,"entities":{"symbols":[],"user_mentions":[{"id":3108351,"indices":[60,64],"id_str":"3108351","screen_name":"WSJ","name":"Wall Street Journal"}],"hashtags":[],"urls":[{"url":"http:\/\/t.co\/tl36poHUYE","indices":[117,139],"expanded_url":"http:\/\/on.wsj.com\/1ssOOId","display_url":"on.wsj.com\/1ssOOId"}]},"in_reply_to_screen_name":"WSJ","id_str":"544380601047220224","retweet_count":0,"in_reply_to_user_id":3108351,"favorited":false,"user":{"follow_request_sent":false,"profile_use_background_image":true,"profile_text_color":"663B12","default_profile_image":false,"id":25768661,"profile_background_image_url_https":"https:\/\/abs.twimg.com\/images\/themes\/theme2\/bg.gif","verified":false,"profile_location":null,"profile_image_url_https":"https:\/\/pbs.twimg.com\/profile_images\/559332401935966208\/VV067L4c_normal.jpeg","profile_sidebar_fill_color":"DAECF4","entities":{"description":{"urls":[]}},"followers_count":274,"profile_sidebar_border_color":"C6E2EE","id_str":"25768661","profile_background_color":"C6E2EE","listed_count":2,"is_translation_enabled":false,"utc_offset":-18000,"statuses_count":4583,"description":"Asst Prof. Pol Science @DePauwU 95% inanity, 4% retweets,1% outrage","friends_count":352,"location":"India....na","profile_link_color":"20B4C7","profile_image_url":"http:\/\/pbs.twimg.com\/profile_images\/559332401935966208\/VV067L4c_normal.jpeg","following":false,"geo_enabled":false,"profile_banner_url":"https:\/\/pbs.twimg.com\/profile_banners\/25768661\/1398606661","profile_background_image_url":"http:\/\/abs.twimg.com\/images\/themes\/theme2\/bg.gif","name":"Deepa Prakash","lang":"en","profile_background_tile":false,"favourites_count":1133,"screen_name":"lightlight","notifications":false,"url":null,"created_at":"Sun Mar 22 02:41:01 +0000 2009","contributors_enabled":false,"time_zone":"Eastern Time (US & Canada)","protected":false,"default_profile":false,"is_translator":false},"geo":null,"in_reply_to_user_id_str":"3108351","possibly_sensitive":false,"lang":"en","created_at":"Mon Dec 15 06:37:04 +0000 2014","in_reply_to_status_id_str":"544377700677615616","place":null}