{"contributors": null, "truncated": false, "text": "@WSJ Just a little disconcerting that the men decided to run or be released while there may still women &amp; children inside. #forcemajeure", "in_reply_to_status_id": 544377700677615616, "id": 544387155335057408, "favorite_count": 0, "source": "<a href=\"http://twitter.com/download/iphone\" rel=\"nofollow\">Twitter for iPhone</a>", "retweeted": false, "coordinates": null, "entities": {"symbols": [], "user_mentions": [{"id": 3108351, "indices": [0, 4], "id_str": "3108351", "screen_name": "WSJ", "name": "Wall Street Journal"}], "hashtags": [{"indices": [127, 140], "text": "forcemajeure"}], "urls": []}, "in_reply_to_screen_name": "WSJ", "id_str": "544387155335057408", "retweet_count": 0, "in_reply_to_user_id": 3108351, "favorited": false, "user": {"follow_request_sent": false, "profile_use_background_image": true, "profile_text_color": "333333", "default_profile_image": false, "id": 2586370488, "profile_background_image_url_https": "https://abs.twimg.com/images/themes/theme1/bg.png", "verified": false, "profile_location": null, "profile_image_url_https": "https://pbs.twimg.com/profile_images/492323343417475072/ga5PtxLT_normal.jpeg", "profile_sidebar_fill_color": "DDEEF6", "entities": {"description": {"urls": []}}, "followers_count": 73, "profile_sidebar_border_color": "C0DEED", "id_str": "2586370488", "profile_background_color": "C0DEED", "listed_count": 3, "is_translation_enabled": false, "utc_offset": -3600, "statuses_count": 2118, "description": "Horses, Iceland, Chocolate, History, All Things Science, Classic Literature and Music, and brainish British TV.", "friends_count": 186, "location": "", "profile_link_color": "0084B4", "profile_image_url": "http://pbs.twimg.com/profile_images/492323343417475072/ga5PtxLT_normal.jpeg", "following": false, "geo_enabled": false, "profile_banner_url": "https://pbs.twimg.com/profile_banners/2586370488/1415733719", "profile_background_image_url": "http://abs.twimg.com/images/themes/theme1/bg.png", "name": "Melanie von Braun", "lang": "en-gb", "profile_background_tile": false, "favourites_count": 641, "screen_name": "MelanievonBraun", "notifications": false, "url": null, "created_at": "Tue Jun 24 21:43:05 +0000 2014", "contributors_enabled": false, "time_zone": "Cape Verde Is.", "protected": false, "default_profile": true, "is_translator": false}, "geo": null, "in_reply_to_user_id_str": "3108351", "lang": "en", "created_at": "Mon Dec 15 07:03:06 +0000 2014", "in_reply_to_status_id_str": "544377700677615616", "place": null}
