{"contributors": null, "truncated": false, "text": "@WSJ - Il terrorismo dei disperati contribuisce a giustificare autoritarismi occidente; #ISIS non comprende che la Democrazia \u00e8 sua alleata.", "in_reply_to_status_id": 544377700677615616, "id": 544382445802754048, "favorite_count": 0, "source": "<a href=\"http://twitter.com\" rel=\"nofollow\">Twitter Web Client</a>", "retweeted": false, "coordinates": null, "entities": {"symbols": [], "user_mentions": [{"id": 3108351, "indices": [0, 4], "id_str": "3108351", "screen_name": "WSJ", "name": "Wall Street Journal"}], "hashtags": [{"indices": [88, 93], "text": "ISIS"}], "urls": []}, "in_reply_to_screen_name": "WSJ", "id_str": "544382445802754048", "retweet_count": 0, "in_reply_to_user_id": 3108351, "favorited": false, "user": {"follow_request_sent": false, "profile_use_background_image": true, "profile_text_color": "333333", "default_profile_image": false, "id": 446090752, "profile_background_image_url_https": "https://abs.twimg.com/images/themes/theme1/bg.png", "verified": false, "profile_location": null, "profile_image_url_https": "https://pbs.twimg.com/profile_images/1752364351/nicola_tenerelli_normal.jpg", "profile_sidebar_fill_color": "DDEEF6", "entities": {"url": {"urls": [{"url": "http://t.co/rvLtQQUN0B", "indices": [0, 22], "expanded_url": "http://www.nicolatenerelli.it", "display_url": "nicolatenerelli.it"}]}, "description": {"urls": [{"url": "http://t.co/Cgl8OjA8", "indices": [24, 44], "expanded_url": "http://www.filosofiadellarelazione.it", "display_url": "filosofiadellarelazione.it"}, {"url": "http://t.co/4uZS10p1", "indices": [45, 65], "expanded_url": "http://www.caffefilosofico.net", "display_url": "caffefilosofico.net"}]}}, "followers_count": 158, "profile_sidebar_border_color": "C0DEED", "id_str": "446090752", "profile_background_color": "C0DEED", "listed_count": 2, "is_translation_enabled": false, "utc_offset": null, "statuses_count": 17710, "description": "Premio Borsellino '93 - http://t.co/Cgl8OjA8 http://t.co/4uZS10p1", "friends_count": 29, "location": "", "profile_link_color": "0084B4", "profile_image_url": "http://pbs.twimg.com/profile_images/1752364351/nicola_tenerelli_normal.jpg", "following": false, "geo_enabled": true, "profile_background_image_url": "http://abs.twimg.com/images/themes/theme1/bg.png", "name": "Nicola Tenerelli", "lang": "it", "profile_background_tile": false, "favourites_count": 20, "screen_name": "NicolaTenerelli", "notifications": false, "url": "http://t.co/rvLtQQUN0B", "created_at": "Sun Dec 25 08:49:41 +0000 2011", "contributors_enabled": false, "time_zone": null, "protected": false, "default_profile": true, "is_translator": false}, "geo": null, "in_reply_to_user_id_str": "3108351", "lang": "it", "created_at": "Mon Dec 15 06:44:23 +0000 2014", "in_reply_to_status_id_str": "544377700677615616", "place": null}
