{"contributors":null,"truncated":false,"text":"How many people were there? #sydneysiege @wsj","in_reply_to_status_id":544377700677615616,"id":544378799945551872,"favorite_count":0,"source":"<a href=\"https:\/\/mobile.twitter.com\" rel=\"nofollow\">Mobile Web (M2)<\/a>","retweeted":false,"coordinates":null,"entities":{"symbols":[],"user_mentions":[{"id":3108351,"indices":[41,45],"id_str":"3108351","screen_name":"WSJ","name":"Wall Street Journal"}],"hashtags":[{"indices":[28,40],"text":"sydneysiege"}],"urls":[]},"in_reply_to_screen_name":"WSJ","id_str":"544378799945551872","retweet_count":0,"in_reply_to_user_id":3108351,"favorited":false,"user":{"follow_request_sent":false,"profile_use_background_image":true,"profile_text_color":"333333","default_profile_image":false,"id":448737306,"profile_background_image_url_https":"https:\/\/abs.twimg.com\/images\/themes\/theme19\/bg.gif","verified":false,"profile_location":null,"profile_image_url_https":"https:\/\/pbs.twimg.com\/profile_images\/553143516172664832\/-dtNYDGd_normal.jpeg","profile_sidebar_fill_color":"F6FFD1","entities":{"description":{"urls":[]}},"followers_count":1029,"profile_sidebar_border_color":"FFF8AD","id_str":"448737306","profile_background_color":"FFF04D","listed_count":4,"is_translation_enabled":false,"utc_offset":null,"statuses_count":38249,"description":"Big fan of my Dad! Movie Buffer! Dhoni Admirer! #INDIAN #CSK","friends_count":542,"location":"MADRAS","profile_link_color":"E2E825","profile_image_url":"http:\/\/pbs.twimg.com\/profile_images\/553143516172664832\/-dtNYDGd_normal.jpeg","following":false,"geo_enabled":false,"profile_banner_url":"https:\/\/pbs.twimg.com\/profile_banners\/448737306\/1418806350","profile_background_image_url":"http:\/\/abs.twimg.com\/images\/themes\/theme19\/bg.gif","name":"P \u03b1 \u03c5 l","lang":"en","profile_background_tile":false,"favourites_count":0,"screen_name":"MrPalani","notifications":false,"url":null,"created_at":"Wed Dec 28 09:37:08 +0000 2011","contributors_enabled":false,"time_zone":null,"protected":false,"default_profile":false,"is_translator":false},"geo":null,"in_reply_to_user_id_str":"3108351","lang":"en","created_at":"Mon Dec 15 06:29:54 +0000 2014","in_reply_to_status_id_str":"544377700677615616","place":null}