{"contributors":null,"truncated":false,"text":"@WSJ what a powerful picture!","in_reply_to_status_id":544377700677615616,"id":544378512044339200,"favorite_count":0,"source":"<a href=\"http:\/\/twitter.com\/download\/iphone\" rel=\"nofollow\">Twitter for iPhone<\/a>","retweeted":false,"coordinates":null,"entities":{"symbols":[],"user_mentions":[{"id":3108351,"indices":[0,4],"id_str":"3108351","screen_name":"WSJ","name":"Wall Street Journal"}],"hashtags":[],"urls":[]},"in_reply_to_screen_name":"WSJ","id_str":"544378512044339200","retweet_count":0,"in_reply_to_user_id":3108351,"favorited":false,"user":{"follow_request_sent":false,"profile_use_background_image":true,"profile_text_color":"333333","default_profile_image":false,"id":490112666,"profile_background_image_url_https":"https:\/\/abs.twimg.com\/images\/themes\/theme1\/bg.png","verified":false,"profile_location":null,"profile_image_url_https":"https:\/\/pbs.twimg.com\/profile_images\/561670333225127938\/mg3lXogF_normal.jpeg","profile_sidebar_fill_color":"DDEEF6","entities":{"description":{"urls":[]}},"followers_count":850,"profile_sidebar_border_color":"C0DEED","id_str":"490112666","profile_background_color":"C0DEED","listed_count":16,"is_translation_enabled":false,"utc_offset":-25200,"statuses_count":9268,"description":"Empath. Wife. Mom. Advocate. Proprietress. Teacher. Advisor in Utah's film industry. Honest Broker. Mission: inclusion.","friends_count":928,"location":"Ogden Utah","profile_link_color":"0084B4","profile_image_url":"http:\/\/pbs.twimg.com\/profile_images\/561670333225127938\/mg3lXogF_normal.jpeg","following":false,"geo_enabled":true,"profile_banner_url":"https:\/\/pbs.twimg.com\/profile_banners\/490112666\/1396423395","profile_background_image_url":"http:\/\/abs.twimg.com\/images\/themes\/theme1\/bg.png","name":"Shiksa Yisrael","lang":"en","profile_background_tile":false,"favourites_count":9519,"screen_name":"ShiksaYisrael","notifications":false,"url":null,"created_at":"Sun Feb 12 07:12:04 +0000 2012","contributors_enabled":false,"time_zone":"Arizona","protected":false,"default_profile":true,"is_translator":false},"geo":null,"in_reply_to_user_id_str":"3108351","lang":"en","created_at":"Mon Dec 15 06:28:45 +0000 2014","in_reply_to_status_id_str":"544377700677615616","place":null}