{"contributors": null, "truncated": false, "text": "@WSJ", "in_reply_to_status_id": 544377700677615616, "id": 544387471472340992, "favorite_count": 0, "source": "<a href=\"http://twitter.com/download/iphone\" rel=\"nofollow\">Twitter for iPhone</a>", "retweeted": false, "coordinates": null, "entities": {"symbols": [], "user_mentions": [{"id": 3108351, "indices": [0, 4], "id_str": "3108351", "screen_name": "WSJ", "name": "Wall Street Journal"}], "hashtags": [], "urls": []}, "in_reply_to_screen_name": "WSJ", "id_str": "544387471472340992", "retweet_count": 0, "in_reply_to_user_id": 3108351, "favorited": false, "user": {"follow_request_sent": false, "profile_use_background_image": true, "profile_text_color": "333333", "default_profile_image": true, "id": 2813039335, "profile_background_image_url_https": "https://abs.twimg.com/images/themes/theme1/bg.png", "verified": false, "profile_location": null, "profile_image_url_https": "https://abs.twimg.com/sticky/default_profile_images/default_profile_1_normal.png", "profile_sidebar_fill_color": "DDEEF6", "entities": {"description": {"urls": []}}, "followers_count": 3, "profile_sidebar_border_color": "C0DEED", "id_str": "2813039335", "profile_background_color": "C0DEED", "listed_count": 0, "is_translation_enabled": false, "utc_offset": 7200, "statuses_count": 1, "description": "", "friends_count": 40, "location": "\u0391\u03af\u03b3\u03b9\u03bd\u03b1", "profile_link_color": "0084B4", "profile_image_url": "http://abs.twimg.com/sticky/default_profile_images/default_profile_1_normal.png", "following": false, "geo_enabled": false, "profile_background_image_url": "http://abs.twimg.com/images/themes/theme1/bg.png", "name": "\u0392\u03b1\u03b3\u03b3\u03ad\u03bb\u03b7\u03c2 \u03a0\u03b7\u03b3\u03b9\u03b1\u03b4\u03af\u03c4\u03b7\u03c2", "lang": "el", "profile_background_tile": false, "favourites_count": 0, "screen_name": "info54752870", "notifications": false, "url": null, "created_at": "Tue Sep 16 11:51:34 +0000 2014", "contributors_enabled": false, "time_zone": "Kyiv", "protected": false, "default_profile": true, "is_translator": false}, "geo": null, "in_reply_to_user_id_str": "3108351", "lang": "und", "created_at": "Mon Dec 15 07:04:22 +0000 2014", "in_reply_to_status_id_str": "544377700677615616", "place": null}
