{"contributors": null, "truncated": false, "text": "@WSJ If this had happened in Israel, the Islamic terrorist would be dead by now, shot by either Israeli police or an IDF soldier.", "in_reply_to_status_id": 544377700677615616, "id": 544380187455266817, "favorite_count": 0, "source": "<a href=\"http://twitter.com\" rel=\"nofollow\">Twitter Web Client</a>", "retweeted": false, "coordinates": null, "entities": {"symbols": [], "user_mentions": [{"id": 3108351, "indices": [0, 4], "id_str": "3108351", "screen_name": "WSJ", "name": "Wall Street Journal"}], "hashtags": [], "urls": []}, "in_reply_to_screen_name": "WSJ", "id_str": "544380187455266817", "retweet_count": 0, "in_reply_to_user_id": 3108351, "favorited": false, "user": {"follow_request_sent": false, "profile_use_background_image": true, "profile_text_color": "302225", "default_profile_image": false, "id": 22953738, "profile_background_image_url_https": "https://pbs.twimg.com/profile_background_images/167198781/lion.jpg", "verified": false, "profile_location": null, "profile_image_url_https": "https://pbs.twimg.com/profile_images/518800619579006977/Dms91Ge6_normal.png", "profile_sidebar_fill_color": "CCEEFF", "entities": {"description": {"urls": []}}, "followers_count": 314, "profile_sidebar_border_color": "BDDCAD", "id_str": "22953738", "profile_background_color": "CCBDB3", "listed_count": 12, "is_translation_enabled": false, "utc_offset": 0, "statuses_count": 2984, "description": "Aspiring servant to the One Living G-D, inventor,  regenerative medicine aficionado, Alba Nationalist", "friends_count": 987, "location": "Cairn O'Mount", "profile_link_color": "65B8F0", "profile_image_url": "http://pbs.twimg.com/profile_images/518800619579006977/Dms91Ge6_normal.png", "following": false, "geo_enabled": false, "profile_banner_url": "https://pbs.twimg.com/profile_banners/22953738/1402011639", "profile_background_image_url": "http://pbs.twimg.com/profile_background_images/167198781/lion.jpg", "name": "Covington Beasley", "lang": "en", "profile_background_tile": false, "favourites_count": 48, "screen_name": "cairnmont", "notifications": false, "url": null, "created_at": "Thu Mar 05 18:14:22 +0000 2009", "contributors_enabled": false, "time_zone": "London", "protected": false, "default_profile": false, "is_translator": false}, "geo": null, "in_reply_to_user_id_str": "3108351", "lang": "en", "created_at": "Mon Dec 15 06:35:25 +0000 2014", "in_reply_to_status_id_str": "544377700677615616", "place": null}
