{"contributors": null, "truncated": false, "text": "@WSJ Just a little disconcerting that the media would be in the crossfire if bullets fly. #sydneysiege", "in_reply_to_status_id": 544377700677615616, "id": 544378515114582016, "favorite_count": 1, "source": "<a href=\"http://twitter.com\" rel=\"nofollow\">Twitter Web Client</a>", "retweeted": false, "coordinates": null, "entities": {"symbols": [], "user_mentions": [{"id": 3108351, "indices": [0, 4], "id_str": "3108351", "screen_name": "WSJ", "name": "Wall Street Journal"}], "hashtags": [{"indices": [90, 102], "text": "sydneysiege"}], "urls": []}, "in_reply_to_screen_name": "WSJ", "id_str": "544378515114582016", "retweet_count": 1, "in_reply_to_user_id": 3108351, "favorited": false, "user": {"follow_request_sent": false, "profile_use_background_image": true, "profile_text_color": "333333", "default_profile_image": false, "id": 1355650153, "profile_background_image_url_https": "https://abs.twimg.com/images/themes/theme1/bg.png", "verified": false, "profile_location": null, "profile_image_url_https": "https://pbs.twimg.com/profile_images/3528498372/b59a8faf7635466ef157448b361a65c8_normal.jpeg", "profile_sidebar_fill_color": "DDEEF6", "entities": {"url": {"urls": [{"url": "http://t.co/7cTXXZp7Se", "indices": [0, 22], "expanded_url": "http://christhurston.com.au", "display_url": "christhurston.com.au"}]}, "description": {"urls": [{"url": "http://t.co/JwdfUAUMWD", "indices": [49, 71], "expanded_url": "http://SportHold.com", "display_url": "SportHold.com"}]}}, "followers_count": 191, "profile_sidebar_border_color": "C0DEED", "id_str": "1355650153", "profile_background_color": "C0DEED", "listed_count": 8, "is_translation_enabled": false, "utc_offset": 36000, "statuses_count": 494, "description": "Chris Thurston - cricket tragic and cofounder of http://t.co/JwdfUAUMWD", "friends_count": 350, "location": "Sydney", "profile_link_color": "0084B4", "profile_image_url": "http://pbs.twimg.com/profile_images/3528498372/b59a8faf7635466ef157448b361a65c8_normal.jpeg", "following": false, "geo_enabled": true, "profile_background_image_url": "http://abs.twimg.com/images/themes/theme1/bg.png", "name": "Christian Thurston", "lang": "en", "profile_background_tile": false, "favourites_count": 12, "screen_name": "ct_oz", "notifications": false, "url": "http://t.co/7cTXXZp7Se", "created_at": "Tue Apr 16 00:05:26 +0000 2013", "contributors_enabled": false, "time_zone": "Brisbane", "protected": false, "default_profile": true, "is_translator": false}, "geo": null, "in_reply_to_user_id_str": "3108351", "lang": "en", "created_at": "Mon Dec 15 06:28:46 +0000 2014", "in_reply_to_status_id_str": "544377700677615616", "place": null}
