{"contributors":null,"truncated":false,"text":"@WSJ \nWow!","in_reply_to_status_id":544377700677615616,"id":544378788000169984,"favorite_count":0,"source":"<a href=\"http:\/\/twitter.com\" rel=\"nofollow\">Twitter Web Client<\/a>","retweeted":false,"coordinates":null,"entities":{"symbols":[],"user_mentions":[{"id":3108351,"indices":[0,4],"id_str":"3108351","screen_name":"WSJ","name":"Wall Street Journal"}],"hashtags":[],"urls":[]},"in_reply_to_screen_name":"WSJ","id_str":"544378788000169984","retweet_count":0,"in_reply_to_user_id":3108351,"favorited":false,"user":{"follow_request_sent":false,"profile_use_background_image":false,"profile_text_color":"000000","default_profile_image":false,"id":2927454722,"profile_background_image_url_https":"https:\/\/abs.twimg.com\/images\/themes\/theme1\/bg.png","verified":false,"profile_location":null,"profile_image_url_https":"https:\/\/pbs.twimg.com\/profile_images\/552557105358438402\/zz7nDCc5_normal.png","profile_sidebar_fill_color":"000000","entities":{"url":{"urls":[{"url":"http:\/\/t.co\/SxFl1kS3EE","indices":[0,22],"expanded_url":"http:\/\/SELECTHOME.COM","display_url":"SELECTHOME.COM"}]},"description":{"urls":[]}},"followers_count":42,"profile_sidebar_border_color":"000000","id_str":"2927454722","profile_background_color":"ABB8C2","listed_count":0,"is_translation_enabled":false,"utc_offset":-28800,"statuses_count":354,"description":"#SELECTHOME  with over #25 years experience in local #Realestate Market,  Offering #DownPaymentAssistance to #OrangeCounty #HomeBuyers Up to #$25,000..","friends_count":302,"location":"Southern California","profile_link_color":"FA743E","profile_image_url":"http:\/\/pbs.twimg.com\/profile_images\/552557105358438402\/zz7nDCc5_normal.png","following":false,"geo_enabled":false,"profile_banner_url":"https:\/\/pbs.twimg.com\/profile_banners\/2927454722\/1418785378","profile_background_image_url":"http:\/\/abs.twimg.com\/images\/themes\/theme1\/bg.png","name":"SELECT HOME","lang":"en","profile_background_tile":false,"favourites_count":5,"screen_name":"OCSELECTHOME","notifications":false,"url":"http:\/\/t.co\/SxFl1kS3EE","created_at":"Fri Dec 12 08:59:22 +0000 2014","contributors_enabled":false,"time_zone":"Pacific Time (US & Canada)","protected":false,"default_profile":false,"is_translator":false},"geo":null,"in_reply_to_user_id_str":"3108351","lang":"und","created_at":"Mon Dec 15 06:29:51 +0000 2014","in_reply_to_status_id_str":"544377700677615616","place":null}