{"contributors": null, "truncated": false, "text": "@WSJ Wake up America! \u201cAl-Adnani told Muslims to kill all \u201cdisbelievers,\u201d whether they be civilians or soldiers. #SydneySiege", "in_reply_to_status_id": 544377700677615616, "id": 544395464200966145, "favorite_count": 0, "source": "<a href=\"http://tapbots.com/tweetbot\" rel=\"nofollow\">Tweetbot for i\u039fS</a>", "retweeted": false, "coordinates": null, "entities": {"symbols": [], "user_mentions": [{"id": 3108351, "indices": [0, 4], "id_str": "3108351", "screen_name": "WSJ", "name": "Wall Street Journal"}], "hashtags": [{"indices": [113, 125], "text": "SydneySiege"}], "urls": []}, "in_reply_to_screen_name": "WSJ", "id_str": "544395464200966145", "retweet_count": 0, "in_reply_to_user_id": 3108351, "favorited": false, "user": {"follow_request_sent": false, "profile_use_background_image": true, "profile_text_color": "333333", "default_profile_image": false, "id": 467185569, "profile_background_image_url_https": "https://abs.twimg.com/images/themes/theme1/bg.png", "verified": false, "profile_location": null, "profile_image_url_https": "https://pbs.twimg.com/profile_images/537171691529445376/lPZ6ojcu_normal.jpeg", "profile_sidebar_fill_color": "DDEEF6", "entities": {"description": {"urls": []}}, "followers_count": 43, "profile_sidebar_border_color": "C0DEED", "id_str": "467185569", "profile_background_color": "C0DEED", "listed_count": 0, "is_translation_enabled": false, "utc_offset": -28800, "statuses_count": 539, "description": "Conservative, Constitutionlist, Pro Second Amendment", "friends_count": 88, "location": "", "profile_link_color": "0084B4", "profile_image_url": "http://pbs.twimg.com/profile_images/537171691529445376/lPZ6ojcu_normal.jpeg", "following": false, "geo_enabled": false, "profile_background_image_url": "http://abs.twimg.com/images/themes/theme1/bg.png", "name": "Jerri Scott", "lang": "en", "profile_background_tile": false, "favourites_count": 14, "screen_name": "JerriScott1", "notifications": false, "url": null, "created_at": "Wed Jan 18 06:16:34 +0000 2012", "contributors_enabled": false, "time_zone": "Tijuana", "protected": false, "default_profile": true, "is_translator": false}, "geo": null, "in_reply_to_user_id_str": "3108351", "lang": "en", "created_at": "Mon Dec 15 07:36:07 +0000 2014", "in_reply_to_status_id_str": "544377700677615616", "place": null}
