{"contributors": null, "truncated": false, "text": "@WSJ The most secular people in the world are terrorists... because #TerrorHasNoReligion!!! #SydneySiege", "in_reply_to_status_id": 544377700677615616, "id": 544415478618152960, "favorite_count": 0, "source": "<a href=\"http://twitter.com\" rel=\"nofollow\">Twitter Web Client</a>", "retweeted": false, "coordinates": null, "entities": {"symbols": [], "user_mentions": [{"id": 3108351, "indices": [0, 4], "id_str": "3108351", "screen_name": "WSJ", "name": "Wall Street Journal"}], "hashtags": [{"indices": [68, 88], "text": "TerrorHasNoReligion"}, {"indices": [92, 104], "text": "SydneySiege"}], "urls": []}, "in_reply_to_screen_name": "WSJ", "id_str": "544415478618152960", "retweet_count": 0, "in_reply_to_user_id": 3108351, "favorited": false, "user": {"follow_request_sent": false, "profile_use_background_image": true, "profile_text_color": "333333", "default_profile_image": false, "id": 1652769782, "profile_background_image_url_https": "https://pbs.twimg.com/profile_background_images/536371134208307200/1PzxxDD_.jpeg", "verified": false, "profile_location": null, "profile_image_url_https": "https://pbs.twimg.com/profile_images/536357711382708224/r2Xtowrp_normal.jpeg", "profile_sidebar_fill_color": "F6FFD1", "entities": {"description": {"urls": []}}, "followers_count": 17, "profile_sidebar_border_color": "FFFFFF", "id_str": "1652769782", "profile_background_color": "FA743E", "listed_count": 0, "is_translation_enabled": false, "utc_offset": null, "statuses_count": 1031, "description": "Lafzo me chingari rakh. .Lehzey me khuddari rakh ..zeeney ki khwahis hai to marney ki tayari rakh", "friends_count": 49, "location": "my soul my body India", "profile_link_color": "FA743E", "profile_image_url": "http://pbs.twimg.com/profile_images/536357711382708224/r2Xtowrp_normal.jpeg", "following": false, "geo_enabled": false, "profile_banner_url": "https://pbs.twimg.com/profile_banners/1652769782/1409462425", "profile_background_image_url": "http://pbs.twimg.com/profile_background_images/536371134208307200/1PzxxDD_.jpeg", "name": "Anadi Mishra", "lang": "en", "profile_background_tile": true, "favourites_count": 2031, "screen_name": "Anadi_mishra_", "notifications": false, "url": null, "created_at": "Wed Aug 07 11:53:00 +0000 2013", "contributors_enabled": false, "time_zone": null, "protected": false, "default_profile": false, "is_translator": false}, "geo": null, "in_reply_to_user_id_str": "3108351", "lang": "en", "created_at": "Mon Dec 15 08:55:39 +0000 2014", "in_reply_to_status_id_str": "544377700677615616", "place": null}
