{"contributors":null,"truncated":false,"text":"It appears that #Ferguson PD are trying to assassinate Mike Brown's character after literally assassinating Mike Brown.","in_reply_to_status_id":null,"id":500307001629745152,"favorite_count":52,"source":"<a href=\"http:\/\/twitter.com\/download\/iphone\" rel=\"nofollow\">Twitter for iPhone<\/a>","retweeted":false,"coordinates":{"type":"Point","coordinates":[-89.65700885,39.7981984]},"entities":{"symbols":[],"user_mentions":[],"hashtags":[{"indices":[16,25],"text":"Ferguson"}],"urls":[]},"in_reply_to_screen_name":null,"id_str":"500307001629745152","retweet_count":230,"in_reply_to_user_id":null,"favorited":false,"user":{"follow_request_sent":false,"profile_use_background_image":true,"default_profile_image":false,"id":59042511,"profile_background_image_url_https":"https:\/\/abs.twimg.com\/images\/themes\/theme1\/bg.png","verified":false,"profile_text_color":"333333","profile_image_url_https":"https:\/\/pbs.twimg.com\/profile_images\/541772344029896704\/O5VoeaLf_normal.jpeg","profile_sidebar_fill_color":"DDEEF6","entities":{"description":{"urls":[]}},"followers_count":488,"profile_sidebar_border_color":"C0DEED","id_str":"59042511","profile_background_color":"C0DEED","listed_count":31,"is_translation_enabled":false,"utc_offset":-18000,"statuses_count":18872,"description":"Magnificent bastard. Sport things at @lazyrasmus.","friends_count":525,"location":"Springfield, IL","profile_link_color":"0084B4","profile_image_url":"http:\/\/pbs.twimg.com\/profile_images\/541772344029896704\/O5VoeaLf_normal.jpeg","following":false,"geo_enabled":true,"profile_background_image_url":"http:\/\/abs.twimg.com\/images\/themes\/theme1\/bg.png","screen_name":"flavius217","lang":"en","profile_background_tile":false,"favourites_count":2090,"name":"Jeff","notifications":false,"url":null,"created_at":"Wed Jul 22 05:04:19 +0000 2009","contributors_enabled":false,"time_zone":"Central Time (US & Canada)","protected":false,"default_profile":true,"is_translator":false},"geo":{"type":"Point","coordinates":[39.7981984,-89.65700885]},"in_reply_to_user_id_str":null,"lang":"en","created_at":"Fri Aug 15 15:44:19 +0000 2014","in_reply_to_status_id_str":null,"place":{"full_name":"Springfield, IL","url":"https:\/\/api.twitter.com\/1.1\/geo\/id\/ce1765e3abafe93e.json","country":"United States","place_type":"city","bounding_box":{"type":"Polygon","coordinates":[[[-89.7731855,39.673272],[-89.546193,39.673272],[-89.546193,39.87542],[-89.7731855,39.87542]]]},"contained_within":[],"country_code":"US","attributes":{},"id":"ce1765e3abafe93e","name":"Springfield"}}