{"contributors": null, "truncated": false, "text": "@AntonioFrench Comparing the photo of Brown's body in the street with the cam footage, their outfits are similar, but differ in some details", "in_reply_to_status_id": 500292806175236096, "id": 500294380734136321, "favorite_count": 0, "source": "<a href=\"http://twitter.com\" rel=\"nofollow\">Twitter Web Client</a>", "retweeted": false, "coordinates": null, "entities": {"symbols": [], "user_mentions": [{"id": 14090948, "indices": [0, 14], "id_str": "14090948", "screen_name": "AntonioFrench", "name": "Antonio French"}], "hashtags": [], "urls": []}, "in_reply_to_screen_name": "AntonioFrench", "id_str": "500294380734136321", "retweet_count": 0, "in_reply_to_user_id": 14090948, "favorited": false, "user": {"follow_request_sent": false, "profile_use_background_image": true, "default_profile_image": false, "id": 14307869, "profile_background_image_url_https": "https://pbs.twimg.com/profile_background_images/2646020/csfs_logocomp.jpg", "verified": false, "profile_text_color": "000000", "profile_image_url_https": "https://pbs.twimg.com/profile_images/508971671588319233/vjD8JTJd_normal.jpeg", "profile_sidebar_fill_color": "E0FF92", "entities": {"description": {"urls": []}}, "followers_count": 6137, "profile_sidebar_border_color": "87BC44", "id_str": "14307869", "profile_background_color": "4B270C", "listed_count": 260, "is_translation_enabled": false, "utc_offset": -14400, "statuses_count": 24997, "description": "Watches horror movies. Reads comics. Lifts weights. Develops websites. Swears like a sailor. Fights in the heavyweight division.", "friends_count": 2749, "location": "Brentwood, NH", "profile_link_color": "9C0000", "profile_image_url": "http://pbs.twimg.com/profile_images/508971671588319233/vjD8JTJd_normal.jpeg", "following": false, "geo_enabled": true, "profile_banner_url": "https://pbs.twimg.com/profile_banners/14307869/1366984255", "profile_background_image_url": "http://pbs.twimg.com/profile_background_images/2646020/csfs_logocomp.jpg", "screen_name": "CinemaSuicide", "lang": "en", "profile_background_tile": true, "favourites_count": 794, "name": "Bryan White", "notifications": false, "url": null, "created_at": "Sat Apr 05 02:08:02 +0000 2008", "contributors_enabled": false, "time_zone": "Eastern Time (US & Canada)", "protected": false, "default_profile": false, "is_translator": false}, "geo": null, "in_reply_to_user_id_str": "14090948", "lang": "en", "created_at": "Fri Aug 15 14:54:10 +0000 2014", "in_reply_to_status_id_str": "500292806175236096", "place": null}
