{"contributors":null,"truncated":false,"text":"@AntonioFrench the dead body on the street was wearing pants not shorts","in_reply_to_status_id":500292806175236096,"id":500293088221224961,"favorite_count":17,"source":"<a href=\"http:\/\/twitter.com\/download\/android\" rel=\"nofollow\">Twitter for Android<\/a>","retweeted":false,"coordinates":null,"entities":{"symbols":[],"user_mentions":[{"id":14090948,"indices":[0,14],"id_str":"14090948","screen_name":"AntonioFrench","name":"Antonio French"}],"hashtags":[],"urls":[]},"in_reply_to_screen_name":"AntonioFrench","id_str":"500293088221224961","retweet_count":18,"in_reply_to_user_id":14090948,"favorited":false,"user":{"follow_request_sent":false,"profile_use_background_image":true,"default_profile_image":false,"id":53346221,"profile_background_image_url_https":"https:\/\/abs.twimg.com\/images\/themes\/theme2\/bg.gif","verified":false,"profile_text_color":"663B12","profile_image_url_https":"https:\/\/pbs.twimg.com\/profile_images\/564625123714805761\/l1ycpXn0_normal.jpeg","profile_sidebar_fill_color":"DAECF4","entities":{"description":{"urls":[]}},"followers_count":114,"profile_sidebar_border_color":"C6E2EE","id_str":"53346221","profile_background_color":"C6E2EE","listed_count":2,"is_translation_enabled":false,"utc_offset":-28800,"statuses_count":4571,"description":"From Florida now living in PA. Stand up for #patsnation :)","friends_count":377,"location":"MY Buisness :)","profile_link_color":"1F98C7","profile_image_url":"http:\/\/pbs.twimg.com\/profile_images\/564625123714805761\/l1ycpXn0_normal.jpeg","following":false,"geo_enabled":false,"profile_background_image_url":"http:\/\/abs.twimg.com\/images\/themes\/theme2\/bg.gif","screen_name":"SandyChristina","lang":"en","profile_background_tile":false,"favourites_count":117,"name":"Sandy Candy","notifications":false,"url":null,"created_at":"Fri Jul 03 09:51:07 +0000 2009","contributors_enabled":false,"time_zone":"Alaska","protected":false,"default_profile":false,"is_translator":false},"geo":null,"in_reply_to_user_id_str":"14090948","lang":"en","created_at":"Fri Aug 15 14:49:01 +0000 2014","in_reply_to_status_id_str":"500292806175236096","place":null}