{"contributors":null,"truncated":false,"text":"@AntonioFrench PLEASE RT BEFORE THIS IS TAKEN DOWN! His clothes do not match https:\/\/t.co\/ZIUFc9hxPh","in_reply_to_status_id":500292806175236096,"id":500294159421698050,"favorite_count":8,"source":"<a href=\"http:\/\/twitter.com\/download\/iphone\" rel=\"nofollow\">Twitter for iPhone<\/a>","retweeted":false,"coordinates":null,"entities":{"symbols":[],"user_mentions":[{"id":14090948,"indices":[0,14],"id_str":"14090948","screen_name":"AntonioFrench","name":"Antonio French"}],"hashtags":[],"urls":[{"url":"https:\/\/t.co\/ZIUFc9hxPh","indices":[77,100],"expanded_url":"https:\/\/www.youtube.com\/embed\/5Wt8yEGacIs","display_url":"youtube.com\/embed\/5Wt8yEGa\u2026"}]},"in_reply_to_screen_name":"AntonioFrench","id_str":"500294159421698050","retweet_count":22,"in_reply_to_user_id":14090948,"favorited":false,"user":{"follow_request_sent":false,"profile_use_background_image":true,"default_profile_image":false,"id":533784460,"profile_background_image_url_https":"https:\/\/abs.twimg.com\/images\/themes\/theme1\/bg.png","verified":false,"profile_text_color":"333333","profile_image_url_https":"https:\/\/pbs.twimg.com\/profile_images\/579551639629111296\/CqY_o3Ro_normal.jpg","profile_sidebar_fill_color":"DDEEF6","entities":{"description":{"urls":[]}},"followers_count":2291,"profile_sidebar_border_color":"C0DEED","id_str":"533784460","profile_background_color":"C0DEED","listed_count":40,"is_translation_enabled":false,"utc_offset":-10800,"statuses_count":75251,"description":"Self proclaimed big fine & fabulous as fuck. A filthy mouth & no regard for anyone's opinion. Idc just dont call me boo, bae, light skin or big head","friends_count":327,"location":"Somewhere Drinking A Martini","profile_link_color":"0084B4","profile_image_url":"http:\/\/pbs.twimg.com\/profile_images\/579551639629111296\/CqY_o3Ro_normal.jpg","following":false,"geo_enabled":true,"profile_banner_url":"https:\/\/pbs.twimg.com\/profile_banners\/533784460\/1408862344","profile_background_image_url":"http:\/\/abs.twimg.com\/images\/themes\/theme1\/bg.png","screen_name":"CurlsGoddess","lang":"en","profile_background_tile":false,"favourites_count":1544,"name":"Fluffy Like Panda","notifications":false,"url":null,"created_at":"Fri Mar 23 02:40:45 +0000 2012","contributors_enabled":false,"time_zone":"Atlantic Time (Canada)","protected":false,"default_profile":true,"is_translator":false},"geo":null,"in_reply_to_user_id_str":"14090948","possibly_sensitive":false,"lang":"en","created_at":"Fri Aug 15 14:53:17 +0000 2014","in_reply_to_status_id_str":"500292806175236096","place":null}