{"contributors": null, "truncated": false, "text": "@AntonioFrench is that for sure Mike Brown though?", "in_reply_to_status_id": 500292806175236096, "id": 500294642752311297, "favorite_count": 0, "source": "<a href=\"http://www.tweetcaster.com\" rel=\"nofollow\">TweetCaster for Android</a>", "retweeted": false, "coordinates": null, "entities": {"symbols": [], "user_mentions": [{"id": 14090948, "indices": [0, 14], "id_str": "14090948", "screen_name": "AntonioFrench", "name": "Antonio French"}], "hashtags": [], "urls": []}, "in_reply_to_screen_name": "AntonioFrench", "id_str": "500294642752311297", "retweet_count": 0, "in_reply_to_user_id": 14090948, "favorited": false, "user": {"follow_request_sent": false, "profile_use_background_image": true, "default_profile_image": false, "id": 34050054, "profile_background_image_url_https": "https://pbs.twimg.com/profile_background_images/378800000098735303/329a83f48567bb958af4714435d0620b.jpeg", "verified": false, "profile_text_color": "666666", "profile_image_url_https": "https://pbs.twimg.com/profile_images/485091365701697536/y9A3wpdy_normal.jpeg", "profile_sidebar_fill_color": "252429", "entities": {"description": {"urls": []}}, "followers_count": 1068, "profile_sidebar_border_color": "000000", "id_str": "34050054", "profile_background_color": "1A1B1F", "listed_count": 12, "is_translation_enabled": false, "utc_offset": -14400, "statuses_count": 114953, "description": "#TeamSaxTD. #TeamVirgo. #WSSUAlum #Misfit", "friends_count": 1265, "location": "Gallifrey", "profile_link_color": "2FC2EF", "profile_image_url": "http://pbs.twimg.com/profile_images/485091365701697536/y9A3wpdy_normal.jpeg", "following": false, "geo_enabled": false, "profile_banner_url": "https://pbs.twimg.com/profile_banners/34050054/1404489769", "profile_background_image_url": "http://pbs.twimg.com/profile_background_images/378800000098735303/329a83f48567bb958af4714435d0620b.jpeg", "screen_name": "KingOfDaMisFits", "lang": "en", "profile_background_tile": true, "favourites_count": 98, "name": "Gallifreyan Misfit", "notifications": false, "url": null, "created_at": "Tue Apr 21 21:31:18 +0000 2009", "contributors_enabled": false, "time_zone": "Eastern Time (US & Canada)", "protected": false, "default_profile": false, "is_translator": false}, "geo": null, "in_reply_to_user_id_str": "14090948", "lang": "en", "created_at": "Fri Aug 15 14:55:12 +0000 2014", "in_reply_to_status_id_str": "500292806175236096", "place": null}
