{"contributors":null,"truncated":false,"text":"@KyleStrunk I'm saying don't release your side of the story, drop the mic and walk away, this boy was MURDERED, IDGAF if he robbed or not","in_reply_to_status_id":500298423707652096,"id":500298769012125696,"favorite_count":0,"source":"<a href=\"http:\/\/twitter.com\" rel=\"nofollow\">Twitter Web Client<\/a>","retweeted":false,"coordinates":null,"entities":{"symbols":[],"user_mentions":[{"id":56282262,"indices":[0,11],"id_str":"56282262","screen_name":"KyleStrunk","name":"Kyle strunk"}],"hashtags":[],"urls":[]},"in_reply_to_screen_name":"KyleStrunk","id_str":"500298769012125696","retweet_count":0,"in_reply_to_user_id":56282262,"favorited":false,"user":{"follow_request_sent":false,"profile_use_background_image":true,"default_profile_image":false,"id":2158281460,"profile_background_image_url_https":"https:\/\/abs.twimg.com\/images\/themes\/theme1\/bg.png","verified":false,"profile_text_color":"333333","profile_image_url_https":"https:\/\/pbs.twimg.com\/profile_images\/537074312482914305\/XBawVX65_normal.jpeg","profile_sidebar_fill_color":"DDEEF6","entities":{"description":{"urls":[]}},"followers_count":334,"profile_sidebar_border_color":"C0DEED","id_str":"2158281460","profile_background_color":"C0DEED","listed_count":2,"is_translation_enabled":false,"utc_offset":-14400,"statuses_count":4849,"description":"","friends_count":576,"location":"","profile_link_color":"0084B4","profile_image_url":"http:\/\/pbs.twimg.com\/profile_images\/537074312482914305\/XBawVX65_normal.jpeg","following":false,"geo_enabled":false,"profile_banner_url":"https:\/\/pbs.twimg.com\/profile_banners\/2158281460\/1408044989","profile_background_image_url":"http:\/\/abs.twimg.com\/images\/themes\/theme1\/bg.png","screen_name":"MizzzLizzy","lang":"en","profile_background_tile":false,"favourites_count":3410,"name":"Liz","notifications":false,"url":null,"created_at":"Tue Oct 29 07:25:30 +0000 2013","contributors_enabled":false,"time_zone":"Eastern Time (US & Canada)","protected":false,"default_profile":true,"is_translator":false},"geo":null,"in_reply_to_user_id_str":"56282262","lang":"en","created_at":"Fri Aug 15 15:11:36 +0000 2014","in_reply_to_status_id_str":"500298423707652096","place":null}