{"contributors":null,"truncated":false,"text":"@MizzzLizzy @GrooveSDC Liz releasing facts is not smearing him","in_reply_to_status_id":500297146638536704,"id":500297472380788736,"favorite_count":0,"source":"<a href=\"http:\/\/twitter.com\/download\/iphone\" rel=\"nofollow\">Twitter for iPhone<\/a>","retweeted":false,"coordinates":null,"entities":{"symbols":[],"user_mentions":[{"id":2158281460,"indices":[0,11],"id_str":"2158281460","screen_name":"MizzzLizzy","name":"Liz"},{"id":12004852,"indices":[12,22],"id_str":"12004852","screen_name":"GrooveSDC","name":"GrooveSDC"}],"hashtags":[],"urls":[]},"in_reply_to_screen_name":"MizzzLizzy","id_str":"500297472380788736","retweet_count":0,"in_reply_to_user_id":2158281460,"favorited":false,"user":{"follow_request_sent":false,"profile_use_background_image":true,"default_profile_image":false,"id":56282262,"profile_background_image_url_https":"https:\/\/abs.twimg.com\/images\/themes\/theme1\/bg.png","verified":false,"profile_text_color":"333333","profile_image_url_https":"https:\/\/pbs.twimg.com\/profile_images\/584367511241682944\/XhzgeGxQ_normal.jpg","profile_sidebar_fill_color":"DDEEF6","entities":{"description":{"urls":[]}},"followers_count":808,"profile_sidebar_border_color":"C0DEED","id_str":"56282262","profile_background_color":"C0DEED","listed_count":5,"is_translation_enabled":false,"utc_offset":null,"statuses_count":6194,"description":"Huge fan of my Lions, Bearcats, Reds, and Knicks..I am blessed and am a proud police officer in real life, opinions r my own","friends_count":1367,"location":"","profile_link_color":"0084B4","profile_image_url":"http:\/\/pbs.twimg.com\/profile_images\/584367511241682944\/XhzgeGxQ_normal.jpg","following":false,"geo_enabled":false,"profile_banner_url":"https:\/\/pbs.twimg.com\/profile_banners\/56282262\/1409156029","profile_background_image_url":"http:\/\/abs.twimg.com\/images\/themes\/theme1\/bg.png","screen_name":"KyleStrunk","lang":"en","profile_background_tile":false,"favourites_count":203,"name":"Kyle strunk","notifications":false,"url":null,"created_at":"Mon Jul 13 04:05:42 +0000 2009","contributors_enabled":false,"time_zone":null,"protected":false,"default_profile":true,"is_translator":false},"geo":null,"in_reply_to_user_id_str":"2158281460","lang":"en","created_at":"Fri Aug 15 15:06:27 +0000 2014","in_reply_to_status_id_str":"500297146638536704","place":null}