{"contributors":null,"truncated":false,"text":"@GrooveSDC just stating facts","in_reply_to_status_id":500292202845982720,"id":500301214320713728,"favorite_count":0,"source":"<a href=\"http:\/\/www.echofon.com\/\" rel=\"nofollow\">Echofon<\/a>","retweeted":false,"coordinates":null,"entities":{"symbols":[],"user_mentions":[{"id":12004852,"indices":[0,10],"id_str":"12004852","screen_name":"GrooveSDC","name":"GrooveSDC"}],"hashtags":[],"urls":[]},"in_reply_to_screen_name":"GrooveSDC","id_str":"500301214320713728","retweet_count":0,"in_reply_to_user_id":12004852,"favorited":false,"user":{"follow_request_sent":false,"profile_use_background_image":true,"default_profile_image":false,"id":428641162,"profile_background_image_url_https":"https:\/\/pbs.twimg.com\/profile_background_images\/378800000123520373\/8ec2e6eb534dd4496bc384e0fdbc33b4.png","verified":false,"profile_text_color":"333333","profile_image_url_https":"https:\/\/pbs.twimg.com\/profile_images\/584506887196016640\/Ofzm30Sg_normal.png","profile_sidebar_fill_color":"DDEEF6","entities":{"url":{"urls":[{"url":"http:\/\/t.co\/4ImzYnJdBf","indices":[0,22],"expanded_url":"http:\/\/soundcloud.com\/destryur","display_url":"soundcloud.com\/destryur"}]},"description":{"urls":[{"url":"http:\/\/t.co\/4tXMy5Seal","indices":[65,87],"expanded_url":"http:\/\/destryur.tumblr.com","display_url":"destryur.tumblr.com"}]}},"followers_count":133,"profile_sidebar_border_color":"FFFFFF","id_str":"428641162","profile_background_color":"000000","listed_count":2,"is_translation_enabled":false,"utc_offset":null,"statuses_count":2995,"description":"Producer \/ Graphic Designer \/ Founder of Midnight Beach Records \nhttp:\/\/t.co\/4tXMy5Seal","friends_count":401,"location":"\u0418\u2144\u20ac","profile_link_color":"0084B4","profile_image_url":"http:\/\/pbs.twimg.com\/profile_images\/584506887196016640\/Ofzm30Sg_normal.png","following":false,"geo_enabled":false,"profile_banner_url":"https:\/\/pbs.twimg.com\/profile_banners\/428641162\/1393830640","profile_background_image_url":"http:\/\/pbs.twimg.com\/profile_background_images\/378800000123520373\/8ec2e6eb534dd4496bc384e0fdbc33b4.png","screen_name":"DESTRYUR","lang":"en","profile_background_tile":true,"favourites_count":742,"name":"\u262dD\u0415STRYU\u042f\u262d","notifications":false,"url":"http:\/\/t.co\/4ImzYnJdBf","created_at":"Mon Dec 05 00:48:48 +0000 2011","contributors_enabled":false,"time_zone":null,"protected":false,"default_profile":false,"is_translator":false},"geo":null,"in_reply_to_user_id_str":"12004852","lang":"en","created_at":"Fri Aug 15 15:21:19 +0000 2014","in_reply_to_status_id_str":"500292202845982720","place":null}