{"contributors": null, "truncated": false, "text": "@eclark1st @thedahlimmama @admiralmpj @GrooveSDC It has to be dead in the water cos if it goes on trial they are roasted, #VictimBlaming", "in_reply_to_status_id": 500330482765410304, "id": 500331225509158913, "favorite_count": 2, "source": "<a href=\"http://twitter.com\" rel=\"nofollow\">Twitter Web Client</a>", "retweeted": false, "coordinates": null, "entities": {"symbols": [], "user_mentions": [{"id": 40148207, "indices": [0, 10], "id_str": "40148207", "screen_name": "eclark1st", "name": "Eric V. Clark"}, {"id": 100880543, "indices": [11, 25], "id_str": "100880543", "screen_name": "thedahlimmama", "name": "Jackie"}, {"id": 14731096, "indices": [26, 37], "id_str": "14731096", "screen_name": "admiralmpj", "name": "Malcolm Johnson"}, {"id": 12004852, "indices": [38, 48], "id_str": "12004852", "screen_name": "GrooveSDC", "name": "GrooveSDC"}], "hashtags": [{"indices": [122, 136], "text": "VictimBlaming"}], "urls": []}, "in_reply_to_screen_name": "eclark1st", "id_str": "500331225509158913", "retweet_count": 0, "in_reply_to_user_id": 40148207, "favorited": false, "user": {"follow_request_sent": false, "profile_use_background_image": true, "default_profile_image": false, "id": 378163190, "profile_background_image_url_https": "https://abs.twimg.com/images/themes/theme1/bg.png", "verified": false, "profile_text_color": "333333", "profile_image_url_https": "https://pbs.twimg.com/profile_images/1645135172/025_normal.JPG", "profile_sidebar_fill_color": "DDEEF6", "entities": {"description": {"urls": []}}, "followers_count": 2519, "profile_sidebar_border_color": "C0DEED", "id_str": "378163190", "profile_background_color": "C0DEED", "listed_count": 16, "is_translation_enabled": false, "utc_offset": 10800, "statuses_count": 22868, "description": "My tweets are my way of expression; a retweet ain't an endorsement :)", "friends_count": 2480, "location": "", "profile_link_color": "0084B4", "profile_image_url": "http://pbs.twimg.com/profile_images/1645135172/025_normal.JPG", "following": false, "geo_enabled": false, "profile_background_image_url": "http://abs.twimg.com/images/themes/theme1/bg.png", "screen_name": "African_dudes", "lang": "en", "profile_background_tile": false, "favourites_count": 1537, "name": "MEN", "notifications": false, "url": null, "created_at": "Thu Sep 22 19:02:12 +0000 2011", "contributors_enabled": false, "time_zone": "Baghdad", "protected": false, "default_profile": true, "is_translator": false}, "geo": null, "in_reply_to_user_id_str": "40148207", "lang": "en", "created_at": "Fri Aug 15 17:20:34 +0000 2014", "in_reply_to_status_id_str": "500330482765410304", "place": null}
