{"contributors":null,"truncated":false,"text":"@GrooveSDC @GoddamnedBear Didn't see that one coming. \n\nI bet Michael Brown had marijuana in his system, too.","in_reply_to_status_id":500292202845982720,"id":500331627558739969,"favorite_count":0,"source":"<a href=\"https:\/\/about.twitter.com\/products\/tweetdeck\" rel=\"nofollow\">TweetDeck<\/a>","retweeted":false,"coordinates":null,"entities":{"symbols":[],"user_mentions":[{"id":12004852,"indices":[0,10],"id_str":"12004852","screen_name":"GrooveSDC","name":"GrooveSDC"},{"id":330459560,"indices":[11,25],"id_str":"330459560","screen_name":"GoddamnedBear","name":"Ol' GDB\u2664KillJoy"}],"hashtags":[],"urls":[]},"in_reply_to_screen_name":"GrooveSDC","id_str":"500331627558739969","retweet_count":0,"in_reply_to_user_id":12004852,"favorited":false,"user":{"follow_request_sent":false,"profile_use_background_image":true,"default_profile_image":false,"id":14447220,"profile_background_image_url_https":"https:\/\/pbs.twimg.com\/profile_background_images\/683985679\/370193d7f0a341a7deeaa59cb06aeced.jpeg","verified":false,"profile_text_color":"333333","profile_image_url_https":"https:\/\/pbs.twimg.com\/profile_images\/553444500753100800\/XJiMH80t_normal.jpeg","profile_sidebar_fill_color":"DDFFCC","entities":{"url":{"urls":[{"url":"http:\/\/t.co\/lMYLPLe2wH","indices":[0,22],"expanded_url":"http:\/\/www.lindseymysse.com","display_url":"lindseymysse.com"}]},"description":{"urls":[]}},"followers_count":687,"profile_sidebar_border_color":"FFFFFF","id_str":"14447220","profile_background_color":"FCFCFC","listed_count":35,"is_translation_enabled":false,"utc_offset":-21600,"statuses_count":13939,"description":"I'd rather make trouble than money.","friends_count":368,"location":"San Pedro, CA","profile_link_color":"FF0022","profile_image_url":"http:\/\/pbs.twimg.com\/profile_images\/553444500753100800\/XJiMH80t_normal.jpeg","following":false,"geo_enabled":true,"profile_banner_url":"https:\/\/pbs.twimg.com\/profile_banners\/14447220\/1403904234","profile_background_image_url":"http:\/\/pbs.twimg.com\/profile_background_images\/683985679\/370193d7f0a341a7deeaa59cb06aeced.jpeg","screen_name":"lindseymysse","lang":"en","profile_background_tile":true,"favourites_count":747,"name":"Lindsey Mysse","notifications":false,"url":"http:\/\/t.co\/lMYLPLe2wH","created_at":"Sat Apr 19 22:53:45 +0000 2008","contributors_enabled":false,"time_zone":"Mountain Time (US & Canada)","protected":false,"default_profile":false,"is_translator":false},"geo":null,"in_reply_to_user_id_str":"12004852","lang":"en","created_at":"Fri Aug 15 17:22:10 +0000 2014","in_reply_to_status_id_str":"500292202845982720","place":null}