{"contributors": null, "truncated": false, "text": "Yeah they're dumping the whole bag out on that joint. This is wild @Ryy01", "in_reply_to_status_id": 500332736033202176, "id": 500333020172550144, "favorite_count": 1, "source": "<a href=\"http://twitter.com\" rel=\"nofollow\">Twitter Web Client</a>", "retweeted": false, "coordinates": null, "entities": {"symbols": [], "user_mentions": [{"id": 259953309, "indices": [67, 73], "id_str": "259953309", "screen_name": "Ryy01", "name": "Little Black Dog"}], "hashtags": [], "urls": []}, "in_reply_to_screen_name": "Ryy01", "id_str": "500333020172550144", "retweet_count": 0, "in_reply_to_user_id": 259953309, "favorited": false, "user": {"follow_request_sent": false, "profile_use_background_image": true, "default_profile_image": false, "id": 12004852, "profile_background_image_url_https": "https://pbs.twimg.com/profile_background_images/589734407/tngto5tza0jfopjnhu9o.jpeg", "verified": false, "profile_text_color": "333333", "profile_image_url_https": "https://pbs.twimg.com/profile_images/378800000072340309/c570d8836eb74a3f8cab75fc34a6d6a7_normal.jpeg", "profile_sidebar_fill_color": "DDEEF6", "entities": {"description": {"urls": []}}, "followers_count": 3753, "profile_sidebar_border_color": "C0DEED", "id_str": "12004852", "profile_background_color": "C0DEED", "listed_count": 121, "is_translation_enabled": false, "utc_offset": -14400, "statuses_count": 126020, "description": "If you're always criticizing stuff you don't listen to as opposed to uplifting music you love ... you really can't say you love hip-hop. #SoulfulButNotSoft", "friends_count": 2612, "location": "#LakerGang #Cowboys #Obama", "profile_link_color": "0084B4", "profile_image_url": "http://pbs.twimg.com/profile_images/378800000072340309/c570d8836eb74a3f8cab75fc34a6d6a7_normal.jpeg", "following": false, "geo_enabled": true, "profile_banner_url": "https://pbs.twimg.com/profile_banners/12004852/1371395997", "profile_background_image_url": "http://pbs.twimg.com/profile_background_images/589734407/tngto5tza0jfopjnhu9o.jpeg", "screen_name": "GrooveSDC", "lang": "en", "profile_background_tile": false, "favourites_count": 35171, "name": "GrooveSDC", "notifications": false, "url": null, "created_at": "Tue Jan 08 23:31:12 +0000 2008", "contributors_enabled": false, "time_zone": "Eastern Time (US & Canada)", "protected": false, "default_profile": false, "is_translator": false}, "geo": null, "in_reply_to_user_id_str": "259953309", "lang": "en", "created_at": "Fri Aug 15 17:27:42 +0000 2014", "in_reply_to_status_id_str": "500332736033202176", "place": null}
