{"contributors": null, "truncated": false, "text": "@GrooveSDC Exactly. @Blondetigressnc", "in_reply_to_status_id": 500332170758881280, "id": 500332346626048000, "favorite_count": 0, "source": "<a href=\"http://twitter.com/download/android\" rel=\"nofollow\">Twitter for Android</a>", "retweeted": false, "coordinates": null, "entities": {"symbols": [], "user_mentions": [{"id": 12004852, "indices": [0, 10], "id_str": "12004852", "screen_name": "GrooveSDC", "name": "GrooveSDC"}, {"id": 1342776674, "indices": [20, 36], "id_str": "1342776674", "screen_name": "Blondetigressnc", "name": "Anna(Andrea)Putina "}], "hashtags": [], "urls": []}, "in_reply_to_screen_name": "GrooveSDC", "id_str": "500332346626048000", "retweet_count": 0, "in_reply_to_user_id": 12004852, "favorited": false, "user": {"follow_request_sent": false, "profile_use_background_image": true, "default_profile_image": false, "id": 330459560, "profile_background_image_url_https": "https://pbs.twimg.com/profile_background_images/656804423/fw9j5gqcfnvdc7l08bsg.jpeg", "verified": false, "profile_text_color": "666666", "profile_image_url_https": "https://pbs.twimg.com/profile_images/478312550623633408/W7ltej2m_normal.jpeg", "profile_sidebar_fill_color": "252429", "entities": {"url": {"urls": [{"url": "https://t.co/UVfyl3JFDc", "indices": [0, 23], "expanded_url": "https://www.shakethatbear.com", "display_url": "shakethatbear.com"}]}, "description": {"urls": []}}, "followers_count": 3612, "profile_sidebar_border_color": "FFFFFF", "id_str": "330459560", "profile_background_color": "588A84", "listed_count": 137, "is_translation_enabled": false, "utc_offset": -14400, "statuses_count": 99554, "description": "M1nd0rd1n4nce T3ch 0p3rator///\r\nAvid Student of Dirty Deeds///\r\n#LT6/// No justice, #JustUs///\r\nStructure Shaker/System Breaker\r\nNot a hacker or activist.", "friends_count": 1491, "location": "", "profile_link_color": "838A5E", "profile_image_url": "http://pbs.twimg.com/profile_images/478312550623633408/W7ltej2m_normal.jpeg", "following": false, "geo_enabled": false, "profile_banner_url": "https://pbs.twimg.com/profile_banners/330459560/1368511375", "profile_background_image_url": "http://pbs.twimg.com/profile_background_images/656804423/fw9j5gqcfnvdc7l08bsg.jpeg", "screen_name": "GoddamnedBear", "lang": "en", "profile_background_tile": true, "favourites_count": 11093, "name": "Ol' GDB\u2664KillJoy", "notifications": false, "url": "https://t.co/UVfyl3JFDc", "created_at": "Wed Jul 06 17:10:49 +0000 2011", "contributors_enabled": false, "time_zone": "Eastern Time (US & Canada)", "protected": false, "default_profile": false, "is_translator": false}, "geo": null, "in_reply_to_user_id_str": "12004852", "lang": "en", "created_at": "Fri Aug 15 17:25:01 +0000 2014", "in_reply_to_status_id_str": "500332170758881280", "place": null}
