{"contributors": null, "truncated": false, "text": "@thedahlimmama @eclark1st @GrooveSDC It's true.  Just check Breitbart or Red State.", "in_reply_to_status_id": 500330868607819776, "id": 500330980625108992, "favorite_count": 1, "source": "<a href=\"http://twitter.com\" rel=\"nofollow\">Twitter Web Client</a>", "retweeted": false, "coordinates": null, "entities": {"symbols": [], "user_mentions": [{"id": 100880543, "indices": [0, 14], "id_str": "100880543", "screen_name": "thedahlimmama", "name": "Jackie"}, {"id": 40148207, "indices": [15, 25], "id_str": "40148207", "screen_name": "eclark1st", "name": "Eric V. Clark"}, {"id": 12004852, "indices": [26, 36], "id_str": "12004852", "screen_name": "GrooveSDC", "name": "GrooveSDC"}], "hashtags": [], "urls": []}, "in_reply_to_screen_name": "thedahlimmama", "id_str": "500330980625108992", "retweet_count": 0, "in_reply_to_user_id": 100880543, "favorited": false, "user": {"follow_request_sent": false, "profile_use_background_image": true, "default_profile_image": false, "id": 14731096, "profile_background_image_url_https": "https://pbs.twimg.com/profile_background_images/8833477/V18-261c.jpg", "verified": false, "profile_text_color": "333333", "profile_image_url_https": "https://pbs.twimg.com/profile_images/3193800414/322a3ba8a9dc35ef95d2b886bb9fa343_normal.png", "profile_sidebar_fill_color": "A0C5C7", "entities": {"url": {"urls": [{"url": "http://t.co/Colz5SEo9t", "indices": [0, 22], "expanded_url": "http://isitanygood.biz", "display_url": "isitanygood.biz"}]}, "description": {"urls": []}}, "followers_count": 7380, "profile_sidebar_border_color": "86A4A6", "id_str": "14731096", "profile_background_color": "709397", "listed_count": 186, "is_translation_enabled": false, "utc_offset": -25200, "statuses_count": 52140, "description": "Food Blogger, Part Time Political Consultant, Photographer, Lover of Movies, attempting to write and design for same: #UniteBlue", "friends_count": 7138, "location": "Southern California", "profile_link_color": "FF3300", "profile_image_url": "http://pbs.twimg.com/profile_images/3193800414/322a3ba8a9dc35ef95d2b886bb9fa343_normal.png", "following": false, "geo_enabled": true, "profile_banner_url": "https://pbs.twimg.com/profile_banners/14731096/1355631435", "profile_background_image_url": "http://pbs.twimg.com/profile_background_images/8833477/V18-261c.jpg", "screen_name": "admiralmpj", "lang": "en", "profile_background_tile": false, "favourites_count": 290, "name": "Malcolm Johnson", "notifications": false, "url": "http://t.co/Colz5SEo9t", "created_at": "Sun May 11 05:06:04 +0000 2008", "contributors_enabled": false, "time_zone": "Pacific Time (US & Canada)", "protected": false, "default_profile": false, "is_translator": false}, "geo": null, "in_reply_to_user_id_str": "100880543", "lang": "en", "created_at": "Fri Aug 15 17:19:36 +0000 2014", "in_reply_to_status_id_str": "500330868607819776", "place": null}
