{"contributors":null,"truncated":false,"text":"Michael Brown was suspected of robbing store in #Ferguson before being shot, say police http:\/\/t.co\/KUZQGasFgA http:\/\/t.co\/TjuEVB8z5m","in_reply_to_status_id":null,"id":500311153583853570,"favorite_count":88,"source":"<a href=\"http:\/\/www.socialflow.com\" rel=\"nofollow\">SocialFlow<\/a>","retweeted":false,"coordinates":null,"entities":{"symbols":[],"user_mentions":[],"hashtags":[{"indices":[48,57],"text":"Ferguson"}],"urls":[{"url":"http:\/\/t.co\/KUZQGasFgA","indices":[88,110],"expanded_url":"http:\/\/bbc.in\/1uXxOfo","display_url":"bbc.in\/1uXxOfo"}],"media":[{"expanded_url":"http:\/\/twitter.com\/BBCNewsUS\/status\/500311153583853570\/photo\/1","display_url":"pic.twitter.com\/TjuEVB8z5m","url":"http:\/\/t.co\/TjuEVB8z5m","media_url_https":"https:\/\/pbs.twimg.com\/media\/BvF2V9cIEAA8kbe.jpg","id_str":"500311153256697856","sizes":{"small":{"h":194,"resize":"fit","w":340},"large":{"h":585,"resize":"fit","w":1024},"medium":{"h":343,"resize":"fit","w":600},"thumb":{"h":150,"resize":"crop","w":150}},"indices":[111,133],"type":"photo","id":500311153256697856,"media_url":"http:\/\/pbs.twimg.com\/media\/BvF2V9cIEAA8kbe.jpg"}]},"in_reply_to_screen_name":null,"id_str":"500311153583853570","retweet_count":161,"in_reply_to_user_id":null,"favorited":false,"user":{"follow_request_sent":false,"profile_use_background_image":true,"default_profile_image":false,"id":69329527,"profile_background_image_url_https":"https:\/\/pbs.twimg.com\/profile_background_images\/543566099\/BBCnews_skin_DC__2_.jpg","verified":true,"profile_text_color":"333333","profile_image_url_https":"https:\/\/pbs.twimg.com\/profile_images\/522422547325792259\/35tmiwCA_normal.jpeg","profile_sidebar_fill_color":"878787","entities":{"url":{"urls":[{"url":"http:\/\/t.co\/ugUKv57U1D","indices":[0,22],"expanded_url":"http:\/\/bbc.co.uk\/news","display_url":"bbc.co.uk\/news"}]},"description":{"urls":[{"url":"http:\/\/t.co\/D5IBddsm","indices":[124,144],"expanded_url":"http:\/\/www.facebook.com\/bbcnews","display_url":"facebook.com\/bbcnews"}]}},"followers_count":115083,"profile_sidebar_border_color":"FFFFFF","id_str":"69329527","profile_background_color":"910505","listed_count":2491,"is_translation_enabled":false,"utc_offset":-14400,"statuses_count":24950,"description":"@BBCNewsUS delivers the latest breaking news and feature stories from our staff and correspondents working in North America http:\/\/t.co\/D5IBddsm","friends_count":1873,"location":"Washington DC","profile_link_color":"821313","profile_image_url":"http:\/\/pbs.twimg.com\/profile_images\/522422547325792259\/35tmiwCA_normal.jpeg","following":false,"geo_enabled":false,"profile_banner_url":"https:\/\/pbs.twimg.com\/profile_banners\/69329527\/1377807489","profile_background_image_url":"http:\/\/pbs.twimg.com\/profile_background_images\/543566099\/BBCnews_skin_DC__2_.jpg","screen_name":"BBCNewsUS","lang":"en","profile_background_tile":false,"favourites_count":16,"name":"BBC News US ","notifications":false,"url":"http:\/\/t.co\/ugUKv57U1D","created_at":"Thu Aug 27 16:09:18 +0000 2009","contributors_enabled":false,"time_zone":"Eastern Time (US & Canada)","protected":false,"default_profile":false,"is_translator":false},"geo":null,"in_reply_to_user_id_str":null,"possibly_sensitive":false,"lang":"en","created_at":"Fri Aug 15 16:00:49 +0000 2014","in_reply_to_status_id_str":null,"place":null,"extended_entities":{"media":[{"expanded_url":"http:\/\/twitter.com\/BBCNewsUS\/status\/500311153583853570\/photo\/1","display_url":"pic.twitter.com\/TjuEVB8z5m","url":"http:\/\/t.co\/TjuEVB8z5m","media_url_https":"https:\/\/pbs.twimg.com\/media\/BvF2V9cIEAA8kbe.jpg","id_str":"500311153256697856","sizes":{"small":{"h":194,"resize":"fit","w":340},"large":{"h":585,"resize":"fit","w":1024},"medium":{"h":343,"resize":"fit","w":600},"thumb":{"h":150,"resize":"crop","w":150}},"indices":[111,133],"type":"photo","id":500311153256697856,"media_url":"http:\/\/pbs.twimg.com\/media\/BvF2V9cIEAA8kbe.jpg"}]}}