{"contributors":null,"truncated":false,"text":"And I'm now officially done with @Uber, which is price gouging during AU hostage crisis. What sad sorry clowns. http:\/\/t.co\/OTwTz3E8UM","in_reply_to_status_id":null,"id":544355845489065984,"favorite_count":60,"source":"<a href=\"http:\/\/twitter.com\/download\/iphone\" rel=\"nofollow\">Twitter for iPhone<\/a>","retweeted":false,"coordinates":null,"entities":{"user_mentions":[{"id":19103481,"indices":[33,38],"id_str":"19103481","screen_name":"Uber","name":"Uber"}],"symbols":[],"trends":[],"hashtags":[],"urls":[{"url":"http:\/\/t.co\/OTwTz3E8UM","indices":[112,134],"expanded_url":"http:\/\/mashable.com\/2014\/12\/14\/uber-sydney-surge-pricing\/#:eyJzIjoidCIsImkiOiJfbjZ5ZDJ6Mm1nNHNmdXNndCJ9","display_url":"mashable.com\/2014\/12\/14\/ube\u2026"}]},"in_reply_to_screen_name":null,"id_str":"544355845489065984","retweet_count":121,"in_reply_to_user_id":null,"favorited":false,"user":{"follow_request_sent":null,"profile_use_background_image":true,"default_profile_image":false,"id":22931893,"verified":false,"profile_image_url_https":"https:\/\/pbs.twimg.com\/profile_images\/2895645801\/d556ecf78b6c4483f4d2856836d8a09f_normal.png","profile_sidebar_fill_color":"252429","profile_text_color":"666666","followers_count":32545,"profile_sidebar_border_color":"181A1E","id_str":"22931893","profile_background_color":"1A1B1F","listed_count":1141,"profile_background_image_url_https":"https:\/\/abs.twimg.com\/images\/themes\/theme9\/bg.gif","utc_offset":-18000,"statuses_count":16397,"description":"I teach in @MIT_SciWrite & wrote The Panic Virus, Feeding the Monster & Hard News. Here I am: http:\/\/bit.ly\/fw3Z0t Rock me like a hurricane.","friends_count":1287,"location":"Boston","profile_link_color":"2FC2EF","profile_image_url":"http:\/\/pbs.twimg.com\/profile_images\/2895645801\/d556ecf78b6c4483f4d2856836d8a09f_normal.png","following":null,"geo_enabled":true,"profile_banner_url":"https:\/\/pbs.twimg.com\/profile_banners\/22931893\/1361899673","profile_background_image_url":"http:\/\/abs.twimg.com\/images\/themes\/theme9\/bg.gif","name":"Seth Mnookin","lang":"en","profile_background_tile":false,"favourites_count":260,"screen_name":"sethmnookin","notifications":null,"url":"http:\/\/sethmnookin.com","created_at":"Thu Mar 05 15:31:55 +0000 2009","contributors_enabled":false,"time_zone":"Eastern Time (US & Canada)","protected":false,"default_profile":false,"is_translator":false},"geo":null,"in_reply_to_user_id_str":null,"possibly_sensitive":false,"lang":"en","created_at":"Mon Dec 15 04:58:41 +0000 2014","filter_level":"low","in_reply_to_status_id_str":null,"place":null}