{"contributors":null,"truncated":false,"text":"#BREAKING: Death toll on #Germanwings flight #4U9525 rises to 150 #A320\nhttp:\/\/t.co\/NK5U1GpHxL","in_reply_to_status_id":null,"id":580347961256837120,"favorite_count":8,"source":"<a href=\"https:\/\/about.twitter.com\/products\/tweetdeck\" rel=\"nofollow\">TweetDeck<\/a>","retweeted":false,"coordinates":null,"entities":{"symbols":[],"user_mentions":[],"hashtags":[{"indices":[0,9],"text":"BREAKING"},{"indices":[25,37],"text":"Germanwings"},{"indices":[45,52],"text":"4U9525"},{"indices":[66,71],"text":"A320"}],"urls":[{"url":"http:\/\/t.co\/NK5U1GpHxL","indices":[72,94],"expanded_url":"http:\/\/ind.pn\/1NarJ6V","display_url":"ind.pn\/1NarJ6V"}]},"in_reply_to_screen_name":null,"id_str":"580347961256837120","retweet_count":56,"in_reply_to_user_id":null,"favorited":false,"user":{"follow_request_sent":false,"profile_use_background_image":true,"profile_text_color":"333333","default_profile_image":false,"id":16973333,"profile_background_image_url_https":"https:\/\/pbs.twimg.com\/profile_background_images\/378800000119288704\/4ac964c83462c88837dc1e735aa1a45e.png","verified":true,"profile_location":null,"profile_image_url_https":"https:\/\/pbs.twimg.com\/profile_images\/583628771972018176\/ztJn926g_normal.png","profile_sidebar_fill_color":"FFFFFF","entities":{"url":{"urls":[{"url":"http:\/\/t.co\/GsqzXf7Q10","indices":[0,22],"expanded_url":"http:\/\/www.independent.co.uk","display_url":"independent.co.uk"}]},"description":{"urls":[{"url":"http:\/\/t.co\/WQAUQYNJfd","indices":[126,148],"expanded_url":"http:\/\/ind.pn\/Wdlm9a","display_url":"ind.pn\/Wdlm9a"}]}},"followers_count":1103776,"profile_sidebar_border_color":"FFFFFF","id_str":"16973333","profile_background_color":"EBEBEB","listed_count":12848,"is_translation_enabled":true,"utc_offset":0,"statuses_count":161121,"description":"News, comment and features from The Independent. Also follow: @IndyVoices, \r\n@IndyPolitics, @IndyWorld and our journalists at http:\/\/t.co\/WQAUQYNJfd","friends_count":1758,"location":"London, United Kingdom","profile_link_color":"FC051A","profile_image_url":"http:\/\/pbs.twimg.com\/profile_images\/583628771972018176\/ztJn926g_normal.png","following":false,"geo_enabled":false,"profile_banner_url":"https:\/\/pbs.twimg.com\/profile_banners\/16973333\/1422877613","profile_background_image_url":"http:\/\/pbs.twimg.com\/profile_background_images\/378800000119288704\/4ac964c83462c88837dc1e735aa1a45e.png","name":"The Independent","lang":"en","profile_background_tile":true,"favourites_count":43,"screen_name":"Independent","notifications":false,"url":"http:\/\/t.co\/GsqzXf7Q10","created_at":"Sun Oct 26 00:00:29 +0000 2008","contributors_enabled":false,"time_zone":"London","protected":false,"default_profile":false,"is_translator":false},"geo":null,"in_reply_to_user_id_str":null,"possibly_sensitive":false,"lang":"en","created_at":"Tue Mar 24 12:38:30 +0000 2015","in_reply_to_status_id_str":null,"place":null}