{"contributors": null, "truncated": false, "text": "#Ferguson cops beat man, charged him w/\"property damage\" for bleeding on their uniforms. Then they lied in court. http://t.co/B0DSHrIfA1", "in_reply_to_status_id": null, "id": 500263680026869760, "favorite_count": 120, "source": "<a href=\"http://www.apple.com\" rel=\"nofollow\">iOS</a>", "retweeted": false, "coordinates": null, "entities": {"symbols": [], "user_mentions": [], "hashtags": [{"indices": [0, 9], "text": "Ferguson"}], "urls": [{"url": "http://t.co/B0DSHrIfA1", "indices": [114, 136], "expanded_url": "http://zite.to/1kGF8vf", "display_url": "zite.to/1kGF8vf"}]}, "in_reply_to_screen_name": null, "id_str": "500263680026869760", "retweet_count": 464, "in_reply_to_user_id": null, "favorited": false, "user": {"follow_request_sent": false, "profile_use_background_image": false, "default_profile_image": false, "id": 14997555, "profile_background_image_url_https": "https://abs.twimg.com/images/themes/theme1/bg.png", "verified": false, "profile_text_color": "231F20", "profile_image_url_https": "https://pbs.twimg.com/profile_images/441780138876084224/1y6hcfe2_normal.jpeg", "profile_sidebar_fill_color": "FFFFFF", "entities": {"description": {"urls": []}}, "followers_count": 807, "profile_sidebar_border_color": "85878A", "id_str": "14997555", "profile_background_color": "FFFFFF", "listed_count": 76, "is_translation_enabled": false, "utc_offset": -14400, "statuses_count": 6084, "description": "Museum education, tech, mobile, social justice, community, service learning, civics & cappuccino. Views expressed here are my own.", "friends_count": 716, "location": "\u00dcT: 38.889406,-77.000905", "profile_link_color": "16576F", "profile_image_url": "http://pbs.twimg.com/profile_images/441780138876084224/1y6hcfe2_normal.jpeg", "following": false, "geo_enabled": false, "profile_banner_url": "https://pbs.twimg.com/profile_banners/14997555/1361850129", "profile_background_image_url": "http://abs.twimg.com/images/themes/theme1/bg.png", "screen_name": "dklevan", "lang": "en", "profile_background_tile": false, "favourites_count": 2508, "name": "David Klevan", "notifications": false, "url": null, "created_at": "Tue Jun 03 21:15:10 +0000 2008", "contributors_enabled": false, "time_zone": "Eastern Time (US & Canada)", "protected": false, "default_profile": false, "is_translator": false}, "geo": null, "in_reply_to_user_id_str": null, "possibly_sensitive": false, "lang": "en", "created_at": "Fri Aug 15 12:52:10 +0000 2014", "in_reply_to_status_id_str": null, "place": null}
