{"contributors":null,"truncated":false,"text":"@KMBTweets @dklevan Whatever happened to being \"servants of the public\"? Or \"protect and serve\"?","in_reply_to_status_id":500266226292367360,"id":500268540893474817,"favorite_count":1,"source":"<a href=\"http:\/\/twitter.com\" rel=\"nofollow\">Twitter Web Client<\/a>","retweeted":false,"coordinates":null,"entities":{"symbols":[],"user_mentions":[{"id":166845078,"indices":[0,10],"id_str":"166845078","screen_name":"KMBTweets","name":"Khadijah M. Britton"},{"id":14997555,"indices":[11,19],"id_str":"14997555","screen_name":"dklevan","name":"David Klevan"}],"hashtags":[],"urls":[]},"in_reply_to_screen_name":"KMBTweets","id_str":"500268540893474817","retweet_count":0,"in_reply_to_user_id":166845078,"favorited":false,"user":{"follow_request_sent":false,"profile_use_background_image":true,"default_profile_image":false,"id":74308272,"profile_background_image_url_https":"https:\/\/abs.twimg.com\/images\/themes\/theme1\/bg.png","verified":false,"profile_text_color":"333333","profile_image_url_https":"https:\/\/pbs.twimg.com\/profile_images\/515358900179054592\/LgiAzGVc_normal.jpeg","profile_sidebar_fill_color":"DDEEF6","entities":{"description":{"urls":[]}},"followers_count":24,"profile_sidebar_border_color":"C0DEED","id_str":"74308272","profile_background_color":"C0DEED","listed_count":0,"is_translation_enabled":false,"utc_offset":-25200,"statuses_count":3970,"description":"","friends_count":210,"location":"","profile_link_color":"0084B4","profile_image_url":"http:\/\/pbs.twimg.com\/profile_images\/515358900179054592\/LgiAzGVc_normal.jpeg","following":false,"geo_enabled":true,"profile_background_image_url":"http:\/\/abs.twimg.com\/images\/themes\/theme1\/bg.png","screen_name":"pulsortech93","lang":"en","profile_background_tile":false,"favourites_count":226,"name":"Adam Sherman","notifications":false,"url":null,"created_at":"Tue Sep 15 00:02:12 +0000 2009","contributors_enabled":false,"time_zone":"Pacific Time (US & Canada)","protected":false,"default_profile":true,"is_translator":false},"geo":null,"in_reply_to_user_id_str":"166845078","lang":"en","created_at":"Fri Aug 15 13:11:29 +0000 2014","in_reply_to_status_id_str":"500266226292367360","place":{"full_name":"Paramount, CA","url":"https:\/\/api.twitter.com\/1.1\/geo\/id\/7d2aec133a24b554.json","country":"United States","place_type":"city","bounding_box":{"type":"Polygon","coordinates":[[[-118.188188,33.8798125],[-118.142651,33.8798125],[-118.142651,33.9188118],[-118.188188,33.9188118]]]},"contained_within":[],"country_code":"US","attributes":{},"id":"7d2aec133a24b554","name":"Paramount"}}