{"contributors": null, "truncated": false, "text": "@dklevan @LadyAlthaea omg :(", "in_reply_to_status_id": 500263680026869760, "id": 500288325064736768, "favorite_count": 0, "source": "<a href=\"http://twitter.com/download/iphone\" rel=\"nofollow\">Twitter for iPhone</a>", "retweeted": false, "coordinates": null, "entities": {"symbols": [], "user_mentions": [{"id": 14997555, "indices": [0, 8], "id_str": "14997555", "screen_name": "dklevan", "name": "David Klevan"}, {"id": 206566591, "indices": [9, 21], "id_str": "206566591", "screen_name": "LadyAlthaea", "name": "Lady Althaea"}], "hashtags": [], "urls": []}, "in_reply_to_screen_name": "dklevan", "id_str": "500288325064736768", "retweet_count": 0, "in_reply_to_user_id": 14997555, "favorited": false, "user": {"follow_request_sent": false, "profile_use_background_image": true, "default_profile_image": false, "id": 2576920662, "profile_background_image_url_https": "https://abs.twimg.com/images/themes/theme1/bg.png", "verified": false, "profile_text_color": "333333", "profile_image_url_https": "https://pbs.twimg.com/profile_images/479629518512992256/vuPhZHTZ_normal.jpeg", "profile_sidebar_fill_color": "DDEEF6", "entities": {"description": {"urls": []}}, "followers_count": 67, "profile_sidebar_border_color": "C0DEED", "id_str": "2576920662", "profile_background_color": "C0DEED", "listed_count": 0, "is_translation_enabled": false, "utc_offset": null, "statuses_count": 325, "description": "", "friends_count": 290, "location": "", "profile_link_color": "0084B4", "profile_image_url": "http://pbs.twimg.com/profile_images/479629518512992256/vuPhZHTZ_normal.jpeg", "following": false, "geo_enabled": false, "profile_banner_url": "https://pbs.twimg.com/profile_banners/2576920662/1403187565", "profile_background_image_url": "http://abs.twimg.com/images/themes/theme1/bg.png", "screen_name": "sireniathewitch", "lang": "en", "profile_background_tile": false, "favourites_count": 163, "name": "Sirenia ", "notifications": false, "url": null, "created_at": "Thu Jun 19 14:09:24 +0000 2014", "contributors_enabled": false, "time_zone": null, "protected": false, "default_profile": true, "is_translator": false}, "geo": null, "in_reply_to_user_id_str": "14997555", "lang": "und", "created_at": "Fri Aug 15 14:30:06 +0000 2014", "in_reply_to_status_id_str": "500263680026869760", "place": null}
