{"contributors":null,"truncated":false,"text":"@dklevan that story is crazy and yet completely unsurprising. The cops live as if they are above the law. That's gotta change.","in_reply_to_status_id":500263680026869760,"id":500266226292367360,"favorite_count":0,"source":"<a href=\"http:\/\/twitter.com\/download\/iphone\" rel=\"nofollow\">Twitter for iPhone<\/a>","retweeted":false,"coordinates":null,"entities":{"symbols":[],"user_mentions":[{"id":14997555,"indices":[0,8],"id_str":"14997555","screen_name":"dklevan","name":"David Klevan"}],"hashtags":[],"urls":[]},"in_reply_to_screen_name":"dklevan","id_str":"500266226292367360","retweet_count":0,"in_reply_to_user_id":14997555,"favorited":false,"user":{"follow_request_sent":false,"profile_use_background_image":false,"default_profile_image":false,"id":166845078,"profile_background_image_url_https":"https:\/\/abs.twimg.com\/images\/themes\/theme9\/bg.gif","verified":false,"profile_text_color":"666666","profile_image_url_https":"https:\/\/pbs.twimg.com\/profile_images\/580076155358863360\/l6UrmTCl_normal.jpg","profile_sidebar_fill_color":"252429","entities":{"url":{"urls":[{"url":"http:\/\/t.co\/fmwmsua3ME","indices":[0,22],"expanded_url":"http:\/\/www.beaconreader.com\/khadijah-britton","display_url":"beaconreader.com\/khadijah-britt\u2026"}]},"description":{"urls":[]}},"followers_count":5285,"profile_sidebar_border_color":"FFFFFF","id_str":"166845078","profile_background_color":"FA740D","listed_count":345,"is_translation_enabled":false,"utc_offset":-18000,"statuses_count":98203,"description":"#law - #science - #GMOrealtalk - #environmentaljustice - #hiphoped - #dreamdefenders - @ladybits - access2meds - #mediareform - YOU!","friends_count":5248,"location":"New York City","profile_link_color":"2FC2EF","profile_image_url":"http:\/\/pbs.twimg.com\/profile_images\/580076155358863360\/l6UrmTCl_normal.jpg","following":false,"geo_enabled":false,"profile_banner_url":"https:\/\/pbs.twimg.com\/profile_banners\/166845078\/1408033830","profile_background_image_url":"http:\/\/abs.twimg.com\/images\/themes\/theme9\/bg.gif","screen_name":"KMBTweets","lang":"en","profile_background_tile":false,"favourites_count":5924,"name":"Khadijah M. Britton","notifications":false,"url":"http:\/\/t.co\/fmwmsua3ME","created_at":"Thu Jul 15 03:50:33 +0000 2010","contributors_enabled":false,"time_zone":"Quito","protected":false,"default_profile":false,"is_translator":false},"geo":null,"in_reply_to_user_id_str":"14997555","lang":"en","created_at":"Fri Aug 15 13:02:17 +0000 2014","in_reply_to_status_id_str":"500263680026869760","place":null}