{"contributors": null, "truncated": false, "text": "\u201c@dklevan: #Ferguson cops beat man, chg him w/prop dmg, then lie in court http://t.co/Y95fOmDAqX\u201d Did YOU \u2022WITNESS\u2022 the incident first hand?", "in_reply_to_status_id": 500263680026869760, "id": 500391742081077248, "favorite_count": 0, "source": "<a href=\"http://twitter.com/download/iphone\" rel=\"nofollow\">Twitter for iPhone</a>", "retweeted": false, "coordinates": null, "entities": {"symbols": [], "user_mentions": [{"id": 14997555, "indices": [1, 9], "id_str": "14997555", "screen_name": "dklevan", "name": "David Klevan"}], "hashtags": [{"indices": [11, 20], "text": "Ferguson"}], "urls": [{"url": "http://t.co/Y95fOmDAqX", "indices": [74, 96], "expanded_url": "http://zite.to/1kGF8vf", "display_url": "zite.to/1kGF8vf"}]}, "in_reply_to_screen_name": "dklevan", "id_str": "500391742081077248", "retweet_count": 0, "in_reply_to_user_id": 14997555, "favorited": false, "user": {"follow_request_sent": false, "profile_use_background_image": false, "default_profile_image": false, "id": 35236677, "profile_background_image_url_https": "https://pbs.twimg.com/profile_background_images/498476880790429696/3t7zXlZK.png", "verified": false, "profile_text_color": "9E989D", "profile_image_url_https": "https://pbs.twimg.com/profile_images/499744750618951680/IceNkAO7_normal.jpeg", "profile_sidebar_fill_color": "95BFB5", "entities": {"url": {"urls": [{"url": "http://t.co/al6v4yepQz", "indices": [0, 22], "expanded_url": "http://80zkid.tumblr.com/", "display_url": "80zkid.tumblr.com"}]}, "description": {"urls": []}}, "followers_count": 375, "profile_sidebar_border_color": "BCE8CD", "id_str": "35236677", "profile_background_color": "63050B", "listed_count": 11, "is_translation_enabled": false, "utc_offset": null, "statuses_count": 20978, "description": "Off-road racer | Browncoat for life | \u2764 Deadliest Catch & Castle | Live like there's no tomorrow | Matthew 5:9 |", "friends_count": 76, "location": "Las Vegas, NV ", "profile_link_color": "A51D56", "profile_image_url": "http://pbs.twimg.com/profile_images/499744750618951680/IceNkAO7_normal.jpeg", "following": false, "geo_enabled": true, "profile_banner_url": "https://pbs.twimg.com/profile_banners/35236677/1409008914", "profile_background_image_url": "http://pbs.twimg.com/profile_background_images/498476880790429696/3t7zXlZK.png", "screen_name": "Real702Heat", "lang": "en", "profile_background_tile": true, "favourites_count": 263, "name": "Sheri Aldrich", "notifications": false, "url": "http://t.co/al6v4yepQz", "created_at": "Sat Apr 25 15:35:58 +0000 2009", "contributors_enabled": false, "time_zone": null, "protected": false, "default_profile": false, "is_translator": false}, "geo": null, "in_reply_to_user_id_str": "14997555", "possibly_sensitive": false, "lang": "en", "created_at": "Fri Aug 15 21:21:02 +0000 2014", "in_reply_to_status_id_str": "500263680026869760", "place": null}
