{"contributors": null, "truncated": false, "text": "@dklevan wow. That's ... I don't ... wtf...", "in_reply_to_status_id": 500263680026869760, "id": 500373219111895040, "favorite_count": 0, "source": "<a href=\"https://twitter.com/download/android\" rel=\"nofollow\">Twitter for Android Tablets</a>", "retweeted": false, "coordinates": null, "entities": {"symbols": [], "user_mentions": [{"id": 14997555, "indices": [0, 8], "id_str": "14997555", "screen_name": "dklevan", "name": "David Klevan"}], "hashtags": [], "urls": []}, "in_reply_to_screen_name": "dklevan", "id_str": "500373219111895040", "retweet_count": 0, "in_reply_to_user_id": 14997555, "favorited": false, "user": {"follow_request_sent": false, "profile_use_background_image": true, "default_profile_image": false, "id": 131946337, "profile_background_image_url_https": "https://abs.twimg.com/images/themes/theme1/bg.png", "verified": false, "profile_text_color": "333333", "profile_image_url_https": "https://pbs.twimg.com/profile_images/378800000083627578/2a7a9d36bbec44a0e591876abe6e5b07_normal.jpeg", "profile_sidebar_fill_color": "DDEEF6", "entities": {"description": {"urls": []}}, "followers_count": 65, "profile_sidebar_border_color": "C0DEED", "id_str": "131946337", "profile_background_color": "C0DEED", "listed_count": 0, "is_translation_enabled": false, "utc_offset": 10800, "statuses_count": 318, "description": "Were there sandwiches? If there were, that's probably why I was there.", "friends_count": 175, "location": "Helsinki, Finland", "profile_link_color": "0084B4", "profile_image_url": "http://pbs.twimg.com/profile_images/378800000083627578/2a7a9d36bbec44a0e591876abe6e5b07_normal.jpeg", "following": false, "geo_enabled": false, "profile_background_image_url": "http://abs.twimg.com/images/themes/theme1/bg.png", "screen_name": "CLinza", "lang": "en", "profile_background_tile": false, "favourites_count": 338, "name": "Linza", "notifications": false, "url": null, "created_at": "Sun Apr 11 20:51:36 +0000 2010", "contributors_enabled": false, "time_zone": "Helsinki", "protected": false, "default_profile": true, "is_translator": false}, "geo": null, "in_reply_to_user_id_str": "14997555", "lang": "en", "created_at": "Fri Aug 15 20:07:26 +0000 2014", "in_reply_to_status_id_str": "500263680026869760", "place": null}
