{"contributors":null,"truncated":false,"text":"@dklevan @neilhimself Im not shocked, originally from Detroit cops do what ever they want there.The rest of the world acts like this is new","in_reply_to_status_id":500263680026869760,"id":500374539311013888,"favorite_count":0,"source":"<a href=\"http:\/\/twitter.com\" rel=\"nofollow\">Twitter Web Client<\/a>","retweeted":false,"coordinates":null,"entities":{"symbols":[],"user_mentions":[{"id":14997555,"indices":[0,8],"id_str":"14997555","screen_name":"dklevan","name":"David Klevan"},{"id":18393773,"indices":[9,21],"id_str":"18393773","screen_name":"neilhimself","name":"Neil Gaiman"}],"hashtags":[],"urls":[]},"in_reply_to_screen_name":"dklevan","id_str":"500374539311013888","retweet_count":0,"in_reply_to_user_id":14997555,"favorited":false,"user":{"follow_request_sent":false,"profile_use_background_image":false,"default_profile_image":false,"id":2704830390,"profile_background_image_url_https":"https:\/\/abs.twimg.com\/images\/themes\/theme1\/bg.png","verified":false,"profile_text_color":"000000","profile_image_url_https":"https:\/\/pbs.twimg.com\/profile_images\/581209205958295552\/ZbKzBafA_normal.jpg","profile_sidebar_fill_color":"000000","entities":{"url":{"urls":[{"url":"http:\/\/t.co\/pToPsvHXJv","indices":[0,22],"expanded_url":"http:\/\/whatifhediditbefore.webs.com\/","display_url":"whatifhediditbefore.webs.com"}]},"description":{"urls":[]}},"followers_count":1023,"profile_sidebar_border_color":"000000","id_str":"2704830390","profile_background_color":"000000","listed_count":12,"is_translation_enabled":false,"utc_offset":null,"statuses_count":1460,"description":"Author","friends_count":2005,"location":"","profile_link_color":"A400B3","profile_image_url":"http:\/\/pbs.twimg.com\/profile_images\/581209205958295552\/ZbKzBafA_normal.jpg","following":false,"geo_enabled":false,"profile_banner_url":"https:\/\/pbs.twimg.com\/profile_banners\/2704830390\/1408383042","profile_background_image_url":"http:\/\/abs.twimg.com\/images\/themes\/theme1\/bg.png","screen_name":"AETAYLOR02","lang":"en","profile_background_tile":false,"favourites_count":144,"name":"A.E. Taylor","notifications":false,"url":"http:\/\/t.co\/pToPsvHXJv","created_at":"Sun Aug 03 20:28:35 +0000 2014","contributors_enabled":false,"time_zone":null,"protected":false,"default_profile":false,"is_translator":false},"geo":null,"in_reply_to_user_id_str":"14997555","lang":"en","created_at":"Fri Aug 15 20:12:41 +0000 2014","in_reply_to_status_id_str":"500263680026869760","place":null}