{"contributors":null,"truncated":false,"text":"@dklevan PROPERTY damage...u kidding me?? for ...BLEEDING??? no way!! what is WRONG with people???","in_reply_to_status_id":500263680026869760,"id":500390910065401856,"favorite_count":0,"source":"<a href=\"http:\/\/twitter.com\" rel=\"nofollow\">Twitter Web Client<\/a>","retweeted":false,"coordinates":null,"entities":{"symbols":[],"user_mentions":[{"id":14997555,"indices":[0,8],"id_str":"14997555","screen_name":"dklevan","name":"David Klevan"}],"hashtags":[],"urls":[]},"in_reply_to_screen_name":"dklevan","id_str":"500390910065401856","retweet_count":0,"in_reply_to_user_id":14997555,"favorited":false,"user":{"follow_request_sent":false,"profile_use_background_image":true,"default_profile_image":false,"id":2238437354,"profile_background_image_url_https":"https:\/\/abs.twimg.com\/images\/themes\/theme1\/bg.png","verified":false,"profile_text_color":"333333","profile_image_url_https":"https:\/\/pbs.twimg.com\/profile_images\/573363514586230784\/ZtviCiHJ_normal.png","profile_sidebar_fill_color":"DDEEF6","entities":{"description":{"urls":[]}},"followers_count":389,"profile_sidebar_border_color":"C0DEED","id_str":"2238437354","profile_background_color":"C0DEED","listed_count":1,"is_translation_enabled":false,"utc_offset":null,"statuses_count":6455,"description":"don't FOLLOW me(I'm LOST 2!)  POI fan! Been Caviezeled\/Ridiculous           Everything in EXCESS! (warning;EXPECT typoos)","friends_count":561,"location":"N.O.,La.,USA","profile_link_color":"B300AA","profile_image_url":"http:\/\/pbs.twimg.com\/profile_images\/573363514586230784\/ZtviCiHJ_normal.png","following":false,"geo_enabled":false,"profile_banner_url":"https:\/\/pbs.twimg.com\/profile_banners\/2238437354\/1399413073","profile_background_image_url":"http:\/\/abs.twimg.com\/images\/themes\/theme1\/bg.png","screen_name":"diane2u2010","lang":"en","profile_background_tile":false,"favourites_count":9895,"name":"Diane 2U","notifications":false,"url":null,"created_at":"Tue Dec 10 02:01:35 +0000 2013","contributors_enabled":false,"time_zone":null,"protected":false,"default_profile":false,"is_translator":false},"geo":null,"in_reply_to_user_id_str":"14997555","lang":"en","created_at":"Fri Aug 15 21:17:44 +0000 2014","in_reply_to_status_id_str":"500263680026869760","place":null}