{"contributors":null,"truncated":false,"text":"@dklevan Oh, dear. Getting a shirt dirty is a crime, now? \"Assault on an Officer's apparel,\" I guess. Lives are last? #PrioritiesMessedUp","in_reply_to_status_id":500263680026869760,"id":500372366007226370,"favorite_count":0,"source":"<a href=\"http:\/\/twitter.com\/download\/android\" rel=\"nofollow\">Twitter for Android<\/a>","retweeted":false,"coordinates":null,"entities":{"symbols":[],"user_mentions":[{"id":14997555,"indices":[0,8],"id_str":"14997555","screen_name":"dklevan","name":"David Klevan"}],"hashtags":[{"indices":[118,137],"text":"PrioritiesMessedUp"}],"urls":[]},"in_reply_to_screen_name":"dklevan","id_str":"500372366007226370","retweet_count":0,"in_reply_to_user_id":14997555,"favorited":false,"user":{"follow_request_sent":false,"profile_use_background_image":true,"default_profile_image":false,"id":293665297,"profile_background_image_url_https":"https:\/\/pbs.twimg.com\/profile_background_images\/817354187\/3c924c8a733d898ee6bfe7dd331e68ca.png","verified":false,"profile_text_color":"333333","profile_image_url_https":"https:\/\/pbs.twimg.com\/profile_images\/513962329340653568\/mGuXeQFe_normal.jpeg","profile_sidebar_fill_color":"DDEEF6","entities":{"url":{"urls":[{"url":"http:\/\/t.co\/1tHGPBDVBs","indices":[0,22],"expanded_url":"http:\/\/DarkenedSparrow.deviantart.com","display_url":"DarkenedSparrow.deviantart.com"}]},"description":{"urls":[]}},"followers_count":215,"profile_sidebar_border_color":"FFFFFF","id_str":"293665297","profile_background_color":"1A1B1F","listed_count":4,"is_translation_enabled":false,"utc_offset":null,"statuses_count":982,"description":"Aspiring Cartoonist\/Writer. Currently Writing Two Books. Dealing with severe depression right now. Expect negative tweets.","friends_count":547,"location":"Tempe, Arizona","profile_link_color":"9FB9EB","profile_image_url":"http:\/\/pbs.twimg.com\/profile_images\/513962329340653568\/mGuXeQFe_normal.jpeg","following":false,"geo_enabled":false,"profile_banner_url":"https:\/\/pbs.twimg.com\/profile_banners\/293665297\/1402868613","profile_background_image_url":"http:\/\/pbs.twimg.com\/profile_background_images\/817354187\/3c924c8a733d898ee6bfe7dd331e68ca.png","screen_name":"KaylaAmri","lang":"en","profile_background_tile":false,"favourites_count":1046,"name":"Kayla Riffle","notifications":false,"url":"http:\/\/t.co\/1tHGPBDVBs","created_at":"Thu May 05 19:11:25 +0000 2011","contributors_enabled":false,"time_zone":null,"protected":false,"default_profile":false,"is_translator":false},"geo":null,"in_reply_to_user_id_str":"14997555","lang":"en","created_at":"Fri Aug 15 20:04:03 +0000 2014","in_reply_to_status_id_str":"500263680026869760","place":null}