{"contributors":null,"truncated":false,"text":"@dklevan @neilhimself But the officer didn't have a bad record. Oh, it says they weren't really keeping records...","in_reply_to_status_id":500263680026869760,"id":500377823891427328,"favorite_count":0,"source":"<a href=\"http:\/\/twitter.com\" rel=\"nofollow\">Twitter Web Client<\/a>","retweeted":false,"coordinates":null,"entities":{"symbols":[],"user_mentions":[{"id":14997555,"indices":[0,8],"id_str":"14997555","screen_name":"dklevan","name":"David Klevan"},{"id":18393773,"indices":[9,21],"id_str":"18393773","screen_name":"neilhimself","name":"Neil Gaiman"}],"hashtags":[],"urls":[]},"in_reply_to_screen_name":"dklevan","id_str":"500377823891427328","retweet_count":0,"in_reply_to_user_id":14997555,"favorited":false,"user":{"follow_request_sent":false,"profile_use_background_image":true,"default_profile_image":false,"id":180806060,"profile_background_image_url_https":"https:\/\/abs.twimg.com\/images\/themes\/theme1\/bg.png","verified":false,"profile_text_color":"333333","profile_image_url_https":"https:\/\/pbs.twimg.com\/profile_images\/540353207633858560\/NTw1sgAS_normal.jpeg","profile_sidebar_fill_color":"DDEEF6","entities":{"description":{"urls":[]}},"followers_count":79,"profile_sidebar_border_color":"C0DEED","id_str":"180806060","profile_background_color":"C0DEED","listed_count":3,"is_translation_enabled":false,"utc_offset":null,"statuses_count":18595,"description":"...","friends_count":263,"location":"","profile_link_color":"0084B4","profile_image_url":"http:\/\/pbs.twimg.com\/profile_images\/540353207633858560\/NTw1sgAS_normal.jpeg","following":false,"geo_enabled":false,"profile_background_image_url":"http:\/\/abs.twimg.com\/images\/themes\/theme1\/bg.png","screen_name":"charlescrapo","lang":"en","profile_background_tile":false,"favourites_count":14,"name":"charles crapo","notifications":false,"url":null,"created_at":"Fri Aug 20 14:48:00 +0000 2010","contributors_enabled":false,"time_zone":null,"protected":false,"default_profile":true,"is_translator":false},"geo":null,"in_reply_to_user_id_str":"14997555","lang":"en","created_at":"Fri Aug 15 20:25:44 +0000 2014","in_reply_to_status_id_str":"500263680026869760","place":null}