{"contributors": null, "truncated": false, "text": "@dklevan Thanks, that worked. As for the story, it's grim reading.", "in_reply_to_status_id": 500441951041486848, "id": 500443661784850432, "favorite_count": 0, "source": "<a href=\"http://twitter.com\" rel=\"nofollow\">Twitter Web Client</a>", "retweeted": false, "coordinates": null, "entities": {"symbols": [], "user_mentions": [{"id": 14997555, "indices": [0, 8], "id_str": "14997555", "screen_name": "dklevan", "name": "David Klevan"}], "hashtags": [], "urls": []}, "in_reply_to_screen_name": "dklevan", "id_str": "500443661784850432", "retweet_count": 0, "in_reply_to_user_id": 14997555, "favorited": false, "user": {"follow_request_sent": false, "profile_use_background_image": true, "default_profile_image": false, "id": 15788021, "profile_background_image_url_https": "https://abs.twimg.com/images/themes/theme1/bg.png", "verified": false, "profile_text_color": "333333", "profile_image_url_https": "https://pbs.twimg.com/profile_images/57978751/twitter_normal.jpg", "profile_sidebar_fill_color": "DDEEF6", "entities": {"url": {"urls": [{"url": "http://t.co/mjTGNlsDAT", "indices": [0, 22], "expanded_url": "http://johnckirk.livejournal.com/", "display_url": "johnckirk.livejournal.com"}]}, "description": {"urls": []}}, "followers_count": 77, "profile_sidebar_border_color": "C0DEED", "id_str": "15788021", "profile_background_color": "C0DEED", "listed_count": 4, "is_translation_enabled": false, "utc_offset": 3600, "statuses_count": 2079, "description": "", "friends_count": 117, "location": "", "profile_link_color": "0084B4", "profile_image_url": "http://pbs.twimg.com/profile_images/57978751/twitter_normal.jpg", "following": false, "geo_enabled": true, "profile_background_image_url": "http://abs.twimg.com/images/themes/theme1/bg.png", "screen_name": "johnckirk", "lang": "en", "profile_background_tile": false, "favourites_count": 11, "name": "John Kirk", "notifications": false, "url": "http://t.co/mjTGNlsDAT", "created_at": "Sat Aug 09 10:20:40 +0000 2008", "contributors_enabled": false, "time_zone": "London", "protected": false, "default_profile": true, "is_translator": false}, "geo": null, "in_reply_to_user_id_str": "14997555", "lang": "en", "created_at": "Sat Aug 16 00:47:21 +0000 2014", "in_reply_to_status_id_str": "500441951041486848", "place": null}
