{"contributors": null, "truncated": false, "text": "@dklevan I direct you, sir, to a list of fallacies. http://t.co/6ygSuqVyKv", "in_reply_to_status_id": 500263680026869760, "id": 500403274244427776, "favorite_count": 0, "source": "<a href=\"http://twitter.com/download/android\" rel=\"nofollow\">Twitter for Android</a>", "retweeted": false, "coordinates": null, "entities": {"symbols": [], "user_mentions": [{"id": 14997555, "indices": [0, 8], "id_str": "14997555", "screen_name": "dklevan", "name": "David Klevan"}], "hashtags": [], "urls": [{"url": "http://t.co/6ygSuqVyKv", "indices": [52, 74], "expanded_url": "http://en.m.wikipedia.org/wiki/List_of_fallacies", "display_url": "en.m.wikipedia.org/wiki/List_of_f\u2026"}]}, "in_reply_to_screen_name": "dklevan", "id_str": "500403274244427776", "retweet_count": 0, "in_reply_to_user_id": 14997555, "favorited": false, "user": {"follow_request_sent": false, "profile_use_background_image": true, "default_profile_image": false, "id": 1692470666, "profile_background_image_url_https": "https://abs.twimg.com/images/themes/theme1/bg.png", "verified": false, "profile_text_color": "333333", "profile_image_url_https": "https://pbs.twimg.com/profile_images/378800000342158633/d46cf7a272c26e1e2f33c0ce4c1ac6d1_normal.png", "profile_sidebar_fill_color": "DDEEF6", "entities": {"url": {"urls": [{"url": "http://t.co/gCVdLt1wdG", "indices": [0, 22], "expanded_url": "http://www.clutchcraft.net", "display_url": "clutchcraft.net"}]}, "description": {"urls": []}}, "followers_count": 198, "profile_sidebar_border_color": "C0DEED", "id_str": "1692470666", "profile_background_color": "C0DEED", "listed_count": 0, "is_translation_enabled": false, "utc_offset": null, "statuses_count": 2127, "description": "", "friends_count": 167, "location": "Down the rabbit hole.", "profile_link_color": "0084B4", "profile_image_url": "http://pbs.twimg.com/profile_images/378800000342158633/d46cf7a272c26e1e2f33c0ce4c1ac6d1_normal.png", "following": false, "geo_enabled": false, "profile_banner_url": "https://pbs.twimg.com/profile_banners/1692470666/1378136687", "profile_background_image_url": "http://abs.twimg.com/images/themes/theme1/bg.png", "screen_name": "TmanIgneus", "lang": "en", "profile_background_tile": false, "favourites_count": 30447, "name": "Isaak", "notifications": false, "url": "http://t.co/gCVdLt1wdG", "created_at": "Fri Aug 23 00:43:06 +0000 2013", "contributors_enabled": false, "time_zone": null, "protected": false, "default_profile": true, "is_translator": false}, "geo": null, "in_reply_to_user_id_str": "14997555", "possibly_sensitive": false, "lang": "en", "created_at": "Fri Aug 15 22:06:52 +0000 2014", "in_reply_to_status_id_str": "500263680026869760", "place": null}
