{"contributors": null, "truncated": false, "text": "@dklevan @neilhimself Or in cases where one person is white and the other black and dead. It's Trayvon Martin all over again.", "in_reply_to_status_id": 500441212273590272, "id": 500447971016998912, "favorite_count": 0, "source": "<a href=\"http://twitter.com/download/android\" rel=\"nofollow\">Twitter for Android</a>", "retweeted": false, "coordinates": null, "entities": {"symbols": [], "user_mentions": [{"id": 14997555, "indices": [0, 8], "id_str": "14997555", "screen_name": "dklevan", "name": "David Klevan"}, {"id": 18393773, "indices": [9, 21], "id_str": "18393773", "screen_name": "neilhimself", "name": "Neil Gaiman"}], "hashtags": [], "urls": []}, "in_reply_to_screen_name": "dklevan", "id_str": "500447971016998912", "retweet_count": 0, "in_reply_to_user_id": 14997555, "favorited": false, "user": {"follow_request_sent": false, "profile_use_background_image": true, "default_profile_image": false, "id": 1290122887, "profile_background_image_url_https": "https://abs.twimg.com/images/themes/theme1/bg.png", "verified": false, "profile_text_color": "333333", "profile_image_url_https": "https://pbs.twimg.com/profile_images/3416302344/49397166324006748da75f2a04174232_normal.jpeg", "profile_sidebar_fill_color": "DDEEF6", "entities": {"description": {"urls": []}}, "followers_count": 18, "profile_sidebar_border_color": "C0DEED", "id_str": "1290122887", "profile_background_color": "C0DEED", "listed_count": 0, "is_translation_enabled": false, "utc_offset": null, "statuses_count": 61, "description": "Writer, teacher, professional failure.", "friends_count": 115, "location": "", "profile_link_color": "0084B4", "profile_image_url": "http://pbs.twimg.com/profile_images/3416302344/49397166324006748da75f2a04174232_normal.jpeg", "following": false, "geo_enabled": false, "profile_background_image_url": "http://abs.twimg.com/images/themes/theme1/bg.png", "screen_name": "LilithWntdwn2TN", "lang": "en", "profile_background_tile": false, "favourites_count": 89, "name": "LilithWntdwn2TN", "notifications": false, "url": null, "created_at": "Sat Mar 23 01:33:33 +0000 2013", "contributors_enabled": false, "time_zone": null, "protected": false, "default_profile": true, "is_translator": false}, "geo": null, "in_reply_to_user_id_str": "14997555", "lang": "en", "created_at": "Sat Aug 16 01:04:28 +0000 2014", "in_reply_to_status_id_str": "500441212273590272", "place": null}
