{"contributors": null, "truncated": false, "text": "@johnckirk Does this work any better - http://t.co/ovn9cjj4Kv", "in_reply_to_status_id": 500441640491032576, "id": 500441951041486848, "favorite_count": 0, "source": "<a href=\"http://tapbots.com/tweetbot\" rel=\"nofollow\">Tweetbot for i\u039fS</a>", "retweeted": false, "coordinates": null, "entities": {"symbols": [], "user_mentions": [{"id": 15788021, "indices": [0, 10], "id_str": "15788021", "screen_name": "johnckirk", "name": "John Kirk"}], "hashtags": [], "urls": [{"url": "http://t.co/ovn9cjj4Kv", "indices": [39, 61], "expanded_url": "http://www.thedailybeast.com/articles/2014/08/15/the-day-ferguson-cops-were-caught-in-a-bloody-lie.html", "display_url": "thedailybeast.com/articles/2014/\u2026"}]}, "in_reply_to_screen_name": "johnckirk", "id_str": "500441951041486848", "retweet_count": 0, "in_reply_to_user_id": 15788021, "favorited": false, "user": {"follow_request_sent": false, "profile_use_background_image": false, "default_profile_image": false, "id": 14997555, "profile_background_image_url_https": "https://abs.twimg.com/images/themes/theme1/bg.png", "verified": false, "profile_text_color": "231F20", "profile_image_url_https": "https://pbs.twimg.com/profile_images/441780138876084224/1y6hcfe2_normal.jpeg", "profile_sidebar_fill_color": "FFFFFF", "entities": {"description": {"urls": []}}, "followers_count": 791, "profile_sidebar_border_color": "85878A", "id_str": "14997555", "profile_background_color": "FFFFFF", "listed_count": 76, "is_translation_enabled": false, "utc_offset": -14400, "statuses_count": 5995, "description": "Museum education, tech, mobile, social justice, community, service learning, civics & cappuccino. Views expressed here are my own.", "friends_count": 690, "location": "\u00dcT: 38.889406,-77.000905", "profile_link_color": "16576F", "profile_image_url": "http://pbs.twimg.com/profile_images/441780138876084224/1y6hcfe2_normal.jpeg", "following": false, "geo_enabled": false, "profile_banner_url": "https://pbs.twimg.com/profile_banners/14997555/1361850129", "profile_background_image_url": "http://abs.twimg.com/images/themes/theme1/bg.png", "screen_name": "dklevan", "lang": "en", "profile_background_tile": false, "favourites_count": 2477, "name": "David Klevan", "notifications": false, "url": null, "created_at": "Tue Jun 03 21:15:10 +0000 2008", "contributors_enabled": false, "time_zone": "Eastern Time (US & Canada)", "protected": false, "default_profile": false, "is_translator": false}, "geo": null, "in_reply_to_user_id_str": "15788021", "possibly_sensitive": false, "lang": "en", "created_at": "Sat Aug 16 00:40:33 +0000 2014", "in_reply_to_status_id_str": "500441640491032576", "place": null}
