{"contributors": null, "truncated": false, "text": "@LilithWntdwn2TN @neilhimself I\u2019d expect some civil suits, but in \u201che said, she said\u201d cases, police tend to walk.", "in_reply_to_status_id": 500411599036121089, "id": 500441212273590272, "favorite_count": 0, "source": "<a href=\"http://tapbots.com/tweetbot\" rel=\"nofollow\">Tweetbot for i\u039fS</a>", "retweeted": false, "coordinates": null, "entities": {"symbols": [], "user_mentions": [{"id": 1290122887, "indices": [0, 16], "id_str": "1290122887", "screen_name": "LilithWntdwn2TN", "name": "LilithWntdwn2TN"}, {"id": 18393773, "indices": [17, 29], "id_str": "18393773", "screen_name": "neilhimself", "name": "Neil Gaiman"}], "hashtags": [], "urls": []}, "in_reply_to_screen_name": "LilithWntdwn2TN", "id_str": "500441212273590272", "retweet_count": 0, "in_reply_to_user_id": 1290122887, "favorited": false, "user": {"follow_request_sent": false, "profile_use_background_image": false, "default_profile_image": false, "id": 14997555, "profile_background_image_url_https": "https://abs.twimg.com/images/themes/theme1/bg.png", "verified": false, "profile_text_color": "231F20", "profile_image_url_https": "https://pbs.twimg.com/profile_images/441780138876084224/1y6hcfe2_normal.jpeg", "profile_sidebar_fill_color": "FFFFFF", "entities": {"description": {"urls": []}}, "followers_count": 791, "profile_sidebar_border_color": "85878A", "id_str": "14997555", "profile_background_color": "FFFFFF", "listed_count": 76, "is_translation_enabled": false, "utc_offset": -14400, "statuses_count": 5995, "description": "Museum education, tech, mobile, social justice, community, service learning, civics & cappuccino. Views expressed here are my own.", "friends_count": 690, "location": "\u00dcT: 38.889406,-77.000905", "profile_link_color": "16576F", "profile_image_url": "http://pbs.twimg.com/profile_images/441780138876084224/1y6hcfe2_normal.jpeg", "following": false, "geo_enabled": false, "profile_banner_url": "https://pbs.twimg.com/profile_banners/14997555/1361850129", "profile_background_image_url": "http://abs.twimg.com/images/themes/theme1/bg.png", "screen_name": "dklevan", "lang": "en", "profile_background_tile": false, "favourites_count": 2477, "name": "David Klevan", "notifications": false, "url": null, "created_at": "Tue Jun 03 21:15:10 +0000 2008", "contributors_enabled": false, "time_zone": "Eastern Time (US & Canada)", "protected": false, "default_profile": false, "is_translator": false}, "geo": null, "in_reply_to_user_id_str": "1290122887", "lang": "en", "created_at": "Sat Aug 16 00:37:37 +0000 2014", "in_reply_to_status_id_str": "500411599036121089", "place": null}
