{"contributors": null, "truncated": false, "text": "@dklevan I would like to visit all the us states before I die. Sooo. Guess mo will need to be next decade", "in_reply_to_status_id": 500263680026869760, "id": 502113982413815808, "favorite_count": 0, "source": "<a href=\"http://twitter.com/download/iphone\" rel=\"nofollow\">Twitter for iPhone</a>", "retweeted": false, "coordinates": null, "entities": {"symbols": [], "user_mentions": [{"id": 14997555, "indices": [0, 8], "id_str": "14997555", "screen_name": "dklevan", "name": "David Klevan"}], "hashtags": [], "urls": []}, "in_reply_to_screen_name": "dklevan", "id_str": "502113982413815808", "retweet_count": 0, "in_reply_to_user_id": 14997555, "favorited": false, "user": {"follow_request_sent": false, "profile_use_background_image": true, "default_profile_image": false, "id": 2223010704, "profile_background_image_url_https": "https://abs.twimg.com/images/themes/theme1/bg.png", "verified": false, "profile_text_color": "333333", "profile_image_url_https": "https://pbs.twimg.com/profile_images/499858138431246336/CXleZvcU_normal.jpeg", "profile_sidebar_fill_color": "DDEEF6", "entities": {"url": {"urls": [{"url": "http://t.co/Ddd63pfMuI", "indices": [0, 22], "expanded_url": "http://traceylclark.wordpress.com", "display_url": "traceylclark.wordpress.com"}]}, "description": {"urls": []}}, "followers_count": 177, "profile_sidebar_border_color": "C0DEED", "id_str": "2223010704", "profile_background_color": "C0DEED", "listed_count": 10, "is_translation_enabled": false, "utc_offset": null, "statuses_count": 3531, "description": "a love of writing, painting, and pugs that knows no bounds", "friends_count": 212, "location": "", "profile_link_color": "0084B4", "profile_image_url": "http://pbs.twimg.com/profile_images/499858138431246336/CXleZvcU_normal.jpeg", "following": false, "geo_enabled": false, "profile_banner_url": "https://pbs.twimg.com/profile_banners/2223010704/1386387310", "profile_background_image_url": "http://abs.twimg.com/images/themes/theme1/bg.png", "screen_name": "traceylclark11", "lang": "en", "profile_background_tile": false, "favourites_count": 319, "name": "t.l. clark", "notifications": false, "url": "http://t.co/Ddd63pfMuI", "created_at": "Sat Nov 30 12:22:32 +0000 2013", "contributors_enabled": false, "time_zone": null, "protected": false, "default_profile": true, "is_translator": false}, "geo": null, "in_reply_to_user_id_str": "14997555", "lang": "en", "created_at": "Wed Aug 20 15:24:36 +0000 2014", "in_reply_to_status_id_str": "500263680026869760", "place": null}
