{"contributors":null,"truncated":false,"text":"@TimKofCanberra @abcnews what are they saying?","in_reply_to_status_id":544338116362768384,"id":544339315002990592,"favorite_count":0,"source":"<a href=\"http:\/\/twitter.com\/download\/iphone\" rel=\"nofollow\">Twitter for iPhone<\/a>","retweeted":false,"coordinates":null,"entities":{"symbols":[],"user_mentions":[{"id":407350333,"indices":[0,15],"id_str":"407350333","screen_name":"TimKofCanberra","name":"Tim Kelly"},{"id":2768501,"indices":[16,24],"id_str":"2768501","screen_name":"abcnews","name":"ABC News"}],"hashtags":[],"urls":[]},"in_reply_to_screen_name":"TimKofCanberra","id_str":"544339315002990592","retweet_count":0,"in_reply_to_user_id":407350333,"favorited":false,"user":{"follow_request_sent":false,"profile_use_background_image":true,"profile_text_color":"333333","default_profile_image":false,"id":864927037,"profile_background_image_url_https":"https:\/\/abs.twimg.com\/images\/themes\/theme1\/bg.png","verified":false,"profile_location":null,"profile_image_url_https":"https:\/\/pbs.twimg.com\/profile_images\/584456303738753025\/CODOZee-_normal.jpg","profile_sidebar_fill_color":"DDEEF6","entities":{"description":{"urls":[]}},"followers_count":556,"profile_sidebar_border_color":"C0DEED","id_str":"864927037","profile_background_color":"C0DEED","listed_count":1,"is_translation_enabled":false,"utc_offset":-21600,"statuses_count":9343,"description":"","friends_count":787,"location":"","profile_link_color":"0084B4","profile_image_url":"http:\/\/pbs.twimg.com\/profile_images\/584456303738753025\/CODOZee-_normal.jpg","following":false,"geo_enabled":true,"profile_banner_url":"https:\/\/pbs.twimg.com\/profile_banners\/864927037\/1418523946","profile_background_image_url":"http:\/\/abs.twimg.com\/images\/themes\/theme1\/bg.png","name":"paris","lang":"en","profile_background_tile":false,"favourites_count":3529,"screen_name":"Destinbeach22","notifications":false,"url":null,"created_at":"Sat Oct 06 16:13:57 +0000 2012","contributors_enabled":false,"time_zone":"Central Time (US & Canada)","protected":false,"default_profile":true,"is_translator":false},"geo":null,"in_reply_to_user_id_str":"407350333","lang":"en","created_at":"Mon Dec 15 03:53:00 +0000 2014","in_reply_to_status_id_str":"544338116362768384","place":null}