{"contributors": null, "truncated": false, "text": "@abcnews Me, I would not be standing around in a crowd in Sydney right now. #sydneysiege", "in_reply_to_status_id": 544334939374641152, "id": 544338810574618625, "favorite_count": 1, "source": "<a href=\"http://twitter.com\" rel=\"nofollow\">Twitter Web Client</a>", "retweeted": false, "coordinates": null, "entities": {"symbols": [], "user_mentions": [{"id": 2768501, "indices": [0, 8], "id_str": "2768501", "screen_name": "abcnews", "name": "ABC News"}], "hashtags": [{"indices": [76, 88], "text": "sydneysiege"}], "urls": []}, "in_reply_to_screen_name": "abcnews", "id_str": "544338810574618625", "retweet_count": 1, "in_reply_to_user_id": 2768501, "favorited": false, "user": {"follow_request_sent": false, "profile_use_background_image": true, "profile_text_color": "333333", "default_profile_image": false, "id": 423994870, "profile_background_image_url_https": "https://abs.twimg.com/images/themes/theme1/bg.png", "verified": false, "profile_location": null, "profile_image_url_https": "https://pbs.twimg.com/profile_images/427611039610314752/kmGZ2LlT_normal.jpeg", "profile_sidebar_fill_color": "DDEEF6", "entities": {"description": {"urls": []}}, "followers_count": 26, "profile_sidebar_border_color": "C0DEED", "id_str": "423994870", "profile_background_color": "C0DEED", "listed_count": 0, "is_translation_enabled": false, "utc_offset": -36000, "statuses_count": 2053, "description": "Some time humanitarian aid worker, tango dancer, proud and loving grand father.", "friends_count": 76, "location": "Melbourne via Juba Sth Sudan ", "profile_link_color": "0084B4", "profile_image_url": "http://pbs.twimg.com/profile_images/427611039610314752/kmGZ2LlT_normal.jpeg", "following": false, "geo_enabled": true, "profile_background_image_url": "http://abs.twimg.com/images/themes/theme1/bg.png", "name": "terry lancashire", "lang": "en", "profile_background_tile": false, "favourites_count": 124, "screen_name": "terrylancashire", "notifications": false, "url": null, "created_at": "Tue Nov 29 05:43:48 +0000 2011", "contributors_enabled": false, "time_zone": "Hawaii", "protected": false, "default_profile": true, "is_translator": false}, "geo": null, "in_reply_to_user_id_str": "2768501", "lang": "en", "created_at": "Mon Dec 15 03:51:00 +0000 2014", "in_reply_to_status_id_str": "544334939374641152", "place": null}
