{"contributors":null,"truncated":false,"text":"@kathyrice15 @abcnews No idea.  Not a listener.","in_reply_to_status_id":544339315002990592,"id":544342181893246976,"favorite_count":1,"source":"<a href=\"http:\/\/twitter.com\" rel=\"nofollow\">Twitter Web Client<\/a>","retweeted":false,"coordinates":null,"entities":{"symbols":[],"user_mentions":[{"id":2768501,"indices":[13,21],"id_str":"2768501","screen_name":"abcnews","name":"ABC News"}],"hashtags":[],"urls":[]},"in_reply_to_screen_name":"Destinbeach22","id_str":"544342181893246976","retweet_count":0,"in_reply_to_user_id":864927037,"favorited":false,"user":{"follow_request_sent":false,"profile_use_background_image":true,"profile_text_color":"333333","default_profile_image":false,"id":407350333,"profile_background_image_url_https":"https:\/\/abs.twimg.com\/images\/themes\/theme1\/bg.png","verified":false,"profile_location":null,"profile_image_url_https":"https:\/\/pbs.twimg.com\/profile_images\/580527663242194948\/BkxEHDAp_normal.jpg","profile_sidebar_fill_color":"DDEEF6","entities":{"description":{"urls":[]}},"followers_count":88,"profile_sidebar_border_color":"C0DEED","id_str":"407350333","profile_background_color":"C0DEED","listed_count":2,"is_translation_enabled":false,"utc_offset":39600,"statuses_count":3534,"description":"Fixed Income Portfolio Manager at Australian Ethical.  Also: Husband, Father, Gamer, disillusioned former Australian Democrat.  All views expressed are my own.","friends_count":246,"location":"Gungahlin, Australia","profile_link_color":"0084B4","profile_image_url":"http:\/\/pbs.twimg.com\/profile_images\/580527663242194948\/BkxEHDAp_normal.jpg","following":false,"geo_enabled":true,"profile_banner_url":"https:\/\/pbs.twimg.com\/profile_banners\/407350333\/1418167600","profile_background_image_url":"http:\/\/abs.twimg.com\/images\/themes\/theme1\/bg.png","name":"Tim Kelly","lang":"en","profile_background_tile":false,"favourites_count":1074,"screen_name":"TimKofCanberra","notifications":false,"url":null,"created_at":"Mon Nov 07 23:46:13 +0000 2011","contributors_enabled":false,"time_zone":"New Caledonia","protected":false,"default_profile":true,"is_translator":false},"geo":null,"in_reply_to_user_id_str":"864927037","lang":"en","created_at":"Mon Dec 15 04:04:24 +0000 2014","in_reply_to_status_id_str":"544339315002990592","place":null}