{"contributors": null, "truncated": false, "text": "@abcnews oh...no....please save those hostages ....", "in_reply_to_status_id": 544334939374641152, "id": 544335545464127488, "favorite_count": 0, "source": "<a href=\"http://twitter.com/#!/download/ipad\" rel=\"nofollow\">Twitter for iPad</a>", "retweeted": false, "coordinates": null, "entities": {"symbols": [], "user_mentions": [{"id": 2768501, "indices": [0, 8], "id_str": "2768501", "screen_name": "abcnews", "name": "ABC News"}], "hashtags": [], "urls": []}, "in_reply_to_screen_name": "abcnews", "id_str": "544335545464127488", "retweet_count": 0, "in_reply_to_user_id": 2768501, "favorited": false, "user": {"follow_request_sent": false, "profile_use_background_image": true, "profile_text_color": "333333", "default_profile_image": false, "id": 2234329771, "profile_background_image_url_https": "https://abs.twimg.com/images/themes/theme1/bg.png", "verified": false, "profile_location": null, "profile_image_url_https": "https://pbs.twimg.com/profile_images/529971406839099392/GFuH8RqI_normal.jpeg", "profile_sidebar_fill_color": "DDEEF6", "entities": {"description": {"urls": []}}, "followers_count": 5, "profile_sidebar_border_color": "C0DEED", "id_str": "2234329771", "profile_background_color": "C0DEED", "listed_count": 0, "is_translation_enabled": false, "utc_offset": null, "statuses_count": 109, "description": "", "friends_count": 37, "location": "sydney", "profile_link_color": "0084B4", "profile_image_url": "http://pbs.twimg.com/profile_images/529971406839099392/GFuH8RqI_normal.jpeg", "following": false, "geo_enabled": false, "profile_banner_url": "https://pbs.twimg.com/profile_banners/2234329771/1415190006", "profile_background_image_url": "http://abs.twimg.com/images/themes/theme1/bg.png", "name": "kit siew", "lang": "en-gb", "profile_background_tile": false, "favourites_count": 99, "screen_name": "pengkitsiew", "notifications": false, "url": null, "created_at": "Sat Dec 07 10:52:49 +0000 2013", "contributors_enabled": false, "time_zone": null, "protected": false, "default_profile": true, "is_translator": false}, "geo": null, "in_reply_to_user_id_str": "2768501", "lang": "en", "created_at": "Mon Dec 15 03:38:01 +0000 2014", "in_reply_to_status_id_str": "544334939374641152", "place": null}
