{"contributors": null, "truncated": false, "text": "@abcnews @abcnewsSydney Seriously people follow directions and evacuate the area. That include dumbass spectators. Give the authorities room", "in_reply_to_status_id": 544334939374641152, "id": 544339518959009792, "favorite_count": 0, "source": "<a href=\"http://twitter.com/download/iphone\" rel=\"nofollow\">Twitter for iPhone</a>", "retweeted": false, "coordinates": null, "entities": {"symbols": [], "user_mentions": [{"id": 2768501, "indices": [0, 8], "id_str": "2768501", "screen_name": "abcnews", "name": "ABC News"}, {"id": 16215478, "indices": [9, 23], "id_str": "16215478", "screen_name": "abcnewsSydney", "name": "ABC News Sydney"}], "hashtags": [], "urls": []}, "in_reply_to_screen_name": "abcnews", "id_str": "544339518959009792", "retweet_count": 0, "in_reply_to_user_id": 2768501, "favorited": false, "user": {"follow_request_sent": false, "profile_use_background_image": true, "profile_text_color": "333333", "default_profile_image": false, "id": 1616213659, "profile_background_image_url_https": "https://abs.twimg.com/images/themes/theme1/bg.png", "verified": false, "profile_location": null, "profile_image_url_https": "https://pbs.twimg.com/profile_images/378800000177774361/e6e09e5d811d5a31d5f684cd713206d5_normal.jpeg", "profile_sidebar_fill_color": "DDEEF6", "entities": {"description": {"urls": []}}, "followers_count": 109, "profile_sidebar_border_color": "C0DEED", "id_str": "1616213659", "profile_background_color": "C0DEED", "listed_count": 6, "is_translation_enabled": false, "utc_offset": 39600, "statuses_count": 798, "description": "Husband, Father of three boys, Son of a Veteran, Business Manager at McCarthy Catholic College, Emu Plains, Team Leader - NSW SES Blacktown Unit.", "friends_count": 547, "location": "Sydney, Australia", "profile_link_color": "0084B4", "profile_image_url": "http://pbs.twimg.com/profile_images/378800000177774361/e6e09e5d811d5a31d5f684cd713206d5_normal.jpeg", "following": false, "geo_enabled": false, "profile_banner_url": "https://pbs.twimg.com/profile_banners/1616213659/1378461517", "profile_background_image_url": "http://abs.twimg.com/images/themes/theme1/bg.png", "name": "Sean McNally", "lang": "en", "profile_background_tile": false, "favourites_count": 1215, "screen_name": "SeanMcNally12", "notifications": false, "url": null, "created_at": "Tue Jul 23 21:56:00 +0000 2013", "contributors_enabled": false, "time_zone": "Sydney", "protected": false, "default_profile": true, "is_translator": false}, "geo": null, "in_reply_to_user_id_str": "2768501", "lang": "en", "created_at": "Mon Dec 15 03:53:49 +0000 2014", "in_reply_to_status_id_str": "544334939374641152", "place": null}
