{"contributors": null, "truncated": false, "text": "Thanks @abcnews for pic of Martin place. It shows how #sydneysiege is crowded with onlookers. In real war places like Syria crowds scatter..", "in_reply_to_status_id": 544334939374641152, "id": 544339989295665152, "favorite_count": 0, "source": "<a href=\"http://twitter.com\" rel=\"nofollow\">Twitter Web Client</a>", "retweeted": false, "coordinates": null, "entities": {"symbols": [], "user_mentions": [{"id": 2768501, "indices": [7, 15], "id_str": "2768501", "screen_name": "abcnews", "name": "ABC News"}], "hashtags": [{"indices": [54, 66], "text": "sydneysiege"}], "urls": []}, "in_reply_to_screen_name": "abcnews", "id_str": "544339989295665152", "retweet_count": 0, "in_reply_to_user_id": 2768501, "favorited": false, "user": {"follow_request_sent": false, "profile_use_background_image": true, "profile_text_color": "333333", "default_profile_image": false, "id": 18328908, "profile_background_image_url_https": "https://pbs.twimg.com/profile_background_images/378800000175197961/XwAurlnb.jpeg", "verified": false, "profile_location": null, "profile_image_url_https": "https://pbs.twimg.com/profile_images/83813860/WebLogoSquare_normal.jpg", "profile_sidebar_fill_color": "DDEEF6", "entities": {"url": {"urls": [{"url": "http://t.co/xRFLabhbMB", "indices": [0, 22], "expanded_url": "http://about.me/lubosh", "display_url": "about.me/lubosh"}]}, "description": {"urls": []}}, "followers_count": 52, "profile_sidebar_border_color": "FFFFFF", "id_str": "18328908", "profile_background_color": "DBE9ED", "listed_count": 2, "is_translation_enabled": false, "utc_offset": 39600, "statuses_count": 2391, "description": "Need a new business partner... ever wanted to have a job you love ?", "friends_count": 77, "location": "528 Guinea St Albury NSW 2640", "profile_link_color": "C93868", "profile_image_url": "http://pbs.twimg.com/profile_images/83813860/WebLogoSquare_normal.jpg", "following": false, "geo_enabled": true, "profile_banner_url": "https://pbs.twimg.com/profile_banners/18328908/1390638212", "profile_background_image_url": "http://pbs.twimg.com/profile_background_images/378800000175197961/XwAurlnb.jpeg", "name": "icecreamguru", "lang": "en", "profile_background_tile": false, "favourites_count": 1, "screen_name": "icecreamguru", "notifications": false, "url": "http://t.co/xRFLabhbMB", "created_at": "Tue Dec 23 07:24:53 +0000 2008", "contributors_enabled": false, "time_zone": "Melbourne", "protected": false, "default_profile": false, "is_translator": false}, "geo": null, "in_reply_to_user_id_str": "2768501", "lang": "en", "created_at": "Mon Dec 15 03:55:41 +0000 2014", "in_reply_to_status_id_str": "544334939374641152", "place": null}
