{"contributors":null,"truncated":false,"text":"MT @abcnews: Martin Place, Sydney Opera House &amp; State Library evacuated due to #sydneysiege \nhttp:\/\/t.co\/05aFiwRE9v http:\/\/t.co\/fyfKtWS7jq","in_reply_to_status_id":544334939374641152,"id":544338414397440002,"favorite_count":0,"source":"<a href=\"http:\/\/twitter.com\/#!\/download\/ipad\" rel=\"nofollow\">Twitter for iPad<\/a>","retweeted":false,"coordinates":null,"entities":{"symbols":[],"user_mentions":[{"id":2768501,"indices":[3,11],"id_str":"2768501","screen_name":"abcnews","name":"ABC News"}],"hashtags":[{"indices":[83,95],"text":"sydneysiege"}],"urls":[{"url":"http:\/\/t.co\/05aFiwRE9v","indices":[97,119],"expanded_url":"http:\/\/ab.co\/1DyBfBa","display_url":"ab.co\/1DyBfBa"}],"media":[{"source_user_id":2768501,"source_status_id_str":"544334939374641152","expanded_url":"http:\/\/twitter.com\/abcnews\/status\/544334939374641152\/photo\/1","display_url":"pic.twitter.com\/fyfKtWS7jq","url":"http:\/\/t.co\/fyfKtWS7jq","media_url_https":"https:\/\/pbs.twimg.com\/media\/B43diffCIAAR27O.jpg","source_user_id_str":"2768501","source_status_id":544334939374641152,"id_str":"544334714618650624","sizes":{"small":{"h":226,"resize":"fit","w":340},"large":{"h":682,"resize":"fit","w":1023},"medium":{"h":400,"resize":"fit","w":600},"thumb":{"h":150,"resize":"crop","w":150}},"indices":[120,142],"type":"photo","id":544334714618650624,"media_url":"http:\/\/pbs.twimg.com\/media\/B43diffCIAAR27O.jpg"}]},"in_reply_to_screen_name":"abcnews","id_str":"544338414397440002","retweet_count":1,"in_reply_to_user_id":2768501,"favorited":false,"user":{"follow_request_sent":false,"profile_use_background_image":true,"profile_text_color":"333333","default_profile_image":false,"id":194758773,"profile_background_image_url_https":"https:\/\/pbs.twimg.com\/profile_background_images\/378800000115746959\/70745dc742d893c675e658b1cdcf4b75.jpeg","verified":false,"profile_location":null,"profile_image_url_https":"https:\/\/pbs.twimg.com\/profile_images\/551190282515931136\/rTB64w8j_normal.jpeg","profile_sidebar_fill_color":"C0DFEC","entities":{"description":{"urls":[]}},"followers_count":1216,"profile_sidebar_border_color":"FFFFFF","id_str":"194758773","profile_background_color":"022330","listed_count":55,"is_translation_enabled":false,"utc_offset":39600,"statuses_count":12506,"description":"Asia, books, music - sempre coloratura. Journalist, ABC alumnus. Layered like kueh lapis, and just as moreish.","friends_count":842,"location":"Melbourne","profile_link_color":"0084B4","profile_image_url":"http:\/\/pbs.twimg.com\/profile_images\/551190282515931136\/rTB64w8j_normal.jpeg","following":false,"geo_enabled":false,"profile_banner_url":"https:\/\/pbs.twimg.com\/profile_banners\/194758773\/1417409792","profile_background_image_url":"http:\/\/pbs.twimg.com\/profile_background_images\/378800000115746959\/70745dc742d893c675e658b1cdcf4b75.jpeg","name":"S","lang":"en","profile_background_tile":true,"favourites_count":105,"screen_name":"SLamEsq","notifications":false,"url":null,"created_at":"Fri Sep 24 23:00:33 +0000 2010","contributors_enabled":false,"time_zone":"Melbourne","protected":false,"default_profile":false,"is_translator":false},"geo":null,"in_reply_to_user_id_str":"2768501","possibly_sensitive":false,"lang":"en","created_at":"Mon Dec 15 03:49:25 +0000 2014","in_reply_to_status_id_str":"544334939374641152","place":null,"extended_entities":{"media":[{"source_user_id":2768501,"source_status_id_str":"544334939374641152","expanded_url":"http:\/\/twitter.com\/abcnews\/status\/544334939374641152\/photo\/1","display_url":"pic.twitter.com\/fyfKtWS7jq","url":"http:\/\/t.co\/fyfKtWS7jq","media_url_https":"https:\/\/pbs.twimg.com\/media\/B43diffCIAAR27O.jpg","source_user_id_str":"2768501","source_status_id":544334939374641152,"id_str":"544334714618650624","sizes":{"small":{"h":226,"resize":"fit","w":340},"large":{"h":682,"resize":"fit","w":1023},"medium":{"h":400,"resize":"fit","w":600},"thumb":{"h":150,"resize":"crop","w":150}},"indices":[120,142],"type":"photo","id":544334714618650624,"media_url":"http:\/\/pbs.twimg.com\/media\/B43diffCIAAR27O.jpg"}]}}