{"contributors":null,"truncated":false,"text":"\u201c@abcnews: Martin Place, Sydney Opera House &amp; State Library evacuated due to  @LJCambria \nhttp:\/\/t.co\/DxeH92kVRE http:\/\/t.co\/LGIgdZVYQm\u201d","in_reply_to_status_id":544334939374641152,"id":544345381992005633,"favorite_count":0,"source":"<a href=\"http:\/\/twitter.com\/download\/iphone\" rel=\"nofollow\">Twitter for iPhone<\/a>","retweeted":false,"coordinates":null,"entities":{"symbols":[],"user_mentions":[{"id":2768501,"indices":[1,9],"id_str":"2768501","screen_name":"abcnews","name":"ABC News"},{"id":529555835,"indices":[82,92],"id_str":"529555835","screen_name":"LJCambria","name":" #Just LJ"}],"hashtags":[],"urls":[{"url":"http:\/\/t.co\/DxeH92kVRE","indices":[94,116],"expanded_url":"http:\/\/ab.co\/1DyBfBa","display_url":"ab.co\/1DyBfBa"}],"media":[{"source_user_id":2768501,"source_status_id_str":"544334939374641152","expanded_url":"http:\/\/twitter.com\/abcnews\/status\/544334939374641152\/photo\/1","display_url":"pic.twitter.com\/LGIgdZVYQm","url":"http:\/\/t.co\/LGIgdZVYQm","media_url_https":"https:\/\/pbs.twimg.com\/media\/B43diffCIAAR27O.jpg","source_user_id_str":"2768501","source_status_id":544334939374641152,"id_str":"544334714618650624","sizes":{"small":{"h":226,"resize":"fit","w":340},"large":{"h":682,"resize":"fit","w":1023},"medium":{"h":400,"resize":"fit","w":600},"thumb":{"h":150,"resize":"crop","w":150}},"indices":[117,139],"type":"photo","id":544334714618650624,"media_url":"http:\/\/pbs.twimg.com\/media\/B43diffCIAAR27O.jpg"}]},"in_reply_to_screen_name":"abcnews","id_str":"544345381992005633","retweet_count":1,"in_reply_to_user_id":2768501,"favorited":false,"user":{"follow_request_sent":false,"profile_use_background_image":true,"profile_text_color":"7AC3EE","default_profile_image":false,"id":23712477,"profile_background_image_url_https":"https:\/\/pbs.twimg.com\/profile_background_images\/378800000036980444\/32b9e526201076b6449446cab91fc409.jpeg","verified":false,"profile_location":null,"profile_image_url_https":"https:\/\/pbs.twimg.com\/profile_images\/555382385194172416\/2e7-I2lL_normal.jpeg","profile_sidebar_fill_color":"C880FA","entities":{"url":{"urls":[{"url":"http:\/\/t.co\/C8gVQISarh","indices":[0,22],"expanded_url":"http:\/\/alilyartist.com","display_url":"alilyartist.com"}]},"description":{"urls":[]}},"followers_count":819,"profile_sidebar_border_color":"FFFFFF","id_str":"23712477","profile_background_color":"C1C4D1","listed_count":20,"is_translation_enabled":false,"utc_offset":28800,"statuses_count":22312,"description":"Mother of 4, grandmother of 1, works in Pathology, conservative politics, Artist, photography - Am Yisrael Chai","friends_count":2000,"location":"Perth Western Australia","profile_link_color":"284536","profile_image_url":"http:\/\/pbs.twimg.com\/profile_images\/555382385194172416\/2e7-I2lL_normal.jpeg","following":false,"geo_enabled":false,"profile_banner_url":"https:\/\/pbs.twimg.com\/profile_banners\/23712477\/1406981861","profile_background_image_url":"http:\/\/pbs.twimg.com\/profile_background_images\/378800000036980444\/32b9e526201076b6449446cab91fc409.jpeg","name":"Alixandria Key \u2721","lang":"en","profile_background_tile":true,"favourites_count":16293,"screen_name":"alixsk28","notifications":false,"url":"http:\/\/t.co\/C8gVQISarh","created_at":"Wed Mar 11 03:04:59 +0000 2009","contributors_enabled":false,"time_zone":"Perth","protected":false,"default_profile":false,"is_translator":false},"geo":null,"in_reply_to_user_id_str":"2768501","possibly_sensitive":false,"lang":"en","created_at":"Mon Dec 15 04:17:07 +0000 2014","in_reply_to_status_id_str":"544334939374641152","place":null,"extended_entities":{"media":[{"source_user_id":2768501,"source_status_id_str":"544334939374641152","expanded_url":"http:\/\/twitter.com\/abcnews\/status\/544334939374641152\/photo\/1","display_url":"pic.twitter.com\/LGIgdZVYQm","url":"http:\/\/t.co\/LGIgdZVYQm","media_url_https":"https:\/\/pbs.twimg.com\/media\/B43diffCIAAR27O.jpg","source_user_id_str":"2768501","source_status_id":544334939374641152,"id_str":"544334714618650624","sizes":{"small":{"h":226,"resize":"fit","w":340},"large":{"h":682,"resize":"fit","w":1023},"medium":{"h":400,"resize":"fit","w":600},"thumb":{"h":150,"resize":"crop","w":150}},"indices":[117,139],"type":"photo","id":544334714618650624,"media_url":"http:\/\/pbs.twimg.com\/media\/B43diffCIAAR27O.jpg"}]}}