{"contributors": null, "truncated": false, "text": "@abcnews look at the Vultures, how about leaving the police to do their job and stop giving that moron his \"Fame\" #MoveAlongFools", "in_reply_to_status_id": 544334939374641152, "id": 544337908182695936, "favorite_count": 1, "source": "<a href=\"http://twitter.com/download/iphone\" rel=\"nofollow\">Twitter for iPhone</a>", "retweeted": false, "coordinates": null, "entities": {"symbols": [], "user_mentions": [{"id": 2768501, "indices": [0, 8], "id_str": "2768501", "screen_name": "abcnews", "name": "ABC News"}], "hashtags": [{"indices": [114, 129], "text": "MoveAlongFools"}], "urls": []}, "in_reply_to_screen_name": "abcnews", "id_str": "544337908182695936", "retweet_count": 0, "in_reply_to_user_id": 2768501, "favorited": false, "user": {"follow_request_sent": false, "profile_use_background_image": true, "profile_text_color": "666666", "default_profile_image": false, "id": 25478590, "profile_background_image_url_https": "https://abs.twimg.com/images/themes/theme9/bg.gif", "verified": false, "profile_location": null, "profile_image_url_https": "https://pbs.twimg.com/profile_images/480277441680654336/PJppTfpW_normal.jpeg", "profile_sidebar_fill_color": "252429", "entities": {"description": {"urls": []}}, "followers_count": 128, "profile_sidebar_border_color": "181A1E", "id_str": "25478590", "profile_background_color": "1A1B1F", "listed_count": 0, "is_translation_enabled": false, "utc_offset": 39600, "statuses_count": 1660, "description": "Living on the darkside with plenty of laughs. #Sithlife.#Unbeleiver  if you need to label me. In reality I'm Just Matthew.", "friends_count": 520, "location": "Van Diemens Land / Tasmania", "profile_link_color": "2FC2EF", "profile_image_url": "http://pbs.twimg.com/profile_images/480277441680654336/PJppTfpW_normal.jpeg", "following": false, "geo_enabled": true, "profile_banner_url": "https://pbs.twimg.com/profile_banners/25478590/1403341979", "profile_background_image_url": "http://abs.twimg.com/images/themes/theme9/bg.gif", "name": "The Official Matthew", "lang": "en", "profile_background_tile": false, "favourites_count": 1339, "screen_name": "garagepanda", "notifications": false, "url": null, "created_at": "Fri Mar 20 08:21:23 +0000 2009", "contributors_enabled": false, "time_zone": "Hobart", "protected": false, "default_profile": false, "is_translator": false}, "geo": null, "in_reply_to_user_id_str": "2768501", "lang": "en", "created_at": "Mon Dec 15 03:47:25 +0000 2014", "in_reply_to_status_id_str": "544334939374641152", "place": null}
