{"contributors":null,"truncated":false,"text":"@abcnews should all people give hand to Kurdish Peshmarga to finish of ISIS \nLong live Australia &amp; long live Kurdistan free","in_reply_to_status_id":544334939374641152,"id":544345485733920768,"favorite_count":0,"source":"<a href=\"http:\/\/twitter.com\/download\/iphone\" rel=\"nofollow\">Twitter for iPhone<\/a>","retweeted":false,"coordinates":null,"entities":{"symbols":[],"user_mentions":[{"id":2768501,"indices":[0,8],"id_str":"2768501","screen_name":"abcnews","name":"ABC News"}],"hashtags":[],"urls":[]},"in_reply_to_screen_name":"abcnews","id_str":"544345485733920768","retweet_count":0,"in_reply_to_user_id":2768501,"favorited":false,"user":{"follow_request_sent":false,"profile_use_background_image":true,"profile_text_color":"333333","default_profile_image":false,"id":2177982396,"profile_background_image_url_https":"https:\/\/abs.twimg.com\/images\/themes\/theme1\/bg.png","verified":false,"profile_location":null,"profile_image_url_https":"https:\/\/pbs.twimg.com\/profile_images\/584703401750966272\/YXV9IM25_normal.jpg","profile_sidebar_fill_color":"DDEEF6","entities":{"description":{"urls":[]}},"followers_count":43,"profile_sidebar_border_color":"C0DEED","id_str":"2177982396","profile_background_color":"C0DEED","listed_count":0,"is_translation_enabled":false,"utc_offset":null,"statuses_count":1025,"description":"","friends_count":101,"location":"Australia ","profile_link_color":"0084B4","profile_image_url":"http:\/\/pbs.twimg.com\/profile_images\/584703401750966272\/YXV9IM25_normal.jpg","following":false,"geo_enabled":true,"profile_banner_url":"https:\/\/pbs.twimg.com\/profile_banners\/2177982396\/1417935235","profile_background_image_url":"http:\/\/abs.twimg.com\/images\/themes\/theme1\/bg.png","name":"\u0643\u0627\u0648\u0627\u0631 \u0628\u0631\u0648\u0627\u0631\u064a ","lang":"ar","profile_background_tile":false,"favourites_count":76,"screen_name":"kawarsadeeq","notifications":false,"url":null,"created_at":"Wed Nov 06 12:32:57 +0000 2013","contributors_enabled":false,"time_zone":null,"protected":false,"default_profile":true,"is_translator":false},"geo":null,"in_reply_to_user_id_str":"2768501","lang":"en","created_at":"Mon Dec 15 04:17:31 +0000 2014","in_reply_to_status_id_str":"544334939374641152","place":null}