{"contributors":null,"truncated":false,"text":"@alixsk28 @abcnews and expect more of this now that Ozero has given the green light.","in_reply_to_status_id":544345381992005633,"id":544448130012676096,"favorite_count":0,"source":"<a href=\"http:\/\/twitter.com\" rel=\"nofollow\">Twitter Web Client<\/a>","retweeted":false,"coordinates":null,"entities":{"symbols":[],"user_mentions":[{"id":23712477,"indices":[0,9],"id_str":"23712477","screen_name":"alixsk28","name":"Alixandria Key \u2721"},{"id":2768501,"indices":[10,18],"id_str":"2768501","screen_name":"abcnews","name":"ABC News"}],"hashtags":[],"urls":[]},"in_reply_to_screen_name":"alixsk28","id_str":"544448130012676096","retweet_count":0,"in_reply_to_user_id":23712477,"favorited":false,"user":{"follow_request_sent":false,"profile_use_background_image":true,"profile_text_color":"666666","default_profile_image":false,"id":529555835,"profile_background_image_url_https":"https:\/\/pbs.twimg.com\/profile_background_images\/448828893042982913\/keID8-r_.jpeg","verified":false,"profile_location":null,"profile_image_url_https":"https:\/\/pbs.twimg.com\/profile_images\/569631323052990464\/CZiINLVm_normal.jpeg","profile_sidebar_fill_color":"252429","entities":{"url":{"urls":[{"url":"https:\/\/t.co\/Kzlt4nBUBy","indices":[0,23],"expanded_url":"https:\/\/www.youtube.com\/watch?v=P-dkKoJ3kT8","display_url":"youtube.com\/watch?v=P-dkKo\u2026"}]},"description":{"urls":[]}},"followers_count":6068,"profile_sidebar_border_color":"000000","id_str":"529555835","profile_background_color":"FF6699","listed_count":119,"is_translation_enabled":false,"utc_offset":-14400,"statuses_count":51127,"description":"Jesus is THE reason 4 The Season & ALL ELSE! Restore America! #ProLIFE,  +Military, +ISRAEL. #PJNET I Block ALL Smut!  GOD BLESS AMERICA! Pic is me 275 yrs ago.","friends_count":5774,"location":"Location: AskTheNSA","profile_link_color":"B40B43","profile_image_url":"http:\/\/pbs.twimg.com\/profile_images\/569631323052990464\/CZiINLVm_normal.jpeg","following":false,"geo_enabled":false,"profile_banner_url":"https:\/\/pbs.twimg.com\/profile_banners\/529555835\/1398203447","profile_background_image_url":"http:\/\/pbs.twimg.com\/profile_background_images\/448828893042982913\/keID8-r_.jpeg","name":" #Just LJ","lang":"en","profile_background_tile":false,"favourites_count":10030,"screen_name":"LJCambria","notifications":false,"url":"https:\/\/t.co\/Kzlt4nBUBy","created_at":"Mon Mar 19 17:26:46 +0000 2012","contributors_enabled":false,"time_zone":"Atlantic Time (Canada)","protected":false,"default_profile":false,"is_translator":false},"geo":null,"in_reply_to_user_id_str":"23712477","lang":"en","created_at":"Mon Dec 15 11:05:24 +0000 2014","in_reply_to_status_id_str":"544345381992005633","place":null}