{"contributors":null,"truncated":false,"text":"@CBCNews Globe and Mail posted this one a little more dramatic. http:\/\/t.co\/CoLvBrpqu7","in_reply_to_status_id":524948941956448257,"id":524951159640162305,"favorite_count":0,"source":"<a href=\"http:\/\/twitter.com\" rel=\"nofollow\">Twitter Web Client<\/a>","retweeted":false,"coordinates":null,"entities":{"symbols":[],"user_mentions":[{"id":6433472,"indices":[0,8],"id_str":"6433472","screen_name":"CBCNews","name":"CBC News"}],"hashtags":[],"urls":[{"url":"http:\/\/t.co\/CoLvBrpqu7","indices":[64,86],"expanded_url":"http:\/\/youtu.be\/XrGqoISd-do","display_url":"youtu.be\/XrGqoISd-do"}]},"in_reply_to_screen_name":"CBCNews","id_str":"524951159640162305","retweet_count":0,"in_reply_to_user_id":6433472,"favorited":false,"user":{"follow_request_sent":false,"profile_use_background_image":true,"default_profile_image":false,"id":17257471,"profile_background_image_url_https":"https:\/\/pbs.twimg.com\/profile_background_images\/440486556466286593\/zkQf3w7v.jpeg","verified":false,"profile_text_color":"333333","profile_image_url_https":"https:\/\/pbs.twimg.com\/profile_images\/562001336636411904\/jDNDgH0G_normal.jpeg","profile_sidebar_fill_color":"F6FFD1","entities":{"url":{"urls":[{"url":"http:\/\/t.co\/FYTMNO0WCP","indices":[0,22],"expanded_url":"http:\/\/nepeangal.wordpress.com\/","display_url":"nepeangal.wordpress.com"}]},"description":{"urls":[]}},"followers_count":924,"profile_sidebar_border_color":"FFFFFF","id_str":"17257471","profile_background_color":"142142","listed_count":9,"is_translation_enabled":false,"utc_offset":-14400,"statuses_count":2718,"description":"Oh, I haven't lost that loving feeling! I've just found the suspicious, cynical feeling takes a lot less energy.","friends_count":1895,"location":"Ottawa, Ontario, Canada","profile_link_color":"9266CC","profile_image_url":"http:\/\/pbs.twimg.com\/profile_images\/562001336636411904\/jDNDgH0G_normal.jpeg","following":false,"geo_enabled":true,"profile_banner_url":"https:\/\/pbs.twimg.com\/profile_banners\/17257471\/1393887795","profile_background_image_url":"http:\/\/pbs.twimg.com\/profile_background_images\/440486556466286593\/zkQf3w7v.jpeg","screen_name":"NepeanGal","lang":"en","profile_background_tile":false,"favourites_count":703,"name":"Pariss Hardy","notifications":false,"url":"http:\/\/t.co\/FYTMNO0WCP","created_at":"Sat Nov 08 19:09:54 +0000 2008","contributors_enabled":false,"time_zone":"Eastern Time (US & Canada)","protected":false,"default_profile":false,"is_translator":false},"geo":null,"in_reply_to_user_id_str":"6433472","possibly_sensitive":false,"lang":"en","created_at":"Wed Oct 22 15:51:24 +0000 2014","in_reply_to_status_id_str":"524948941956448257","place":null}