{"contributors":null,"truncated":false,"text":"@CBCNews what is the door at the end of the hall during the shooting?  Is that the parliamentary library?","in_reply_to_status_id":524948941956448257,"id":524950423862779904,"favorite_count":0,"source":"<a href=\"http:\/\/twitter.com\" rel=\"nofollow\">Twitter Web Client<\/a>","retweeted":false,"coordinates":null,"entities":{"symbols":[],"user_mentions":[{"id":6433472,"indices":[0,8],"id_str":"6433472","screen_name":"CBCNews","name":"CBC News"}],"hashtags":[],"urls":[]},"in_reply_to_screen_name":"CBCNews","id_str":"524950423862779904","retweet_count":0,"in_reply_to_user_id":6433472,"favorited":false,"user":{"follow_request_sent":false,"profile_use_background_image":true,"default_profile_image":false,"id":107801808,"profile_background_image_url_https":"https:\/\/abs.twimg.com\/images\/themes\/theme1\/bg.png","verified":false,"profile_text_color":"333333","profile_image_url_https":"https:\/\/pbs.twimg.com\/profile_images\/586258426075971584\/jX6L-OB9_normal.jpg","profile_sidebar_fill_color":"DDEEF6","entities":{"description":{"urls":[]}},"followers_count":1,"profile_sidebar_border_color":"C0DEED","id_str":"107801808","profile_background_color":"C0DEED","listed_count":0,"is_translation_enabled":false,"utc_offset":null,"statuses_count":179,"description":"","friends_count":7,"location":"","profile_link_color":"20B382","profile_image_url":"http:\/\/pbs.twimg.com\/profile_images\/586258426075971584\/jX6L-OB9_normal.jpg","following":false,"geo_enabled":false,"profile_banner_url":"https:\/\/pbs.twimg.com\/profile_banners\/107801808\/1402405784","profile_background_image_url":"http:\/\/abs.twimg.com\/images\/themes\/theme1\/bg.png","screen_name":"rye_encoke","lang":"en","profile_background_tile":false,"favourites_count":1,"name":"warren colvin","notifications":false,"url":null,"created_at":"Sat Jan 23 19:56:29 +0000 2010","contributors_enabled":false,"time_zone":null,"protected":false,"default_profile":false,"is_translator":false},"geo":null,"in_reply_to_user_id_str":"6433472","lang":"en","created_at":"Wed Oct 22 15:48:28 +0000 2014","in_reply_to_status_id_str":"524948941956448257","place":null}