{"contributors": null, "truncated": false, "text": "Shocking @CBCNews Parliament Hill shooting. Video from inside Parliament Hill after shots were fired. #breaking http://t.co/lNBc1IFiuz", "in_reply_to_status_id": 524948941956448257, "id": 524950706646966273, "favorite_count": 0, "source": "<a href=\"http://twitter.com/download/iphone\" rel=\"nofollow\">Twitter for iPhone</a>", "retweeted": false, "coordinates": null, "entities": {"symbols": [], "user_mentions": [{"id": 6433472, "indices": [9, 17], "id_str": "6433472", "screen_name": "CBCNews", "name": "CBC News"}], "hashtags": [{"indices": [102, 111], "text": "breaking"}], "urls": [{"url": "http://t.co/lNBc1IFiuz", "indices": [112, 134], "expanded_url": "http://youtu.be/tAw0W2j_fbw", "display_url": "youtu.be/tAw0W2j_fbw"}]}, "in_reply_to_screen_name": "CBCNews", "id_str": "524950706646966273", "retweet_count": 0, "in_reply_to_user_id": 6433472, "favorited": false, "user": {"follow_request_sent": false, "profile_use_background_image": true, "default_profile_image": false, "id": 284804728, "profile_background_image_url_https": "https://abs.twimg.com/images/themes/theme13/bg.gif", "verified": false, "profile_text_color": "333333", "profile_image_url_https": "https://pbs.twimg.com/profile_images/1319275214/eileen2_normal.jpg", "profile_sidebar_fill_color": "FFFFFF", "entities": {"url": {"urls": [{"url": "http://t.co/XZO13Lvhca", "indices": [0, 22], "expanded_url": "http://www.bespeakcommunications.com", "display_url": "bespeakcommunications.com"}]}, "description": {"urls": []}}, "followers_count": 224, "profile_sidebar_border_color": "EEEEEE", "id_str": "284804728", "profile_background_color": "B2DFDA", "listed_count": 10, "is_translation_enabled": false, "utc_offset": -14400, "statuses_count": 985, "description": "Business savvy beSPEAKer & founder. Trusted strategic communications advisor. Focused team builder & leader. Local global thinker.", "friends_count": 400, "location": "Toronto", "profile_link_color": "93A644", "profile_image_url": "http://pbs.twimg.com/profile_images/1319275214/eileen2_normal.jpg", "following": false, "geo_enabled": true, "profile_background_image_url": "http://abs.twimg.com/images/themes/theme13/bg.gif", "screen_name": "beSPEAKco", "lang": "en", "profile_background_tile": false, "favourites_count": 82, "name": "ETbeSPEAKs", "notifications": false, "url": "http://t.co/XZO13Lvhca", "created_at": "Wed Apr 20 00:38:29 +0000 2011", "contributors_enabled": false, "time_zone": "Eastern Time (US & Canada)", "protected": false, "default_profile": false, "is_translator": false}, "geo": null, "in_reply_to_user_id_str": "6433472", "possibly_sensitive": false, "lang": "en", "created_at": "Wed Oct 22 15:49:36 +0000 2014", "in_reply_to_status_id_str": "524948941956448257", "place": null}
