{"contributors": null, "truncated": false, "text": "@CBCNews  Mr Harper is responsible for this shooting after involving Canada in bombings to Siria and Iraq. @pmharper", "in_reply_to_status_id": 524948941956448257, "id": 524950681397239808, "favorite_count": 1, "source": "<a href=\"http://twitter.com\" rel=\"nofollow\">Twitter Web Client</a>", "retweeted": false, "coordinates": null, "entities": {"symbols": [], "user_mentions": [{"id": 6433472, "indices": [0, 8], "id_str": "6433472", "screen_name": "CBCNews", "name": "CBC News"}, {"id": 7401202, "indices": [107, 116], "id_str": "7401202", "screen_name": "pmharper", "name": "Stephen Harper"}], "hashtags": [], "urls": []}, "in_reply_to_screen_name": "CBCNews", "id_str": "524950681397239808", "retweet_count": 0, "in_reply_to_user_id": 6433472, "favorited": false, "user": {"follow_request_sent": false, "profile_use_background_image": true, "default_profile_image": false, "id": 141416686, "profile_background_image_url_https": "https://abs.twimg.com/images/themes/theme1/bg.png", "verified": false, "profile_text_color": "333333", "profile_image_url_https": "https://pbs.twimg.com/profile_images/497952792577732609/uJybKqE1_normal.jpeg", "profile_sidebar_fill_color": "DDEEF6", "entities": {"description": {"urls": []}}, "followers_count": 666, "profile_sidebar_border_color": "C0DEED", "id_str": "141416686", "profile_background_color": "C0DEED", "listed_count": 9, "is_translation_enabled": false, "utc_offset": -36000, "statuses_count": 19152, "description": "", "friends_count": 831, "location": "Toronto, for now", "profile_link_color": "0084B4", "profile_image_url": "http://pbs.twimg.com/profile_images/497952792577732609/uJybKqE1_normal.jpeg", "following": false, "geo_enabled": true, "profile_banner_url": "https://pbs.twimg.com/profile_banners/141416686/1405469798", "profile_background_image_url": "http://abs.twimg.com/images/themes/theme1/bg.png", "screen_name": "alfonsotellezr", "lang": "en", "profile_background_tile": false, "favourites_count": 56, "name": "Alfonso Tellez", "notifications": false, "url": null, "created_at": "Sat May 08 01:44:27 +0000 2010", "contributors_enabled": false, "time_zone": "Hawaii", "protected": false, "default_profile": true, "is_translator": false}, "geo": null, "in_reply_to_user_id_str": "6433472", "lang": "en", "created_at": "Wed Oct 22 15:49:30 +0000 2014", "in_reply_to_status_id_str": "524948941956448257", "place": null}
