{"contributors": null, "truncated": false, "text": "@alfonsotellezr so defending sinjar and kobane are unjustified?", "in_reply_to_status_id": 524950681397239808, "id": 524951232176480256, "favorite_count": 0, "source": "<a href=\"http://twitter.com/download/iphone\" rel=\"nofollow\">Twitter for iPhone</a>", "retweeted": false, "coordinates": null, "entities": {"symbols": [], "user_mentions": [{"id": 141416686, "indices": [0, 15], "id_str": "141416686", "screen_name": "alfonsotellezr", "name": "Alfonso Tellez"}], "hashtags": [], "urls": []}, "in_reply_to_screen_name": "alfonsotellezr", "id_str": "524951232176480256", "retweet_count": 0, "in_reply_to_user_id": 141416686, "favorited": false, "user": {"follow_request_sent": false, "profile_use_background_image": true, "default_profile_image": false, "id": 6068542, "profile_background_image_url_https": "https://abs.twimg.com/images/themes/theme1/bg.png", "verified": false, "profile_text_color": "000000", "profile_image_url_https": "https://pbs.twimg.com/profile_images/492713783346073603/XKFO2D5p_normal.jpeg", "profile_sidebar_fill_color": "E0FF92", "entities": {"description": {"urls": []}}, "followers_count": 38, "profile_sidebar_border_color": "87BC44", "id_str": "6068542", "profile_background_color": "9AE4E8", "listed_count": 0, "is_translation_enabled": false, "utc_offset": -14400, "statuses_count": 1027, "description": "", "friends_count": 103, "location": "Lamu kenya", "profile_link_color": "0000FF", "profile_image_url": "http://pbs.twimg.com/profile_images/492713783346073603/XKFO2D5p_normal.jpeg", "following": false, "geo_enabled": false, "profile_background_image_url": "http://abs.twimg.com/images/themes/theme1/bg.png", "screen_name": "basznocz", "lang": "en", "profile_background_tile": false, "favourites_count": 516, "name": "basznocz", "notifications": false, "url": null, "created_at": "Tue May 15 17:51:12 +0000 2007", "contributors_enabled": false, "time_zone": "Eastern Time (US & Canada)", "protected": false, "default_profile": false, "is_translator": false}, "geo": null, "in_reply_to_user_id_str": "141416686", "lang": "en", "created_at": "Wed Oct 22 15:51:41 +0000 2014", "in_reply_to_status_id_str": "524950681397239808", "place": null}
