{"contributors": null, "truncated": false, "text": "@CBCNews Looks like  a movie scene on set!\n#toManyDonuts", "in_reply_to_status_id": 524948941956448257, "id": 524950618352267266, "favorite_count": 0, "source": "<a href=\"http://twitter.com\" rel=\"nofollow\">Twitter Web Client</a>", "retweeted": false, "coordinates": null, "entities": {"symbols": [], "user_mentions": [{"id": 6433472, "indices": [0, 8], "id_str": "6433472", "screen_name": "CBCNews", "name": "CBC News"}], "hashtags": [{"indices": [43, 56], "text": "toManyDonuts"}], "urls": []}, "in_reply_to_screen_name": "CBCNews", "id_str": "524950618352267266", "retweet_count": 0, "in_reply_to_user_id": 6433472, "favorited": false, "user": {"follow_request_sent": false, "profile_use_background_image": true, "default_profile_image": false, "id": 2790184530, "profile_background_image_url_https": "https://abs.twimg.com/images/themes/theme1/bg.png", "verified": false, "profile_text_color": "333333", "profile_image_url_https": "https://pbs.twimg.com/profile_images/507584926284132352/iQNQ9K2m_normal.jpeg", "profile_sidebar_fill_color": "DDEEF6", "entities": {"description": {"urls": []}}, "followers_count": 26, "profile_sidebar_border_color": "C0DEED", "id_str": "2790184530", "profile_background_color": "C0DEED", "listed_count": 0, "is_translation_enabled": false, "utc_offset": -21600, "statuses_count": 512, "description": "I see God...Sometimes!\r\nI'm Not Your Friend, But I'm The Next Best Thing...\r\nMy Brain Thinks In different Aspects....So Can Yours!", "friends_count": 77, "location": "Mars", "profile_link_color": "0084B4", "profile_image_url": "http://pbs.twimg.com/profile_images/507584926284132352/iQNQ9K2m_normal.jpeg", "following": false, "geo_enabled": false, "profile_banner_url": "https://pbs.twimg.com/profile_banners/2790184530/1409952744", "profile_background_image_url": "http://abs.twimg.com/images/themes/theme1/bg.png", "screen_name": "AstnMartinDB9", "lang": "en", "profile_background_tile": false, "favourites_count": 0, "name": "Aston Martin", "notifications": false, "url": null, "created_at": "Thu Sep 04 17:31:47 +0000 2014", "contributors_enabled": false, "time_zone": "Mazatlan", "protected": false, "default_profile": true, "is_translator": false}, "geo": null, "in_reply_to_user_id_str": "6433472", "lang": "en", "created_at": "Wed Oct 22 15:49:15 +0000 2014", "in_reply_to_status_id_str": "524948941956448257", "place": null}
