{"contributors":null,"truncated":false,"text":"BREAKING: #Anonymous has obtained audio files of police dispatch and EMS during the #MikeBrown shooting. Will release ASAP. #Ferguson","in_reply_to_status_id":null,"id":499553593041903616,"favorite_count":160,"source":"<a href=\"http:\/\/twitter.com\/download\/android\" rel=\"nofollow\">Twitter for Android<\/a>","retweeted":false,"coordinates":null,"entities":{"symbols":[],"user_mentions":[],"hashtags":[{"indices":[10,20],"text":"Anonymous"},{"indices":[84,94],"text":"MikeBrown"},{"indices":[124,133],"text":"Ferguson"}],"urls":[]},"in_reply_to_screen_name":null,"id_str":"499553593041903616","retweet_count":192,"in_reply_to_user_id":null,"favorited":false,"user":{"follow_request_sent":false,"profile_use_background_image":true,"default_profile_image":false,"id":341908197,"profile_background_image_url_https":"https:\/\/pbs.twimg.com\/profile_background_images\/378800000105066273\/683306dd225954b1524f849784802078.gif","verified":false,"profile_text_color":"666666","profile_image_url_https":"https:\/\/pbs.twimg.com\/profile_images\/499914726898282496\/aS2LKOBr_normal.jpeg","profile_sidebar_fill_color":"252429","entities":{"description":{"urls":[]}},"followers_count":66928,"profile_sidebar_border_color":"000000","id_str":"341908197","profile_background_color":"1A1B1F","listed_count":563,"is_translation_enabled":false,"utc_offset":-28800,"statuses_count":37779,"description":"There \u2588\u2588\u2588 \u2588\u2588 is \u2588\u2588\u2588 no \u2588\u2588\u2588\u2588 \u2588\u2588 conspiracy \u2588\u2588\u2588\u2588\u2588 \u2588 \u2588\u2588\u2588 Everything \u2588\u2588\u2588\u2588\u2588\u2588 \u2588\u2588 is \u2588\u2588\u2588 fine \u2588\u2588\u2588\u2588\u2588\u2588 \u2588\u2588 \u2588\u2588\u2588 trust \u2588\u2588\u2588\u2588 your \u2588\u2588\u2588\u2588\u2588\u2588 \u2588\u2588 Government...","friends_count":26404,"location":"Oakland CA","profile_link_color":"F70505","profile_image_url":"http:\/\/pbs.twimg.com\/profile_images\/499914726898282496\/aS2LKOBr_normal.jpeg","following":false,"geo_enabled":true,"profile_banner_url":"https:\/\/pbs.twimg.com\/profile_banners\/341908197\/1407391717","profile_background_image_url":"http:\/\/pbs.twimg.com\/profile_background_images\/378800000105066273\/683306dd225954b1524f849784802078.gif","screen_name":"occupythemob","lang":"en","profile_background_tile":true,"favourites_count":3213,"name":"Anonymous","notifications":false,"url":null,"created_at":"Mon Jul 25 04:30:28 +0000 2011","contributors_enabled":false,"time_zone":"Alaska","protected":false,"default_profile":false,"is_translator":false},"geo":null,"in_reply_to_user_id_str":null,"lang":"en","created_at":"Wed Aug 13 13:50:32 +0000 2014","in_reply_to_status_id_str":null,"place":null}