{"contributors":null,"truncated":false,"text":"BREAKING: Two new hostages, both woman, run to safety from Sydney cafe, Australia television network reports http:\/\/t.co\/apNKqmicSX","in_reply_to_status_id":null,"id":544372222400671744,"favorite_count":66,"source":"<a href=\"http:\/\/www.hootsuite.com\" rel=\"nofollow\">Hootsuite<\/a>","retweeted":false,"coordinates":null,"entities":{"symbols":[],"user_mentions":[],"hashtags":[],"urls":[{"url":"http:\/\/t.co\/apNKqmicSX","indices":[109,131],"expanded_url":"http:\/\/nbcnews.to\/1wuxNmf","display_url":"nbcnews.to\/1wuxNmf"}]},"in_reply_to_screen_name":null,"id_str":"544372222400671744","retweet_count":118,"in_reply_to_user_id":null,"favorited":false,"user":{"follow_request_sent":false,"profile_use_background_image":true,"profile_text_color":"000000","default_profile_image":false,"id":14173315,"profile_background_image_url_https":"https:\/\/pbs.twimg.com\/profile_background_images\/378800000181859512\/-65VAaUv.jpeg","verified":true,"profile_location":null,"profile_image_url_https":"https:\/\/pbs.twimg.com\/profile_images\/459828346726010880\/CrshV_Oa_normal.png","profile_sidebar_fill_color":"FFFFFF","entities":{"url":{"urls":[{"url":"http:\/\/t.co\/UXSP362YuW","indices":[0,22],"expanded_url":"http:\/\/NBCNews.com","display_url":"NBCNews.com"}]},"description":{"urls":[]}},"followers_count":1955703,"profile_sidebar_border_color":"FFFFFF","id_str":"14173315","profile_background_color":"062131","listed_count":24652,"is_translation_enabled":false,"utc_offset":-18000,"statuses_count":44360,"description":"A leading source of global news and information for more than 75 years. Have a news tip or question? Ask @jbaiata or @jilliansed.","friends_count":2894,"location":"New York, NY","profile_link_color":"5172A0","profile_image_url":"http:\/\/pbs.twimg.com\/profile_images\/459828346726010880\/CrshV_Oa_normal.png","following":false,"geo_enabled":false,"profile_banner_url":"https:\/\/pbs.twimg.com\/profile_banners\/14173315\/1398265945","profile_background_image_url":"http:\/\/pbs.twimg.com\/profile_background_images\/378800000181859512\/-65VAaUv.jpeg","name":"NBC News","lang":"en","profile_background_tile":true,"favourites_count":406,"screen_name":"NBCNews","notifications":false,"url":"http:\/\/t.co\/UXSP362YuW","created_at":"Tue Mar 18 23:19:17 +0000 2008","contributors_enabled":false,"time_zone":"Eastern Time (US & Canada)","protected":false,"default_profile":false,"is_translator":false},"geo":null,"in_reply_to_user_id_str":null,"possibly_sensitive":false,"lang":"en","created_at":"Mon Dec 15 06:03:46 +0000 2014","in_reply_to_status_id_str":null,"place":null}