{"contributors":null,"truncated":false,"text":"@sethmnookin See also this tweet 40 mins before ones advising passengers its free https:\/\/t.co\/fIHMasXdI7 &lt;- Ayn Rand still alive runs @Uber","in_reply_to_status_id":544355845489065984,"id":544356578313261057,"favorite_count":2,"source":"<a href=\"https:\/\/about.twitter.com\/products\/tweetdeck\" rel=\"nofollow\">TweetDeck<\/a>","retweeted":false,"coordinates":null,"entities":{"symbols":[],"user_mentions":[{"id":22931893,"indices":[0,12],"id_str":"22931893","screen_name":"sethmnookin","name":"Seth Mnookin"},{"id":19103481,"indices":[138,143],"id_str":"19103481","screen_name":"Uber","name":"Uber"}],"hashtags":[],"urls":[{"url":"https:\/\/t.co\/fIHMasXdI7","indices":[82,105],"expanded_url":"https:\/\/twitter.com\/Uber_Sydney\/status\/544319760809222144","display_url":"twitter.com\/Uber_Sydney\/st\u2026"}]},"in_reply_to_screen_name":"sethmnookin","id_str":"544356578313261057","retweet_count":3,"in_reply_to_user_id":22931893,"favorited":false,"user":{"follow_request_sent":false,"profile_use_background_image":true,"profile_text_color":"333333","default_profile_image":false,"id":1622219137,"profile_background_image_url_https":"https:\/\/abs.twimg.com\/images\/themes\/theme1\/bg.png","verified":false,"profile_location":null,"profile_image_url_https":"https:\/\/pbs.twimg.com\/profile_images\/576590559629996032\/fxvWZZWR_normal.jpeg","profile_sidebar_fill_color":"DDEEF6","entities":{"url":{"urls":[{"url":"http:\/\/t.co\/bu8akj2mWN","indices":[0,22],"expanded_url":"http:\/\/berrymanconsulting.com\/","display_url":"berrymanconsulting.com"}]},"description":{"urls":[]}},"followers_count":582,"profile_sidebar_border_color":"C0DEED","id_str":"1622219137","profile_background_color":"C0DEED","listed_count":8,"is_translation_enabled":false,"utc_offset":39600,"statuses_count":14769,"description":"\u7238\u7238\u548c\u8001\u516c\u548c\u535a\u58eb\u3002IT Architect. H16\/R1b1b2a1a2f*. 2.9% Neanderthal. I believe in a deeply ordered chaos. In coffee we trust. Tweets my own.","friends_count":703,"location":"Wollongong, NSW, Australia","profile_link_color":"0084B4","profile_image_url":"http:\/\/pbs.twimg.com\/profile_images\/576590559629996032\/fxvWZZWR_normal.jpeg","following":false,"geo_enabled":true,"profile_banner_url":"https:\/\/pbs.twimg.com\/profile_banners\/1622219137\/1375336044","profile_background_image_url":"http:\/\/abs.twimg.com\/images\/themes\/theme1\/bg.png","name":"Matthew Berryman \u6c88\u9a6c\u4fee","lang":"en","profile_background_tile":false,"favourites_count":2019,"screen_name":"mjberryman","notifications":false,"url":"http:\/\/t.co\/bu8akj2mWN","created_at":"Fri Jul 26 06:16:56 +0000 2013","contributors_enabled":false,"time_zone":"Sydney","protected":false,"default_profile":true,"is_translator":false},"geo":null,"in_reply_to_user_id_str":"22931893","possibly_sensitive":false,"lang":"en","created_at":"Mon Dec 15 05:01:36 +0000 2014","in_reply_to_status_id_str":"544355845489065984","place":null}