{"contributors":null,"truncated":false,"text":"@sethmnookin I never understood why some of my friends swore by Uber in NYC. There are less expensive cabs everywhere.","in_reply_to_status_id":544355845489065984,"id":544359747756244992,"favorite_count":0,"source":"<a href=\"http:\/\/twitter.com\/download\/iphone\" rel=\"nofollow\">Twitter for iPhone<\/a>","retweeted":false,"coordinates":null,"entities":{"symbols":[],"user_mentions":[{"id":22931893,"indices":[0,12],"id_str":"22931893","screen_name":"sethmnookin","name":"Seth Mnookin"}],"hashtags":[],"urls":[]},"in_reply_to_screen_name":"sethmnookin","id_str":"544359747756244992","retweet_count":0,"in_reply_to_user_id":22931893,"favorited":false,"user":{"follow_request_sent":false,"profile_use_background_image":true,"profile_text_color":"000054","default_profile_image":false,"id":15564815,"profile_background_image_url_https":"https:\/\/pbs.twimg.com\/profile_background_images\/143945892\/Grey_Twitter.jpg","verified":false,"profile_location":null,"profile_image_url_https":"https:\/\/pbs.twimg.com\/profile_images\/560606175885291521\/Lu-pPX3z_normal.jpeg","profile_sidebar_fill_color":"D6D6D6","entities":{"url":{"urls":[{"url":"http:\/\/t.co\/Uy6SQ6BSZg","indices":[0,22],"expanded_url":"http:\/\/www.andrewmseaman.com","display_url":"andrewmseaman.com"}]},"description":{"urls":[]}},"followers_count":4754,"profile_sidebar_border_color":"000000","id_str":"15564815","profile_background_color":"131516","listed_count":361,"is_translation_enabled":false,"utc_offset":-18000,"statuses_count":21574,"description":"Medical Journalist @Reuters | @SPJ_tweets Ethics Chair | Tweets about things that might kill you, #LGBThealth, sperm and media. andrew.seaman@thomsonreuters.com","friends_count":1106,"location":"New York City","profile_link_color":"ABB8C2","profile_image_url":"http:\/\/pbs.twimg.com\/profile_images\/560606175885291521\/Lu-pPX3z_normal.jpeg","following":false,"geo_enabled":true,"profile_banner_url":"https:\/\/pbs.twimg.com\/profile_banners\/15564815\/1416540602","profile_background_image_url":"http:\/\/pbs.twimg.com\/profile_background_images\/143945892\/Grey_Twitter.jpg","name":"Andrew M. Seaman","lang":"en","profile_background_tile":false,"favourites_count":3467,"screen_name":"andrewmseaman","notifications":false,"url":"http:\/\/t.co\/Uy6SQ6BSZg","created_at":"Wed Jul 23 15:31:02 +0000 2008","contributors_enabled":false,"time_zone":"Eastern Time (US & Canada)","protected":false,"default_profile":false,"is_translator":false},"geo":null,"in_reply_to_user_id_str":"22931893","lang":"en","created_at":"Mon Dec 15 05:14:12 +0000 2014","in_reply_to_status_id_str":"544355845489065984","place":null}