{"contributors": null, "truncated": false, "text": "@mjberryman @Uber Yeah, I saw that one too. So disgusting.", "in_reply_to_status_id": 544356578313261057, "id": 544357221220753408, "favorite_count": 0, "source": "<a href=\"http://twitter.com/download/iphone\" rel=\"nofollow\">Twitter for iPhone</a>", "retweeted": false, "coordinates": null, "entities": {"symbols": [], "user_mentions": [{"id": 1622219137, "indices": [0, 11], "id_str": "1622219137", "screen_name": "mjberryman", "name": "Matthew Berryman \u6c88\u9a6c\u4fee"}, {"id": 19103481, "indices": [12, 17], "id_str": "19103481", "screen_name": "Uber", "name": "Uber"}], "hashtags": [], "urls": []}, "in_reply_to_screen_name": "mjberryman", "id_str": "544357221220753408", "retweet_count": 0, "in_reply_to_user_id": 1622219137, "favorited": false, "user": {"follow_request_sent": false, "profile_use_background_image": true, "profile_text_color": "666666", "default_profile_image": false, "id": 22931893, "profile_background_image_url_https": "https://abs.twimg.com/images/themes/theme9/bg.gif", "verified": false, "profile_location": null, "profile_image_url_https": "https://pbs.twimg.com/profile_images/2895645801/d556ecf78b6c4483f4d2856836d8a09f_normal.png", "profile_sidebar_fill_color": "252429", "entities": {"url": {"urls": [{"url": "http://t.co/dYVcLnFPlU", "indices": [0, 22], "expanded_url": "http://sethmnookin.com", "display_url": "sethmnookin.com"}]}, "description": {"urls": [{"url": "http://t.co/AbCgap60YB", "indices": [94, 116], "expanded_url": "http://bit.ly/fw3Z0t", "display_url": "bit.ly/fw3Z0t"}]}}, "followers_count": 32554, "profile_sidebar_border_color": "181A1E", "id_str": "22931893", "profile_background_color": "1A1B1F", "listed_count": 1141, "is_translation_enabled": false, "utc_offset": -18000, "statuses_count": 16418, "description": "I teach in @MIT_SciWrite & wrote The Panic Virus, Feeding the Monster & Hard News. Here I am: http://t.co/AbCgap60YB Rock me like a hurricane.", "friends_count": 1288, "location": "Boston", "profile_link_color": "2FC2EF", "profile_image_url": "http://pbs.twimg.com/profile_images/2895645801/d556ecf78b6c4483f4d2856836d8a09f_normal.png", "following": false, "geo_enabled": true, "profile_banner_url": "https://pbs.twimg.com/profile_banners/22931893/1361899673", "profile_background_image_url": "http://abs.twimg.com/images/themes/theme9/bg.gif", "name": "Seth Mnookin", "lang": "en", "profile_background_tile": false, "favourites_count": 261, "screen_name": "sethmnookin", "notifications": false, "url": "http://t.co/dYVcLnFPlU", "created_at": "Thu Mar 05 15:31:55 +0000 2009", "contributors_enabled": false, "time_zone": "Eastern Time (US & Canada)", "protected": false, "default_profile": false, "is_translator": false}, "geo": null, "in_reply_to_user_id_str": "1622219137", "lang": "en", "created_at": "Mon Dec 15 05:04:09 +0000 2014", "in_reply_to_status_id_str": "544356578313261057", "place": null}
