{"contributors": null, "truncated": false, "text": "@sethmnookin You drove a cab, once, right? Like a real cab? Licensed etc?", "in_reply_to_status_id": 544361412316114944, "id": 544362138199158784, "favorite_count": 0, "source": "<a href=\"http://twitter.com/download/iphone\" rel=\"nofollow\">Twitter for iPhone</a>", "retweeted": false, "coordinates": null, "entities": {"symbols": [], "user_mentions": [{"id": 22931893, "indices": [0, 12], "id_str": "22931893", "screen_name": "sethmnookin", "name": "Seth Mnookin"}], "hashtags": [], "urls": []}, "in_reply_to_screen_name": "sethmnookin", "id_str": "544362138199158784", "retweet_count": 0, "in_reply_to_user_id": 22931893, "favorited": false, "user": {"follow_request_sent": false, "profile_use_background_image": true, "profile_text_color": "04040F", "default_profile_image": false, "id": 44766335, "profile_background_image_url_https": "https://abs.twimg.com/images/themes/theme14/bg.gif", "verified": false, "profile_location": null, "profile_image_url_https": "https://pbs.twimg.com/profile_images/2510608023/ntq13ftvzem9ix4e29cc_normal.png", "profile_sidebar_fill_color": "EFEFEF", "entities": {"url": {"urls": [{"url": "http://t.co/ekMqrkFlod", "indices": [0, 22], "expanded_url": "http://facebook.com/LemMcAces", "display_url": "facebook.com/LemMcAces"}]}, "description": {"urls": []}}, "followers_count": 1627, "profile_sidebar_border_color": "F2F2F2", "id_str": "44766335", "profile_background_color": "131516", "listed_count": 7, "is_translation_enabled": false, "utc_offset": -28800, "statuses_count": 460, "description": "leap-year denier", "friends_count": 111, "location": " LA CA", "profile_link_color": "041414", "profile_image_url": "http://pbs.twimg.com/profile_images/2510608023/ntq13ftvzem9ix4e29cc_normal.png", "following": false, "geo_enabled": true, "profile_banner_url": "https://pbs.twimg.com/profile_banners/44766335/1404877565", "profile_background_image_url": "http://abs.twimg.com/images/themes/theme14/bg.gif", "name": "Lem McAces", "lang": "en", "profile_background_tile": false, "favourites_count": 457, "screen_name": "LemMcAces", "notifications": false, "url": "http://t.co/ekMqrkFlod", "created_at": "Thu Jun 04 23:54:30 +0000 2009", "contributors_enabled": false, "time_zone": "Pacific Time (US & Canada)", "protected": false, "default_profile": false, "is_translator": false}, "geo": null, "in_reply_to_user_id_str": "22931893", "lang": "en", "created_at": "Mon Dec 15 05:23:42 +0000 2014", "in_reply_to_status_id_str": "544361412316114944", "place": null}
