{"contributors": null, "truncated": false, "text": "@sethmnookin\n\nReally?  The rape wasn't enough for you? Well gee; thanks for the warning.\n\ncc:   @ClaraJeffery @Uber @mashable", "in_reply_to_status_id": 544355845489065984, "id": 544360210303684608, "favorite_count": 1, "source": "<a href=\"http://twitter.com/#!/download/ipad\" rel=\"nofollow\">Twitter for iPad</a>", "retweeted": false, "coordinates": null, "entities": {"symbols": [], "user_mentions": [{"id": 22931893, "indices": [0, 12], "id_str": "22931893", "screen_name": "sethmnookin", "name": "Seth Mnookin"}, {"id": 43412697, "indices": [96, 109], "id_str": "43412697", "screen_name": "ClaraJeffery", "name": "Clara Jeffery"}, {"id": 19103481, "indices": [110, 115], "id_str": "19103481", "screen_name": "Uber", "name": "Uber"}, {"id": 972651, "indices": [116, 125], "id_str": "972651", "screen_name": "mashable", "name": "Mashable"}], "hashtags": [], "urls": []}, "in_reply_to_screen_name": "sethmnookin", "id_str": "544360210303684608", "retweet_count": 0, "in_reply_to_user_id": 22931893, "favorited": false, "user": {"follow_request_sent": false, "profile_use_background_image": true, "profile_text_color": "333333", "default_profile_image": false, "id": 28833436, "profile_background_image_url_https": "https://pbs.twimg.com/profile_background_images/523330536/Sailing-spinnaker.jpg", "verified": false, "profile_location": null, "profile_image_url_https": "https://pbs.twimg.com/profile_images/3070575465/e0d84af7ae339d08557c90338a657791_normal.jpeg", "profile_sidebar_fill_color": "DDEEF6", "entities": {"url": {"urls": [{"url": "http://t.co/hDfIVyHXn7", "indices": [0, 22], "expanded_url": "http://www.personalpublicrelations.com", "display_url": "personalpublicrelations.com"}]}, "description": {"urls": []}}, "followers_count": 529, "profile_sidebar_border_color": "C0DEED", "id_str": "28833436", "profile_background_color": "C0DEED", "listed_count": 25, "is_translation_enabled": false, "utc_offset": -28800, "statuses_count": 13466, "description": "In the mix. Work hard, play hard. Split-ticket voter. Clients from both parties. (Who'd a thunk it?) Got a boat? Love to sail. Used to race. Enjoy!", "friends_count": 1043, "location": "", "profile_link_color": "0084B4", "profile_image_url": "http://pbs.twimg.com/profile_images/3070575465/e0d84af7ae339d08557c90338a657791_normal.jpeg", "following": false, "geo_enabled": false, "profile_banner_url": "https://pbs.twimg.com/profile_banners/28833436/1355539485", "profile_background_image_url": "http://pbs.twimg.com/profile_background_images/523330536/Sailing-spinnaker.jpg", "name": "Optimist long memory", "lang": "en", "profile_background_tile": true, "favourites_count": 3876, "screen_name": "Rockmedia", "notifications": false, "url": "http://t.co/hDfIVyHXn7", "created_at": "Sat Apr 04 17:32:44 +0000 2009", "contributors_enabled": false, "time_zone": "Pacific Time (US & Canada)", "protected": false, "default_profile": false, "is_translator": false}, "geo": null, "in_reply_to_user_id_str": "22931893", "lang": "en", "created_at": "Mon Dec 15 05:16:02 +0000 2014", "in_reply_to_status_id_str": "544355845489065984", "place": null}
