{"contributors": null, "truncated": false, "text": "@sethmnookin @uber yea, dumb, but that's probably an automated system adjusting rates based on demand\u2026 their AI failed them in this case", "in_reply_to_status_id": 544355845489065984, "id": 544356190109831168, "favorite_count": 1, "source": "<a href=\"http://itunes.apple.com/us/app/twitter/id409789998?mt=12\" rel=\"nofollow\">Twitter for Mac</a>", "retweeted": false, "coordinates": null, "entities": {"symbols": [], "user_mentions": [{"id": 22931893, "indices": [0, 12], "id_str": "22931893", "screen_name": "sethmnookin", "name": "Seth Mnookin"}, {"id": 19103481, "indices": [13, 18], "id_str": "19103481", "screen_name": "Uber", "name": "Uber"}], "hashtags": [], "urls": []}, "in_reply_to_screen_name": "sethmnookin", "id_str": "544356190109831168", "retweet_count": 0, "in_reply_to_user_id": 22931893, "favorited": false, "user": {"follow_request_sent": false, "profile_use_background_image": true, "profile_text_color": "333333", "default_profile_image": false, "id": 190313620, "profile_background_image_url_https": "https://abs.twimg.com/images/themes/theme14/bg.gif", "verified": false, "profile_location": null, "profile_image_url_https": "https://pbs.twimg.com/profile_images/1386049233/tshirt-m-gtfo-Green-art-280_normal.gif", "profile_sidebar_fill_color": "EFEFEF", "entities": {"description": {"urls": []}}, "followers_count": 2049, "profile_sidebar_border_color": "EEEEEE", "id_str": "190313620", "profile_background_color": "131516", "listed_count": 0, "is_translation_enabled": false, "utc_offset": -18000, "statuses_count": 2299, "description": "jack of all trades, master of none.", "friends_count": 656, "location": "Boston", "profile_link_color": "009999", "profile_image_url": "http://pbs.twimg.com/profile_images/1386049233/tshirt-m-gtfo-Green-art-280_normal.gif", "following": false, "geo_enabled": false, "profile_background_image_url": "http://abs.twimg.com/images/themes/theme14/bg.gif", "name": "gtfo", "lang": "en", "profile_background_tile": true, "favourites_count": 43, "screen_name": "gtfo", "notifications": false, "url": null, "created_at": "Mon Sep 13 16:51:52 +0000 2010", "contributors_enabled": false, "time_zone": "Eastern Time (US & Canada)", "protected": false, "default_profile": false, "is_translator": false}, "geo": null, "in_reply_to_user_id_str": "22931893", "lang": "en", "created_at": "Mon Dec 15 05:00:04 +0000 2014", "in_reply_to_status_id_str": "544355845489065984", "place": null}
