{"contributors":null,"truncated":false,"text":"@sethmnookin @HeideggerFan @Uber Uber is shady af","in_reply_to_status_id":544355845489065984,"id":544359574535671808,"favorite_count":0,"source":"<a href=\"http:\/\/twitter.com\/download\/android\" rel=\"nofollow\">Twitter for Android<\/a>","retweeted":false,"coordinates":null,"entities":{"symbols":[],"user_mentions":[{"id":22931893,"indices":[0,12],"id_str":"22931893","screen_name":"sethmnookin","name":"Seth Mnookin"},{"id":132513054,"indices":[13,26],"id_str":"132513054","screen_name":"HeideggerFan","name":"Professor K"},{"id":19103481,"indices":[27,32],"id_str":"19103481","screen_name":"Uber","name":"Uber"}],"hashtags":[],"urls":[]},"in_reply_to_screen_name":"sethmnookin","id_str":"544359574535671808","retweet_count":0,"in_reply_to_user_id":22931893,"favorited":false,"user":{"follow_request_sent":false,"profile_use_background_image":true,"profile_text_color":"333333","default_profile_image":false,"id":732165444,"profile_background_image_url_https":"https:\/\/pbs.twimg.com\/profile_background_images\/459858796982972416\/yhcfoOAo.jpeg","verified":false,"profile_location":null,"profile_image_url_https":"https:\/\/pbs.twimg.com\/profile_images\/569380461760114688\/rmHw7IVd_normal.jpeg","profile_sidebar_fill_color":"DDEEF6","entities":{"url":{"urls":[{"url":"http:\/\/t.co\/gv9nA6bdlD","indices":[0,22],"expanded_url":"http:\/\/www.soundcloud.com\/hempmessiah","display_url":"soundcloud.com\/hempmessiah"}]},"description":{"urls":[]}},"followers_count":613,"profile_sidebar_border_color":"000000","id_str":"732165444","profile_background_color":"352726","listed_count":6,"is_translation_enabled":false,"utc_offset":-28800,"statuses_count":2536,"description":"Cannabis Liberation. On this earth. In this day. By any means necessary.      #Hemp #Revolution #Psychedelic #Chicano #Rastafari #Chargers #BoltFam","friends_count":1267,"location":"San Diego, CA (VistaOsideEnci)","profile_link_color":"216BEB","profile_image_url":"http:\/\/pbs.twimg.com\/profile_images\/569380461760114688\/rmHw7IVd_normal.jpeg","following":false,"geo_enabled":false,"profile_banner_url":"https:\/\/pbs.twimg.com\/profile_banners\/732165444\/1405375650","profile_background_image_url":"http:\/\/pbs.twimg.com\/profile_background_images\/459858796982972416\/yhcfoOAo.jpeg","name":"\u26a1\u26a1TheHempMessiah\u26a1\u26a1","lang":"en","profile_background_tile":true,"favourites_count":4658,"screen_name":"HempMessiah","notifications":false,"url":"http:\/\/t.co\/gv9nA6bdlD","created_at":"Thu Aug 02 04:50:56 +0000 2012","contributors_enabled":false,"time_zone":"Pacific Time (US & Canada)","protected":false,"default_profile":false,"is_translator":false},"geo":null,"in_reply_to_user_id_str":"22931893","lang":"en","created_at":"Mon Dec 15 05:13:30 +0000 2014","in_reply_to_status_id_str":"544355845489065984","place":null}