{"contributors":null,"truncated":false,"text":"@sethmnookin @LemMcAces best decision you ever made :)","in_reply_to_status_id":544362396597641216,"id":544397111341883392,"favorite_count":0,"source":"<a href=\"http:\/\/www.myplume.com\/\" rel=\"nofollow\">Plume\u00a0for\u00a0Android<\/a>","retweeted":false,"coordinates":null,"entities":{"symbols":[],"user_mentions":[{"id":22931893,"indices":[0,12],"id_str":"22931893","screen_name":"sethmnookin","name":"Seth Mnookin"},{"id":44766335,"indices":[13,23],"id_str":"44766335","screen_name":"LemMcAces","name":"Lem McAces"}],"hashtags":[],"urls":[]},"in_reply_to_screen_name":"sethmnookin","id_str":"544397111341883392","retweet_count":0,"in_reply_to_user_id":22931893,"favorited":false,"user":{"follow_request_sent":false,"profile_use_background_image":true,"profile_text_color":"ACA5A5","default_profile_image":false,"id":39906995,"profile_background_image_url_https":"https:\/\/pbs.twimg.com\/profile_background_images\/53504651\/nvstarscolide1.br.jpg","verified":false,"profile_location":null,"profile_image_url_https":"https:\/\/pbs.twimg.com\/profile_images\/578370311239966721\/PIF--PB1_normal.jpeg","profile_sidebar_fill_color":"3D3D3D","entities":{"description":{"urls":[]}},"followers_count":880,"profile_sidebar_border_color":"000000","id_str":"39906995","profile_background_color":"000000","listed_count":45,"is_translation_enabled":false,"utc_offset":-18000,"statuses_count":10484,"description":"Homeschool Mom & Forever DeadHead, Nightowl, Adoptee searching born 4\/16\/69","friends_count":1416,"location":"far far away","profile_link_color":"03C420","profile_image_url":"http:\/\/pbs.twimg.com\/profile_images\/578370311239966721\/PIF--PB1_normal.jpeg","following":false,"geo_enabled":false,"profile_banner_url":"https:\/\/pbs.twimg.com\/profile_banners\/39906995\/1401352382","profile_background_image_url":"http:\/\/pbs.twimg.com\/profile_background_images\/53504651\/nvstarscolide1.br.jpg","name":"Linda  Lennox       ","lang":"en","profile_background_tile":false,"favourites_count":1575,"screen_name":"Bunnylennox","notifications":false,"url":null,"created_at":"Thu May 14 02:33:47 +0000 2009","contributors_enabled":false,"time_zone":"Eastern Time (US & Canada)","protected":false,"default_profile":false,"is_translator":false},"geo":null,"in_reply_to_user_id_str":"22931893","lang":"en","created_at":"Mon Dec 15 07:42:40 +0000 2014","in_reply_to_status_id_str":"544362396597641216","place":null}