{"contributors":null,"truncated":false,"text":"@sethmnookin @LemMcAces Parents are still talking Seth... #CDCwhistleblower Reaching 500,000,000 Gonna write another book?","in_reply_to_status_id":544362396597641216,"id":544363021859295233,"favorite_count":0,"source":"<a href=\"http:\/\/tapbots.com\/tweetbot\" rel=\"nofollow\">Tweetbot for i\u039fS<\/a>","retweeted":false,"coordinates":null,"entities":{"symbols":[],"user_mentions":[{"id":22931893,"indices":[0,12],"id_str":"22931893","screen_name":"sethmnookin","name":"Seth Mnookin"},{"id":44766335,"indices":[13,23],"id_str":"44766335","screen_name":"LemMcAces","name":"Lem McAces"}],"hashtags":[{"indices":[58,75],"text":"CDCwhistleblower"}],"urls":[]},"in_reply_to_screen_name":"sethmnookin","id_str":"544363021859295233","retweet_count":2,"in_reply_to_user_id":22931893,"favorited":false,"user":{"follow_request_sent":false,"profile_use_background_image":true,"profile_text_color":"FF0F0F","default_profile_image":false,"id":16854311,"profile_background_image_url_https":"https:\/\/pbs.twimg.com\/profile_background_images\/433731617\/TannerandTim.png","verified":false,"profile_location":null,"profile_image_url_https":"https:\/\/pbs.twimg.com\/profile_images\/565705222140338176\/JOjiQBZq_normal.jpeg","profile_sidebar_fill_color":"C0DFEC","entities":{"url":{"urls":[{"url":"http:\/\/t.co\/pR66jQ8xi9","indices":[0,22],"expanded_url":"http:\/\/www.AgeofAutism.com","display_url":"AgeofAutism.com"}]},"description":{"urls":[]}},"followers_count":15454,"profile_sidebar_border_color":"A8C7F7","id_str":"16854311","profile_background_color":"022330","listed_count":818,"is_translation_enabled":false,"utc_offset":-21600,"statuses_count":143739,"description":"One of the most Influential and Active Parent Advocates for families dealing w Autism & Health Issues. World Citizen. ASPIE view from a Bean Field Down State IL","friends_count":16836,"location":"Catlin, IL","profile_link_color":"0E4A08","profile_image_url":"http:\/\/pbs.twimg.com\/profile_images\/565705222140338176\/JOjiQBZq_normal.jpeg","following":false,"geo_enabled":false,"profile_banner_url":"https:\/\/pbs.twimg.com\/profile_banners\/16854311\/1418102353","profile_background_image_url":"http:\/\/pbs.twimg.com\/profile_background_images\/433731617\/TannerandTim.png","name":"TannersDad Tim","lang":"en","profile_background_tile":true,"favourites_count":3738,"screen_name":"TannersDad","notifications":false,"url":"http:\/\/t.co\/pR66jQ8xi9","created_at":"Sun Oct 19 18:44:28 +0000 2008","contributors_enabled":false,"time_zone":"Central Time (US & Canada)","protected":false,"default_profile":false,"is_translator":false},"geo":null,"in_reply_to_user_id_str":"22931893","lang":"en","created_at":"Mon Dec 15 05:27:12 +0000 2014","in_reply_to_status_id_str":"544362396597641216","place":null}