{"contributors":null,"truncated":false,"text":".@gtfo They tweeted about it as it was happening, saying it was about getting more drivers working. Not at all automated @sethmnookin @Uber","in_reply_to_status_id":544356190109831168,"id":544369329685266433,"favorite_count":1,"source":"<a href=\"http:\/\/twitter.com\/download\/iphone\" rel=\"nofollow\">Twitter for iPhone<\/a>","retweeted":false,"coordinates":null,"entities":{"symbols":[],"user_mentions":[{"id":190313620,"indices":[1,6],"id_str":"190313620","screen_name":"gtfo","name":"gtfo"},{"id":22931893,"indices":[121,133],"id_str":"22931893","screen_name":"sethmnookin","name":"Seth Mnookin"},{"id":19103481,"indices":[134,139],"id_str":"19103481","screen_name":"Uber","name":"Uber"}],"hashtags":[],"urls":[]},"in_reply_to_screen_name":"gtfo","id_str":"544369329685266433","retweet_count":1,"in_reply_to_user_id":190313620,"favorited":false,"user":{"follow_request_sent":false,"profile_use_background_image":true,"profile_text_color":"333333","default_profile_image":false,"id":22137208,"profile_background_image_url_https":"https:\/\/abs.twimg.com\/images\/themes\/theme1\/bg.png","verified":false,"profile_location":null,"profile_image_url_https":"https:\/\/pbs.twimg.com\/profile_images\/578133726086868992\/7Ub-UMmI_normal.jpeg","profile_sidebar_fill_color":"DDEEF6","entities":{"url":{"urls":[{"url":"http:\/\/t.co\/YEnnyaRj4b","indices":[0,22],"expanded_url":"http:\/\/jamesroy.com.au","display_url":"jamesroy.com.au"}]},"description":{"urls":[]}},"followers_count":1476,"profile_sidebar_border_color":"C0DEED","id_str":"22137208","profile_background_color":"C0DEED","listed_count":61,"is_translation_enabled":false,"utc_offset":39600,"statuses_count":10938,"description":"Writer of books, articles, occasionally songs. Apparent bleeding heart lefty. People get default respect, ideas not necessarily.","friends_count":1731,"location":"Blue Mountains, NSW, Australia","profile_link_color":"0084B4","profile_image_url":"http:\/\/pbs.twimg.com\/profile_images\/578133726086868992\/7Ub-UMmI_normal.jpeg","following":false,"geo_enabled":false,"profile_banner_url":"https:\/\/pbs.twimg.com\/profile_banners\/22137208\/1396248069","profile_background_image_url":"http:\/\/abs.twimg.com\/images\/themes\/theme1\/bg.png","name":"James Roy-dolph","lang":"en","profile_background_tile":false,"favourites_count":2278,"screen_name":"jamesroywriter","notifications":false,"url":"http:\/\/t.co\/YEnnyaRj4b","created_at":"Fri Feb 27 13:09:15 +0000 2009","contributors_enabled":false,"time_zone":"Sydney","protected":false,"default_profile":true,"is_translator":false},"geo":null,"in_reply_to_user_id_str":"190313620","lang":"en","created_at":"Mon Dec 15 05:52:16 +0000 2014","in_reply_to_status_id_str":"544356190109831168","place":null}