{"contributors": null, "truncated": false, "text": "@sethmnookin I rarely ride in taxis and I've never ridden an Uber or Lyft or a limo. I have a yearly TriMet pass for Portland ;-)", "in_reply_to_status_id": 544359221647921155, "id": 544359677614505984, "favorite_count": 1, "source": "<a href=\"http://twitter.com\" rel=\"nofollow\">Twitter Web Client</a>", "retweeted": false, "coordinates": null, "entities": {"symbols": [], "user_mentions": [{"id": 22931893, "indices": [0, 12], "id_str": "22931893", "screen_name": "sethmnookin", "name": "Seth Mnookin"}], "hashtags": [], "urls": []}, "in_reply_to_screen_name": "sethmnookin", "id_str": "544359677614505984", "retweet_count": 0, "in_reply_to_user_id": 22931893, "favorited": false, "user": {"follow_request_sent": false, "profile_use_background_image": true, "profile_text_color": "696545", "default_profile_image": false, "id": 741803, "profile_background_image_url_https": "https://pbs.twimg.com/profile_background_images/812534600/1d0ddfba8a3a2f2c92354b7c04705c50.jpeg", "verified": false, "profile_location": null, "profile_image_url_https": "https://pbs.twimg.com/profile_images/451384376530464768/8pQbbpnb_normal.jpeg", "profile_sidebar_fill_color": "262626", "entities": {"url": {"urls": [{"url": "http://t.co/t16ps67Mm7", "indices": [0, 22], "expanded_url": "http://www.znmeb.mobi", "display_url": "znmeb.mobi"}]}, "description": {"urls": []}}, "followers_count": 12136, "profile_sidebar_border_color": "4D4A33", "id_str": "741803", "profile_background_color": "091304", "listed_count": 1026, "is_translation_enabled": false, "utc_offset": -28800, "statuses_count": 141594, "description": "Buck Borasky, Frontier Programmer - sit-down comic, thought follower, former boy genius, curmudgeon-in-residence, computational journalist, algorithmic composer", "friends_count": 11792, "location": "Portland, OR", "profile_link_color": "0000FF", "profile_image_url": "http://pbs.twimg.com/profile_images/451384376530464768/8pQbbpnb_normal.jpeg", "following": false, "geo_enabled": true, "profile_banner_url": "https://pbs.twimg.com/profile_banners/741803/1398198736", "profile_background_image_url": "http://pbs.twimg.com/profile_background_images/812534600/1d0ddfba8a3a2f2c92354b7c04705c50.jpeg", "name": "\u1647\u14d0 M Edward Borasky", "lang": "en", "profile_background_tile": false, "favourites_count": 7521, "screen_name": "znmeb", "notifications": false, "url": "http://t.co/t16ps67Mm7", "created_at": "Thu Feb 01 05:03:16 +0000 2007", "contributors_enabled": false, "time_zone": "Pacific Time (US & Canada)", "protected": false, "default_profile": false, "is_translator": false}, "geo": null, "in_reply_to_user_id_str": "22931893", "lang": "en", "created_at": "Mon Dec 15 05:13:55 +0000 2014", "in_reply_to_status_id_str": "544359221647921155", "place": null}
