{"contributors": null, "truncated": false, "text": "@sethmnookin @Uber Whats the big deal? Isnt this one of the rules of acquisition?", "in_reply_to_status_id": 544355845489065984, "id": 544356775013908480, "favorite_count": 0, "source": "<a href=\"http://twitter.com\" rel=\"nofollow\">Twitter Web Client</a>", "retweeted": false, "coordinates": null, "entities": {"symbols": [], "user_mentions": [{"id": 22931893, "indices": [0, 12], "id_str": "22931893", "screen_name": "sethmnookin", "name": "Seth Mnookin"}, {"id": 19103481, "indices": [13, 18], "id_str": "19103481", "screen_name": "Uber", "name": "Uber"}], "hashtags": [], "urls": []}, "in_reply_to_screen_name": "sethmnookin", "id_str": "544356775013908480", "retweet_count": 0, "in_reply_to_user_id": 22931893, "favorited": false, "user": {"follow_request_sent": false, "profile_use_background_image": true, "profile_text_color": "333333", "default_profile_image": true, "id": 954335515, "profile_background_image_url_https": "https://abs.twimg.com/images/themes/theme1/bg.png", "verified": false, "profile_location": null, "profile_image_url_https": "https://abs.twimg.com/sticky/default_profile_images/default_profile_0_normal.png", "profile_sidebar_fill_color": "DDEEF6", "entities": {"description": {"urls": []}}, "followers_count": 17, "profile_sidebar_border_color": "C0DEED", "id_str": "954335515", "profile_background_color": "C0DEED", "listed_count": 0, "is_translation_enabled": false, "utc_offset": -14400, "statuses_count": 536, "description": "", "friends_count": 187, "location": "", "profile_link_color": "0084B4", "profile_image_url": "http://abs.twimg.com/sticky/default_profile_images/default_profile_0_normal.png", "following": false, "geo_enabled": false, "profile_background_image_url": "http://abs.twimg.com/images/themes/theme1/bg.png", "name": "st", "lang": "en", "profile_background_tile": false, "favourites_count": 5, "screen_name": "SettozeroSteve", "notifications": false, "url": null, "created_at": "Sat Nov 17 21:08:21 +0000 2012", "contributors_enabled": false, "time_zone": "Atlantic Time (Canada)", "protected": false, "default_profile": true, "is_translator": false}, "geo": null, "in_reply_to_user_id_str": "22931893", "lang": "en", "created_at": "Mon Dec 15 05:02:23 +0000 2014", "in_reply_to_status_id_str": "544355845489065984", "place": null}
