{"contributors":null,"truncated":false,"text":"@sethmnookin @LemMcAces What city?  Me, Boston. Quit for required internship, not nearly as justifiable as GD","in_reply_to_status_id":544362396597641216,"id":544526488121274368,"favorite_count":0,"source":"<a href=\"http:\/\/twitterrific.com\" rel=\"nofollow\">Twitterrific<\/a>","retweeted":false,"coordinates":null,"entities":{"symbols":[],"user_mentions":[{"id":22931893,"indices":[0,12],"id_str":"22931893","screen_name":"sethmnookin","name":"Seth Mnookin"},{"id":44766335,"indices":[13,23],"id_str":"44766335","screen_name":"LemMcAces","name":"Lem McAces"}],"hashtags":[],"urls":[]},"in_reply_to_screen_name":"sethmnookin","id_str":"544526488121274368","retweet_count":0,"in_reply_to_user_id":22931893,"favorited":false,"user":{"follow_request_sent":false,"profile_use_background_image":true,"profile_text_color":"663B12","default_profile_image":false,"id":137545134,"profile_background_image_url_https":"https:\/\/abs.twimg.com\/images\/themes\/theme2\/bg.gif","verified":false,"profile_location":null,"profile_image_url_https":"https:\/\/pbs.twimg.com\/profile_images\/563752934685417472\/6zy1OcI3_normal.jpeg","profile_sidebar_fill_color":"DAECF4","entities":{"url":{"urls":[{"url":"http:\/\/t.co\/Q9M6hC5OXz","indices":[0,22],"expanded_url":"http:\/\/timspofford.com","display_url":"timspofford.com"}]},"description":{"urls":[]}},"followers_count":74,"profile_sidebar_border_color":"C6E2EE","id_str":"137545134","profile_background_color":"C6E2EE","listed_count":1,"is_translation_enabled":false,"utc_offset":-28800,"statuses_count":3378,"description":"","friends_count":122,"location":"Portland, Oregon","profile_link_color":"1F98C7","profile_image_url":"http:\/\/pbs.twimg.com\/profile_images\/563752934685417472\/6zy1OcI3_normal.jpeg","following":false,"geo_enabled":true,"profile_banner_url":"https:\/\/pbs.twimg.com\/profile_banners\/137545134\/1363988611","profile_background_image_url":"http:\/\/abs.twimg.com\/images\/themes\/theme2\/bg.gif","name":"Tim Spofford","lang":"en","profile_background_tile":false,"favourites_count":48,"screen_name":"Spof22","notifications":false,"url":"http:\/\/t.co\/Q9M6hC5OXz","created_at":"Tue Apr 27 02:00:38 +0000 2010","contributors_enabled":false,"time_zone":"Pacific Time (US & Canada)","protected":false,"default_profile":false,"is_translator":false},"geo":null,"in_reply_to_user_id_str":"22931893","lang":"en","created_at":"Mon Dec 15 16:16:46 +0000 2014","in_reply_to_status_id_str":"544362396597641216","place":null}