{"contributors":null,"truncated":false,"text":"It was a St. Louis County police officer who shot this man, according to PIO Brian Schellman. #ferguson","in_reply_to_status_id":null,"id":499456913902284800,"favorite_count":24,"source":"<a href=\"http:\/\/twitter.com\" rel=\"nofollow\">Twitter Web Client<\/a>","retweeted":false,"coordinates":null,"entities":{"symbols":[],"user_mentions":[],"hashtags":[{"indices":[94,103],"text":"ferguson"}],"urls":[]},"in_reply_to_screen_name":null,"id_str":"499456913902284800","retweet_count":114,"in_reply_to_user_id":null,"favorited":false,"user":{"follow_request_sent":false,"profile_use_background_image":false,"default_profile_image":false,"id":16936858,"profile_background_image_url_https":"https:\/\/abs.twimg.com\/images\/themes\/theme18\/bg.gif","verified":true,"profile_text_color":"000000","profile_image_url_https":"https:\/\/pbs.twimg.com\/profile_images\/517755804502351872\/cid1Bg___normal.jpeg","profile_sidebar_fill_color":"000000","entities":{"url":{"urls":[{"url":"http:\/\/t.co\/vUEOv2XwCC","indices":[0,22],"expanded_url":"http:\/\/www.stltoday.com","display_url":"stltoday.com"}]},"description":{"urls":[]}},"followers_count":2380,"profile_sidebar_border_color":"000000","id_str":"16936858","profile_background_color":"C7E8E4","listed_count":162,"is_translation_enabled":false,"utc_offset":-18000,"statuses_count":2288,"description":"Valerie Schremp Hahn, St. Louis Post-Dispatch nightside public safety reporter. STL native (Cor Jesu!), city dweller, info junkie, & mom of two. Usually tired.","friends_count":573,"location":"St. Louis, MO, USA","profile_link_color":"4961BD","profile_image_url":"http:\/\/pbs.twimg.com\/profile_images\/517755804502351872\/cid1Bg___normal.jpeg","following":false,"geo_enabled":true,"profile_banner_url":"https:\/\/pbs.twimg.com\/profile_banners\/16936858\/1398311115","profile_background_image_url":"http:\/\/abs.twimg.com\/images\/themes\/theme18\/bg.gif","screen_name":"valeriehahn","lang":"en","profile_background_tile":false,"favourites_count":182,"name":"Valerie Schremp Hahn","notifications":false,"url":"http:\/\/t.co\/vUEOv2XwCC","created_at":"Thu Oct 23 22:13:50 +0000 2008","contributors_enabled":false,"time_zone":"Central Time (US & Canada)","protected":false,"default_profile":false,"is_translator":false},"geo":null,"in_reply_to_user_id_str":null,"lang":"en","created_at":"Wed Aug 13 07:26:22 +0000 2014","in_reply_to_status_id_str":null,"place":null}