{"contributors":null,"truncated":false,"text":"@Independent The last* person.","in_reply_to_status_id":553137849663361024,"id":553138654982721536,"favorite_count":2,"source":"<a href=\"http:\/\/twitter.com\/download\/iphone\" rel=\"nofollow\">Twitter for iPhone<\/a>","retweeted":false,"coordinates":null,"entities":{"symbols":[],"user_mentions":[{"id":16973333,"indices":[0,12],"id_str":"16973333","screen_name":"Independent","name":"The Independent"}],"hashtags":[],"urls":[]},"in_reply_to_screen_name":"Independent","id_str":"553138654982721536","retweet_count":0,"in_reply_to_user_id":16973333,"favorited":false,"user":{"follow_request_sent":false,"profile_use_background_image":true,"profile_text_color":"333333","default_profile_image":false,"id":711329731,"profile_background_image_url_https":"https:\/\/abs.twimg.com\/images\/themes\/theme1\/bg.png","verified":false,"profile_location":null,"profile_image_url_https":"https:\/\/pbs.twimg.com\/profile_images\/587008692102569984\/C_0wq7np_normal.jpg","profile_sidebar_fill_color":"DDEEF6","entities":{"description":{"urls":[]}},"followers_count":154,"profile_sidebar_border_color":"C0DEED","id_str":"711329731","profile_background_color":"C0DEED","listed_count":2,"is_translation_enabled":false,"utc_offset":null,"statuses_count":1701,"description":"aka. Jambon 1er Prix, aka. Pataplum, aka. Dr Pepper... Si peu de personnalit\u00e9 et tellement de pseudo. Ma vie a \u00e9t\u00e9 construite sur un cimeti\u00e8re indien.","friends_count":782,"location":"","profile_link_color":"0084B4","profile_image_url":"http:\/\/pbs.twimg.com\/profile_images\/587008692102569984\/C_0wq7np_normal.jpg","following":false,"geo_enabled":false,"profile_banner_url":"https:\/\/pbs.twimg.com\/profile_banners\/711329731\/1411151246","profile_background_image_url":"http:\/\/abs.twimg.com\/images\/themes\/theme1\/bg.png","name":"Le Cocotte","lang":"fr","profile_background_tile":false,"favourites_count":1203,"screen_name":"Cocotte_Tapas","notifications":false,"url":null,"created_at":"Sun Jul 22 21:54:36 +0000 2012","contributors_enabled":false,"time_zone":null,"protected":false,"default_profile":true,"is_translator":false},"geo":null,"in_reply_to_user_id_str":"16973333","lang":"en","created_at":"Thu Jan 08 10:38:26 +0000 2015","in_reply_to_status_id_str":"553137849663361024","place":null}