{"contributors": null, "truncated": false, "text": "@ptcpics @Independent Came about 15 seconds after the still when he was actually killed m8", "in_reply_to_status_id": 553138822272520193, "id": 553141593910165506, "favorite_count": 1, "source": "<a href=\"http://twitter.com\" rel=\"nofollow\">Twitter Web Client</a>", "retweeted": false, "coordinates": null, "entities": {"symbols": [], "user_mentions": [{"id": 77325070, "indices": [0, 8], "id_str": "77325070", "screen_name": "ptcpics", "name": "PTC Photography"}, {"id": 16973333, "indices": [9, 21], "id_str": "16973333", "screen_name": "Independent", "name": "The Independent"}], "hashtags": [], "urls": []}, "in_reply_to_screen_name": "ptcpics", "id_str": "553141593910165506", "retweet_count": 0, "in_reply_to_user_id": 77325070, "favorited": false, "user": {"follow_request_sent": false, "profile_use_background_image": true, "profile_text_color": "333333", "default_profile_image": false, "id": 20360717, "profile_background_image_url_https": "https://pbs.twimg.com/profile_background_images/468729120604438528/aj-0XCEJ.jpeg", "verified": false, "profile_location": null, "profile_image_url_https": "https://pbs.twimg.com/profile_images/496066731316477952/Hmebb4WE_normal.jpeg", "profile_sidebar_fill_color": "DDEEF6", "entities": {"url": {"urls": [{"url": "http://t.co/q0uNJBpxv8", "indices": [0, 22], "expanded_url": "http://thatguynamedchris.wordpress.com/", "display_url": "thatguynamedchris.wordpress.com"}]}, "description": {"urls": []}}, "followers_count": 141, "profile_sidebar_border_color": "FFFFFF", "id_str": "20360717", "profile_background_color": "C0DEED", "listed_count": 1, "is_translation_enabled": false, "utc_offset": 39600, "statuses_count": 2942, "description": "My tweets are written by a group of monkeys with typewriters.", "friends_count": 501, "location": "STRAYA", "profile_link_color": "0084B4", "profile_image_url": "http://pbs.twimg.com/profile_images/496066731316477952/Hmebb4WE_normal.jpeg", "following": false, "geo_enabled": false, "profile_banner_url": "https://pbs.twimg.com/profile_banners/20360717/1406377015", "profile_background_image_url": "http://pbs.twimg.com/profile_background_images/468729120604438528/aj-0XCEJ.jpeg", "name": "MEANEST", "lang": "en", "profile_background_tile": true, "favourites_count": 385, "screen_name": "exphate", "notifications": false, "url": "http://t.co/q0uNJBpxv8", "created_at": "Sun Feb 08 11:03:43 +0000 2009", "contributors_enabled": false, "time_zone": "Melbourne", "protected": false, "default_profile": false, "is_translator": false}, "geo": null, "in_reply_to_user_id_str": "77325070", "lang": "en", "created_at": "Thu Jan 08 10:50:07 +0000 2015", "in_reply_to_status_id_str": "553138822272520193", "place": null}
