{"contributors":null,"truncated":false,"text":"@Independent My heart is heavy with sorrow for those innocent victims, their mourning families and friends, colleagues alike!","in_reply_to_status_id":553137849663361024,"id":553142422939508736,"favorite_count":0,"source":"<a href=\"http:\/\/twitter.com\/#!\/download\/ipad\" rel=\"nofollow\">Twitter for iPad<\/a>","retweeted":false,"coordinates":null,"entities":{"symbols":[],"user_mentions":[{"id":16973333,"indices":[0,12],"id_str":"16973333","screen_name":"Independent","name":"The Independent"}],"hashtags":[],"urls":[]},"in_reply_to_screen_name":"Independent","id_str":"553142422939508736","retweet_count":0,"in_reply_to_user_id":16973333,"favorited":false,"user":{"follow_request_sent":false,"profile_use_background_image":true,"profile_text_color":"333333","default_profile_image":false,"id":1104722846,"profile_background_image_url_https":"https:\/\/abs.twimg.com\/images\/themes\/theme1\/bg.png","verified":false,"profile_location":null,"profile_image_url_https":"https:\/\/pbs.twimg.com\/profile_images\/577452724603658241\/Gy_yfuJn_normal.jpeg","profile_sidebar_fill_color":"DDEEF6","entities":{"url":{"urls":[{"url":"http:\/\/t.co\/VEJ1klc7Zi","indices":[0,22],"expanded_url":"http:\/\/facebook.com\/AnthonyAaronA2Z","display_url":"facebook.com\/AnthonyAaronA2Z"}]},"description":{"urls":[]}},"followers_count":67,"profile_sidebar_border_color":"C0DEED","id_str":"1104722846","profile_background_color":"C0DEED","listed_count":2,"is_translation_enabled":false,"utc_offset":null,"statuses_count":1288,"description":"MY HORSE  CAN MODEL, SMILE, SING, DANCE and ACT! ...Wait, what... all at the same time?!","friends_count":317,"location":"Brisbane, Australia","profile_link_color":"0084B4","profile_image_url":"http:\/\/pbs.twimg.com\/profile_images\/577452724603658241\/Gy_yfuJn_normal.jpeg","following":false,"geo_enabled":true,"profile_banner_url":"https:\/\/pbs.twimg.com\/profile_banners\/1104722846\/1420978148","profile_background_image_url":"http:\/\/abs.twimg.com\/images\/themes\/theme1\/bg.png","name":"Anthony Aaron","lang":"en","profile_background_tile":false,"favourites_count":106,"screen_name":"AnthonyAaronA2Z","notifications":false,"url":"http:\/\/t.co\/VEJ1klc7Zi","created_at":"Sat Jan 19 21:37:10 +0000 2013","contributors_enabled":false,"time_zone":null,"protected":false,"default_profile":true,"is_translator":false},"geo":null,"in_reply_to_user_id_str":"16973333","lang":"en","created_at":"Thu Jan 08 10:53:25 +0000 2015","in_reply_to_status_id_str":"553137849663361024","place":null}