{"contributors":null,"truncated":false,"text":"\u201c@Independent: The first person killed in Charlie Hebdo attacks was Muslim police officer http:\/\/t.co\/b1vytGY3TS http:\/\/t.co\/aHpfyhx6NX\u201d \ud83d\udc40","in_reply_to_status_id":553137849663361024,"id":553138720681885696,"favorite_count":0,"source":"<a href=\"http:\/\/twitter.com\/download\/iphone\" rel=\"nofollow\">Twitter for iPhone<\/a>","retweeted":false,"coordinates":null,"entities":{"symbols":[],"user_mentions":[{"id":16973333,"indices":[1,13],"id_str":"16973333","screen_name":"Independent","name":"The Independent"}],"hashtags":[],"urls":[{"url":"http:\/\/t.co\/b1vytGY3TS","indices":[90,112],"expanded_url":"http:\/\/ind.pn\/1yE1GTq","display_url":"ind.pn\/1yE1GTq"}],"media":[{"source_user_id":16973333,"source_status_id_str":"553137849663361024","expanded_url":"http:\/\/twitter.com\/Independent\/status\/553137849663361024\/photo\/1","display_url":"pic.twitter.com\/aHpfyhx6NX","url":"http:\/\/t.co\/aHpfyhx6NX","media_url_https":"https:\/\/pbs.twimg.com\/media\/B60iC1tCQAAyvC1.jpg","source_user_id_str":"16973333","source_status_id":553137849663361024,"id_str":"553135761407492096","sizes":{"small":{"h":255,"resize":"fit","w":340},"large":{"h":465,"resize":"fit","w":620},"medium":{"h":450,"resize":"fit","w":600},"thumb":{"h":150,"resize":"crop","w":150}},"indices":[113,135],"type":"photo","id":553135761407492096,"media_url":"http:\/\/pbs.twimg.com\/media\/B60iC1tCQAAyvC1.jpg"}]},"in_reply_to_screen_name":"Independent","id_str":"553138720681885696","retweet_count":1,"in_reply_to_user_id":16973333,"favorited":false,"user":{"follow_request_sent":false,"profile_use_background_image":true,"profile_text_color":"333333","default_profile_image":false,"id":2393507977,"profile_background_image_url_https":"https:\/\/abs.twimg.com\/images\/themes\/theme1\/bg.png","verified":false,"profile_location":null,"profile_image_url_https":"https:\/\/pbs.twimg.com\/profile_images\/583983250571309056\/1DkHojN1_normal.jpg","profile_sidebar_fill_color":"DDEEF6","entities":{"description":{"urls":[]}},"followers_count":5107,"profile_sidebar_border_color":"C0DEED","id_str":"2393507977","profile_background_color":"C0DEED","listed_count":29,"is_translation_enabled":false,"utc_offset":-21600,"statuses_count":42883,"description":"I'm living in the future, so the present is my past. My presence is a present kiss my ass","friends_count":640,"location":"St.Louis, MO","profile_link_color":"0084B4","profile_image_url":"http:\/\/pbs.twimg.com\/profile_images\/583983250571309056\/1DkHojN1_normal.jpg","following":false,"geo_enabled":true,"profile_banner_url":"https:\/\/pbs.twimg.com\/profile_banners\/2393507977\/1417615304","profile_background_image_url":"http:\/\/abs.twimg.com\/images\/themes\/theme1\/bg.png","name":"righteous","lang":"en","profile_background_tile":false,"favourites_count":4957,"screen_name":"MsShawnaCamila","notifications":false,"url":null,"created_at":"Mon Mar 17 00:52:44 +0000 2014","contributors_enabled":false,"time_zone":"Central Time (US & Canada)","protected":false,"default_profile":true,"is_translator":false},"geo":null,"in_reply_to_user_id_str":"16973333","possibly_sensitive":false,"lang":"en","created_at":"Thu Jan 08 10:38:42 +0000 2015","in_reply_to_status_id_str":"553137849663361024","place":null,"extended_entities":{"media":[{"source_user_id":16973333,"source_status_id_str":"553137849663361024","expanded_url":"http:\/\/twitter.com\/Independent\/status\/553137849663361024\/photo\/1","display_url":"pic.twitter.com\/aHpfyhx6NX","url":"http:\/\/t.co\/aHpfyhx6NX","media_url_https":"https:\/\/pbs.twimg.com\/media\/B60iC1tCQAAyvC1.jpg","source_user_id_str":"16973333","source_status_id":553137849663361024,"id_str":"553135761407492096","sizes":{"small":{"h":255,"resize":"fit","w":340},"large":{"h":465,"resize":"fit","w":620},"medium":{"h":450,"resize":"fit","w":600},"thumb":{"h":150,"resize":"crop","w":150}},"indices":[113,135],"type":"photo","id":553135761407492096,"media_url":"http:\/\/pbs.twimg.com\/media\/B60iC1tCQAAyvC1.jpg"}]}}