{"contributors":null,"truncated":false,"text":"\ud83d\udc4e\ud83d\udc4e\u201c@Independent: The first person killed in Charlie Hebdo attacks was Muslim police officer http:\/\/t.co\/yIQFHBvLrB http:\/\/t.co\/b7h5oUxQiR\u201d","in_reply_to_status_id":553137849663361024,"id":553138103721132032,"favorite_count":0,"source":"<a href=\"http:\/\/twitter.com\/download\/iphone\" rel=\"nofollow\">Twitter for iPhone<\/a>","retweeted":false,"coordinates":null,"entities":{"symbols":[],"user_mentions":[{"id":16973333,"indices":[3,15],"id_str":"16973333","screen_name":"Independent","name":"The Independent"}],"hashtags":[],"urls":[{"url":"http:\/\/t.co\/yIQFHBvLrB","indices":[92,114],"expanded_url":"http:\/\/ind.pn\/1yE1GTq","display_url":"ind.pn\/1yE1GTq"}],"media":[{"source_user_id":16973333,"source_status_id_str":"553137849663361024","expanded_url":"http:\/\/twitter.com\/Independent\/status\/553137849663361024\/photo\/1","display_url":"pic.twitter.com\/b7h5oUxQiR","url":"http:\/\/t.co\/b7h5oUxQiR","media_url_https":"https:\/\/pbs.twimg.com\/media\/B60iC1tCQAAyvC1.jpg","source_user_id_str":"16973333","source_status_id":553137849663361024,"id_str":"553135761407492096","sizes":{"small":{"h":255,"resize":"fit","w":340},"large":{"h":465,"resize":"fit","w":620},"medium":{"h":450,"resize":"fit","w":600},"thumb":{"h":150,"resize":"crop","w":150}},"indices":[115,137],"type":"photo","id":553135761407492096,"media_url":"http:\/\/pbs.twimg.com\/media\/B60iC1tCQAAyvC1.jpg"}]},"in_reply_to_screen_name":"Independent","id_str":"553138103721132032","retweet_count":0,"in_reply_to_user_id":16973333,"favorited":false,"user":{"follow_request_sent":false,"profile_use_background_image":true,"profile_text_color":"333333","default_profile_image":false,"id":307054184,"profile_background_image_url_https":"https:\/\/abs.twimg.com\/images\/themes\/theme14\/bg.gif","verified":false,"profile_location":null,"profile_image_url_https":"https:\/\/pbs.twimg.com\/profile_images\/590414863056375808\/yVIBsRcD_normal.jpg","profile_sidebar_fill_color":"EFEFEF","entities":{"description":{"urls":[]}},"followers_count":2913,"profile_sidebar_border_color":"EEEEEE","id_str":"307054184","profile_background_color":"131516","listed_count":6,"is_translation_enabled":false,"utc_offset":null,"statuses_count":93471,"description":"","friends_count":761,"location":"","profile_link_color":"009999","profile_image_url":"http:\/\/pbs.twimg.com\/profile_images\/590414863056375808\/yVIBsRcD_normal.jpg","following":false,"geo_enabled":true,"profile_banner_url":"https:\/\/pbs.twimg.com\/profile_banners\/307054184\/1421676945","profile_background_image_url":"http:\/\/abs.twimg.com\/images\/themes\/theme14\/bg.gif","name":"Sir_elmusty ","lang":"en","profile_background_tile":true,"favourites_count":910,"screen_name":"Sir_elmusty","notifications":false,"url":null,"created_at":"Sat May 28 23:10:56 +0000 2011","contributors_enabled":false,"time_zone":null,"protected":false,"default_profile":false,"is_translator":false},"geo":null,"in_reply_to_user_id_str":"16973333","possibly_sensitive":false,"lang":"en","created_at":"Thu Jan 08 10:36:15 +0000 2015","in_reply_to_status_id_str":"553137849663361024","place":null,"extended_entities":{"media":[{"source_user_id":16973333,"source_status_id_str":"553137849663361024","expanded_url":"http:\/\/twitter.com\/Independent\/status\/553137849663361024\/photo\/1","display_url":"pic.twitter.com\/b7h5oUxQiR","url":"http:\/\/t.co\/b7h5oUxQiR","media_url_https":"https:\/\/pbs.twimg.com\/media\/B60iC1tCQAAyvC1.jpg","source_user_id_str":"16973333","source_status_id":553137849663361024,"id_str":"553135761407492096","sizes":{"small":{"h":255,"resize":"fit","w":340},"large":{"h":465,"resize":"fit","w":620},"medium":{"h":450,"resize":"fit","w":600},"thumb":{"h":150,"resize":"crop","w":150}},"indices":[115,137],"type":"photo","id":553135761407492096,"media_url":"http:\/\/pbs.twimg.com\/media\/B60iC1tCQAAyvC1.jpg"}]}}