{"contributors": null, "truncated": false, "text": "@Independent Deeply condemn the attack! No one has right to kill the others in the name of Islam. Horrific barbaric attack!", "in_reply_to_status_id": 553137849663361024, "id": 553140783919149057, "favorite_count": 0, "source": "<a href=\"http://twitter.com/download/iphone\" rel=\"nofollow\">Twitter for iPhone</a>", "retweeted": false, "coordinates": null, "entities": {"symbols": [], "user_mentions": [{"id": 16973333, "indices": [0, 12], "id_str": "16973333", "screen_name": "Independent", "name": "The Independent"}], "hashtags": [], "urls": []}, "in_reply_to_screen_name": "Independent", "id_str": "553140783919149057", "retweet_count": 0, "in_reply_to_user_id": 16973333, "favorited": false, "user": {"follow_request_sent": false, "profile_use_background_image": true, "profile_text_color": "333333", "default_profile_image": false, "id": 114113009, "profile_background_image_url_https": "https://pbs.twimg.com/profile_background_images/579643629/g2ec3mq22sxdrpktmp7u.jpeg", "verified": false, "profile_location": null, "profile_image_url_https": "https://pbs.twimg.com/profile_images/537127468914974720/LSHpkUVO_normal.jpeg", "profile_sidebar_fill_color": "DDEEF6", "entities": {"description": {"urls": []}}, "followers_count": 1586, "profile_sidebar_border_color": "C0DEED", "id_str": "114113009", "profile_background_color": "9AE4E8", "listed_count": 20, "is_translation_enabled": false, "utc_offset": -18000, "statuses_count": 3781, "description": "Haberci/Journalist- Foreign News- Bug\u00fcnlerde biraz do\u011fa biraz do\u011fu- TR", "friends_count": 1445, "location": "Turkey", "profile_link_color": "0084B4", "profile_image_url": "http://pbs.twimg.com/profile_images/537127468914974720/LSHpkUVO_normal.jpeg", "following": false, "geo_enabled": false, "profile_banner_url": "https://pbs.twimg.com/profile_banners/114113009/1417272080", "profile_background_image_url": "http://pbs.twimg.com/profile_background_images/579643629/g2ec3mq22sxdrpktmp7u.jpeg", "name": "Servet Sayma", "lang": "en", "profile_background_tile": true, "favourites_count": 142, "screen_name": "s_sayma", "notifications": false, "url": null, "created_at": "Sun Feb 14 05:24:37 +0000 2010", "contributors_enabled": false, "time_zone": "Eastern Time (US & Canada)", "protected": false, "default_profile": false, "is_translator": false}, "geo": null, "in_reply_to_user_id_str": "16973333", "lang": "en", "created_at": "Thu Jan 08 10:46:54 +0000 2015", "in_reply_to_status_id_str": "553137849663361024", "place": null}
