{"contributors":null,"truncated":false,"text":"@Independent Yet - the timeline as put forward by the French Police says that Police Officer was killed as they left the building to flee.","in_reply_to_status_id":553137849663361024,"id":553138844162207747,"favorite_count":0,"source":"<a href=\"https:\/\/about.twitter.com\/products\/tweetdeck\" rel=\"nofollow\">TweetDeck<\/a>","retweeted":false,"coordinates":null,"entities":{"symbols":[],"user_mentions":[{"id":16973333,"indices":[0,12],"id_str":"16973333","screen_name":"Independent","name":"The Independent"}],"hashtags":[],"urls":[]},"in_reply_to_screen_name":"Independent","id_str":"553138844162207747","retweet_count":0,"in_reply_to_user_id":16973333,"favorited":false,"user":{"follow_request_sent":false,"profile_use_background_image":true,"profile_text_color":"333333","default_profile_image":false,"id":19045104,"profile_background_image_url_https":"https:\/\/pbs.twimg.com\/profile_background_images\/741853888\/cc090e7547c5869fc3fc387a03acefe8.jpeg","verified":false,"profile_location":null,"profile_image_url_https":"https:\/\/pbs.twimg.com\/profile_images\/590457849525874690\/AeahaL65_normal.jpg","profile_sidebar_fill_color":"EFEFEF","entities":{"url":{"urls":[{"url":"http:\/\/t.co\/ETt3XNiYxV","indices":[0,22],"expanded_url":"http:\/\/tinyurl.com\/f46en","display_url":"tinyurl.com\/f46en"}]},"description":{"urls":[]}},"followers_count":1861,"profile_sidebar_border_color":"FFFFFF","id_str":"19045104","profile_background_color":"131516","listed_count":64,"is_translation_enabled":false,"utc_offset":46800,"statuses_count":72082,"description":"hostis humanis generis","friends_count":1508,"location":"#Filly","profile_link_color":"009999","profile_image_url":"http:\/\/pbs.twimg.com\/profile_images\/590457849525874690\/AeahaL65_normal.jpg","following":false,"geo_enabled":true,"profile_banner_url":"https:\/\/pbs.twimg.com\/profile_banners\/19045104\/1354080014","profile_background_image_url":"http:\/\/pbs.twimg.com\/profile_background_images\/741853888\/cc090e7547c5869fc3fc387a03acefe8.jpeg","name":"Bill Blackstone","lang":"en","profile_background_tile":false,"favourites_count":156,"screen_name":"SirWB","notifications":false,"url":"http:\/\/t.co\/ETt3XNiYxV","created_at":"Thu Jan 15 23:29:13 +0000 2009","contributors_enabled":false,"time_zone":"Wellington","protected":false,"default_profile":false,"is_translator":false},"geo":null,"in_reply_to_user_id_str":"16973333","lang":"en","created_at":"Thu Jan 08 10:39:11 +0000 2015","in_reply_to_status_id_str":"553137849663361024","place":null}