{"contributors": null, "truncated": false, "text": "\u201c@Independent first person killed in Charlie Hebdo attacks was Muslim police officer http://t.co/4Vih80swM9 http://t.co/49wdmCKPA9 bastards", "in_reply_to_status_id": 553137849663361024, "id": 553143154405154816, "favorite_count": 0, "source": "<a href=\"http://twitter.com/#!/download/ipad\" rel=\"nofollow\">Twitter for iPad</a>", "retweeted": false, "coordinates": null, "entities": {"symbols": [], "user_mentions": [{"id": 16973333, "indices": [1, 13], "id_str": "16973333", "screen_name": "Independent", "name": "The Independent"}], "hashtags": [], "urls": [{"url": "http://t.co/4Vih80swM9", "indices": [85, 107], "expanded_url": "http://ind.pn/1yE1GTq", "display_url": "ind.pn/1yE1GTq"}], "media": [{"source_user_id": 16973333, "source_status_id_str": "553137849663361024", "expanded_url": "http://twitter.com/Independent/status/553137849663361024/photo/1", "display_url": "pic.twitter.com/49wdmCKPA9", "url": "http://t.co/49wdmCKPA9", "media_url_https": "https://pbs.twimg.com/media/B60iC1tCQAAyvC1.jpg", "source_user_id_str": "16973333", "source_status_id": 553137849663361024, "id_str": "553135761407492096", "sizes": {"small": {"h": 255, "resize": "fit", "w": 340}, "large": {"h": 465, "resize": "fit", "w": 620}, "medium": {"h": 450, "resize": "fit", "w": 600}, "thumb": {"h": 150, "resize": "crop", "w": 150}}, "indices": [108, 130], "type": "photo", "id": 553135761407492096, "media_url": "http://pbs.twimg.com/media/B60iC1tCQAAyvC1.jpg"}]}, "in_reply_to_screen_name": "Independent", "id_str": "553143154405154816", "retweet_count": 0, "in_reply_to_user_id": 16973333, "favorited": false, "user": {"follow_request_sent": false, "profile_use_background_image": true, "profile_text_color": "0C3E53", "default_profile_image": false, "id": 29177184, "profile_background_image_url_https": "https://abs.twimg.com/images/themes/theme12/bg.gif", "verified": false, "profile_location": null, "profile_image_url_https": "https://pbs.twimg.com/profile_images/551331060106027008/j1bAWHzO_normal.jpeg", "profile_sidebar_fill_color": "FFF7CC", "entities": {"description": {"urls": []}}, "followers_count": 826, "profile_sidebar_border_color": "FFFFFF", "id_str": "29177184", "profile_background_color": "BADFCD", "listed_count": 6, "is_translation_enabled": false, "utc_offset": 39600, "statuses_count": 8169, "description": "a left leaning atheist, follows Cronulla Sharks and Liverpool FC.", "friends_count": 971, "location": "Sydney", "profile_link_color": "FF0000", "profile_image_url": "http://pbs.twimg.com/profile_images/551331060106027008/j1bAWHzO_normal.jpeg", "following": false, "geo_enabled": false, "profile_banner_url": "https://pbs.twimg.com/profile_banners/29177184/1420071683", "profile_background_image_url": "http://abs.twimg.com/images/themes/theme12/bg.gif", "name": "Mick ", "lang": "en", "profile_background_tile": false, "favourites_count": 1171, "screen_name": "sharkiemick", "notifications": false, "url": null, "created_at": "Mon Apr 06 10:33:05 +0000 2009", "contributors_enabled": false, "time_zone": "Sydney", "protected": false, "default_profile": false, "is_translator": false}, "geo": null, "in_reply_to_user_id_str": "16973333", "possibly_sensitive": false, "lang": "en", "created_at": "Thu Jan 08 10:56:19 +0000 2015", "in_reply_to_status_id_str": "553137849663361024", "place": null, "extended_entities": {"media": [{"source_user_id": 16973333, "source_status_id_str": "553137849663361024", "expanded_url": "http://twitter.com/Independent/status/553137849663361024/photo/1", "display_url": "pic.twitter.com/49wdmCKPA9", "url": "http://t.co/49wdmCKPA9", "media_url_https": "https://pbs.twimg.com/media/B60iC1tCQAAyvC1.jpg", "source_user_id_str": "16973333", "source_status_id": 553137849663361024, "id_str": "553135761407492096", "sizes": {"small": {"h": 255, "resize": "fit", "w": 340}, "large": {"h": 465, "resize": "fit", "w": 620}, "medium": {"h": 450, "resize": "fit", "w": 600}, "thumb": {"h": 150, "resize": "crop", "w": 150}}, "indices": [108, 130], "type": "photo", "id": 553135761407492096, "media_url": "http://pbs.twimg.com/media/B60iC1tCQAAyvC1.jpg"}]}}
