{"contributors": null, "truncated": false, "text": "@Independent @rodgerrodgersu murderers using religion to hide behind.", "in_reply_to_status_id": 553137849663361024, "id": 553139203777638400, "favorite_count": 1, "source": "<a href=\"http://twitter.com/download/android\" rel=\"nofollow\">Twitter for Android</a>", "retweeted": false, "coordinates": null, "entities": {"symbols": [], "user_mentions": [{"id": 16973333, "indices": [0, 12], "id_str": "16973333", "screen_name": "Independent", "name": "The Independent"}, {"id": 380848493, "indices": [13, 28], "id_str": "380848493", "screen_name": "rodgerrodgersu", "name": "#TeamUnaustralian"}], "hashtags": [], "urls": []}, "in_reply_to_screen_name": "Independent", "id_str": "553139203777638400", "retweet_count": 2, "in_reply_to_user_id": 16973333, "favorited": false, "user": {"follow_request_sent": false, "profile_use_background_image": true, "profile_text_color": "333333", "default_profile_image": false, "id": 1650202562, "profile_background_image_url_https": "https://abs.twimg.com/images/themes/theme1/bg.png", "verified": false, "profile_location": null, "profile_image_url_https": "https://pbs.twimg.com/profile_images/517899300097888257/UEVNXuIt_normal.jpeg", "profile_sidebar_fill_color": "DDEEF6", "entities": {"description": {"urls": []}}, "followers_count": 1724, "profile_sidebar_border_color": "C0DEED", "id_str": "1650202562", "profile_background_color": "C0DEED", "listed_count": 15, "is_translation_enabled": false, "utc_offset": null, "statuses_count": 9421, "description": "PR Officer, Mum, Animal lover, Writer?", "friends_count": 1736, "location": "Melbourne", "profile_link_color": "0084B4", "profile_image_url": "http://pbs.twimg.com/profile_images/517899300097888257/UEVNXuIt_normal.jpeg", "following": false, "geo_enabled": false, "profile_banner_url": "https://pbs.twimg.com/profile_banners/1650202562/1412323138", "profile_background_image_url": "http://abs.twimg.com/images/themes/theme1/bg.png", "name": "Jilly D'alton", "lang": "en", "profile_background_tile": false, "favourites_count": 27614, "screen_name": "jillyd72", "notifications": false, "url": null, "created_at": "Tue Aug 06 12:11:14 +0000 2013", "contributors_enabled": false, "time_zone": null, "protected": false, "default_profile": true, "is_translator": false}, "geo": null, "in_reply_to_user_id_str": "16973333", "lang": "en", "created_at": "Thu Jan 08 10:40:37 +0000 2015", "in_reply_to_status_id_str": "553137849663361024", "place": null}
