{"contributors": null, "truncated": false, "text": "@Independent where's the blood?", "in_reply_to_status_id": 553137849663361024, "id": 553138822272520193, "favorite_count": 0, "source": "<a href=\"http://twitter.com/download/iphone\" rel=\"nofollow\">Twitter for iPhone</a>", "retweeted": false, "coordinates": null, "entities": {"symbols": [], "user_mentions": [{"id": 16973333, "indices": [0, 12], "id_str": "16973333", "screen_name": "Independent", "name": "The Independent"}], "hashtags": [], "urls": []}, "in_reply_to_screen_name": "Independent", "id_str": "553138822272520193", "retweet_count": 0, "in_reply_to_user_id": 16973333, "favorited": false, "user": {"follow_request_sent": false, "profile_use_background_image": false, "profile_text_color": "000000", "default_profile_image": false, "id": 77325070, "profile_background_image_url_https": "https://abs.twimg.com/images/themes/theme15/bg.png", "verified": false, "profile_location": null, "profile_image_url_https": "https://pbs.twimg.com/profile_images/523659300523085824/sqrnfAlx_normal.jpeg", "profile_sidebar_fill_color": "000000", "entities": {"url": {"urls": [{"url": "http://t.co/2WZn55brJL", "indices": [0, 22], "expanded_url": "http://www.facebook.com/ptcphotographylondon", "display_url": "facebook.com/ptcphotography\u2026"}]}, "description": {"urls": []}}, "followers_count": 76, "profile_sidebar_border_color": "000000", "id_str": "77325070", "profile_background_color": "000000", "listed_count": 0, "is_translation_enabled": false, "utc_offset": 0, "statuses_count": 79, "description": "Freelance Band, Artist & General Photography", "friends_count": 100, "location": "North London, UK", "profile_link_color": "4A913C", "profile_image_url": "http://pbs.twimg.com/profile_images/523659300523085824/sqrnfAlx_normal.jpeg", "following": false, "geo_enabled": false, "profile_banner_url": "https://pbs.twimg.com/profile_banners/77325070/1413685015", "profile_background_image_url": "http://abs.twimg.com/images/themes/theme15/bg.png", "name": "PTC Photography", "lang": "en", "profile_background_tile": false, "favourites_count": 5, "screen_name": "ptcpics", "notifications": false, "url": "http://t.co/2WZn55brJL", "created_at": "Fri Sep 25 22:16:47 +0000 2009", "contributors_enabled": false, "time_zone": "London", "protected": false, "default_profile": false, "is_translator": false}, "geo": null, "in_reply_to_user_id_str": "16973333", "lang": "en", "created_at": "Thu Jan 08 10:39:06 +0000 2015", "in_reply_to_status_id_str": "553137849663361024", "place": null}
