{"contributors":null,"truncated":false,"text":"@jillyd72 @Independent inspiring wot most of us dont want in our societies, haters, feeding off haters ;-(","in_reply_to_status_id":553139203777638400,"id":553141864585371649,"favorite_count":1,"source":"<a href=\"https:\/\/about.twitter.com\/products\/tweetdeck\" rel=\"nofollow\">TweetDeck<\/a>","retweeted":false,"coordinates":null,"entities":{"symbols":[],"user_mentions":[{"id":1650202562,"indices":[0,9],"id_str":"1650202562","screen_name":"jillyd72","name":"Jilly D'alton"},{"id":16973333,"indices":[10,22],"id_str":"16973333","screen_name":"Independent","name":"The Independent"}],"hashtags":[],"urls":[]},"in_reply_to_screen_name":"jillyd72","id_str":"553141864585371649","retweet_count":1,"in_reply_to_user_id":1650202562,"favorited":false,"user":{"follow_request_sent":false,"profile_use_background_image":true,"profile_text_color":"333333","default_profile_image":false,"id":380848493,"profile_background_image_url_https":"https:\/\/pbs.twimg.com\/profile_background_images\/378800000079311023\/9e3a2251dbc014e5c9ee4c027e48811c.jpeg","verified":false,"profile_location":null,"profile_image_url_https":"https:\/\/pbs.twimg.com\/profile_images\/578489946522066944\/1n24fI1__normal.png","profile_sidebar_fill_color":"DDEEF6","entities":{"url":{"urls":[{"url":"http:\/\/t.co\/Uhjs0DmmY0","indices":[0,22],"expanded_url":"http:\/\/www.TakingThePiss.com","display_url":"TakingThePiss.com"}]},"description":{"urls":[]}},"followers_count":2254,"profile_sidebar_border_color":"FFFFFF","id_str":"380848493","profile_background_color":"C0DEED","listed_count":33,"is_translation_enabled":false,"utc_offset":39600,"statuses_count":90972,"description":"are you with us, or against us?","friends_count":2130,"location":"THEY HATE US","profile_link_color":"0084B4","profile_image_url":"http:\/\/pbs.twimg.com\/profile_images\/578489946522066944\/1n24fI1__normal.png","following":false,"geo_enabled":false,"profile_banner_url":"https:\/\/pbs.twimg.com\/profile_banners\/380848493\/1408150527","profile_background_image_url":"http:\/\/pbs.twimg.com\/profile_background_images\/378800000079311023\/9e3a2251dbc014e5c9ee4c027e48811c.jpeg","name":"#TeamUnaustralian","lang":"en","profile_background_tile":true,"favourites_count":7,"screen_name":"rodgerrodgersu","notifications":false,"url":"http:\/\/t.co\/Uhjs0DmmY0","created_at":"Tue Sep 27 10:15:16 +0000 2011","contributors_enabled":false,"time_zone":"Sydney","protected":false,"default_profile":false,"is_translator":false},"geo":null,"in_reply_to_user_id_str":"1650202562","lang":"en","created_at":"Thu Jan 08 10:51:12 +0000 2015","in_reply_to_status_id_str":"553139203777638400","place":null}