{"contributors": null, "truncated": false, "text": "@Independent alahh akbar alahh akbar alahh akbar alahh akbar alahh akbar alahh akbar alahh akbar alahh akbar alahh akbar alahh akbar alahh", "in_reply_to_status_id": 553137849663361024, "id": 553138650490232833, "favorite_count": 0, "source": "<a href=\"http://twitter.com\" rel=\"nofollow\">Twitter Web Client</a>", "retweeted": false, "coordinates": null, "entities": {"symbols": [], "user_mentions": [{"id": 16973333, "indices": [0, 12], "id_str": "16973333", "screen_name": "Independent", "name": "The Independent"}], "hashtags": [], "urls": []}, "in_reply_to_screen_name": "Independent", "id_str": "553138650490232833", "retweet_count": 0, "in_reply_to_user_id": 16973333, "favorited": false, "user": {"follow_request_sent": false, "profile_use_background_image": true, "profile_text_color": "333333", "default_profile_image": false, "id": 1202152410, "profile_background_image_url_https": "https://abs.twimg.com/images/themes/theme6/bg.gif", "verified": false, "profile_location": null, "profile_image_url_https": "https://pbs.twimg.com/profile_images/553137990474547200/TRVauX59_normal.jpeg", "profile_sidebar_fill_color": "A0C5C7", "entities": {"url": {"urls": [{"url": "http://t.co/NqexeUlWbG", "indices": [0, 22], "expanded_url": "http://www.facebook.com/moaed.alhariri.7", "display_url": "facebook.com/moaed.alhariri\u2026"}]}, "description": {"urls": []}}, "followers_count": 156, "profile_sidebar_border_color": "86A4A6", "id_str": "1202152410", "profile_background_color": "709397", "listed_count": 0, "is_translation_enabled": false, "utc_offset": 0, "statuses_count": 903, "description": "Whatsapp  00962796157819", "friends_count": 1118, "location": "\u0633\u0648\u0631\u064a\u0627 \u062f\u0631\u0639\u0627", "profile_link_color": "FF3300", "profile_image_url": "http://pbs.twimg.com/profile_images/553137990474547200/TRVauX59_normal.jpeg", "following": false, "geo_enabled": false, "profile_banner_url": "https://pbs.twimg.com/profile_banners/1202152410/1399210055", "profile_background_image_url": "http://abs.twimg.com/images/themes/theme6/bg.gif", "name": "Moaed Hariri", "lang": "ar", "profile_background_tile": false, "favourites_count": 172, "screen_name": "syrianfree1992", "notifications": false, "url": "http://t.co/NqexeUlWbG", "created_at": "Wed Feb 20 21:10:40 +0000 2013", "contributors_enabled": false, "time_zone": "London", "protected": false, "default_profile": false, "is_translator": false}, "geo": null, "in_reply_to_user_id_str": "16973333", "lang": "in", "created_at": "Thu Jan 08 10:38:25 +0000 2015", "in_reply_to_status_id_str": "553137849663361024", "place": null}
