{"contributors": null, "truncated": false, "text": "@Independent   EVIL SCUM", "in_reply_to_status_id": 553137849663361024, "id": 553138779792228352, "favorite_count": 0, "source": "<a href=\"http://twitter.com\" rel=\"nofollow\">Twitter Web Client</a>", "retweeted": false, "coordinates": null, "entities": {"symbols": [], "user_mentions": [{"id": 16973333, "indices": [0, 12], "id_str": "16973333", "screen_name": "Independent", "name": "The Independent"}], "hashtags": [], "urls": []}, "in_reply_to_screen_name": "Independent", "id_str": "553138779792228352", "retweet_count": 0, "in_reply_to_user_id": 16973333, "favorited": false, "user": {"follow_request_sent": false, "profile_use_background_image": true, "profile_text_color": "333333", "default_profile_image": false, "id": 2153404664, "profile_background_image_url_https": "https://pbs.twimg.com/profile_background_images/449697238491492352/8jxMjawY.jpeg", "verified": false, "profile_location": null, "profile_image_url_https": "https://pbs.twimg.com/profile_images/442206406913961985/GnG9zufg_normal.jpeg", "profile_sidebar_fill_color": "DDEEF6", "entities": {"url": {"urls": [{"url": "http://t.co/hvdBs5koaV", "indices": [0, 22], "expanded_url": "http://iancugley.wordpress.com/dedicated-to-the-239-lives-lost-on-malaysia-airlines-flight-mh370-west-of-perth/", "display_url": "iancugley.wordpress.com/dedicated-to-t\u2026"}]}, "description": {"urls": [{"url": "https://t.co/ZdeGemnTuh", "indices": [56, 79], "expanded_url": "https://www.change.org/en-AU/petitions/gio-insurance-i-was-bashed-on-a-mine-worksite-please-end-5-years-of-delays-and-pay-my-claim", "display_url": "change.org/en-AU/petition\u2026"}]}}, "followers_count": 620, "profile_sidebar_border_color": "FFFFFF", "id_str": "2153404664", "profile_background_color": "022330", "listed_count": 14, "is_translation_enabled": false, "utc_offset": 28800, "statuses_count": 11575, "description": "Please read this appeal and help to end my nightmare\r\n\r\nhttps://t.co/ZdeGemnTuh", "friends_count": 1590, "location": "", "profile_link_color": "8F3C3C", "profile_image_url": "http://pbs.twimg.com/profile_images/442206406913961985/GnG9zufg_normal.jpeg", "following": false, "geo_enabled": false, "profile_banner_url": "https://pbs.twimg.com/profile_banners/2153404664/1412851574", "profile_background_image_url": "http://pbs.twimg.com/profile_background_images/449697238491492352/8jxMjawY.jpeg", "name": "IAN CUGLEY", "lang": "en", "profile_background_tile": true, "favourites_count": 5470, "screen_name": "cugs101", "notifications": false, "url": "http://t.co/hvdBs5koaV", "created_at": "Thu Oct 24 17:55:50 +0000 2013", "contributors_enabled": false, "time_zone": "Beijing", "protected": false, "default_profile": false, "is_translator": false}, "geo": null, "in_reply_to_user_id_str": "16973333", "lang": "en", "created_at": "Thu Jan 08 10:38:56 +0000 2015", "in_reply_to_status_id_str": "553137849663361024", "place": null}
