{"contributors": null, "truncated": false, "text": "@Independent Full VT should have been shown to prove how barbaric these 'people' were. The world needs to see the full extent of their deeds", "in_reply_to_status_id": 553137849663361024, "id": 553139427275718656, "favorite_count": 0, "source": "<a href=\"http://twitter.com/#!/download/ipad\" rel=\"nofollow\">Twitter for iPad</a>", "retweeted": false, "coordinates": null, "entities": {"symbols": [], "user_mentions": [{"id": 16973333, "indices": [0, 12], "id_str": "16973333", "screen_name": "Independent", "name": "The Independent"}], "hashtags": [], "urls": []}, "in_reply_to_screen_name": "Independent", "id_str": "553139427275718656", "retweet_count": 0, "in_reply_to_user_id": 16973333, "favorited": false, "user": {"follow_request_sent": false, "profile_use_background_image": true, "profile_text_color": "333333", "default_profile_image": false, "id": 346186868, "profile_background_image_url_https": "https://abs.twimg.com/images/themes/theme15/bg.png", "verified": false, "profile_location": null, "profile_image_url_https": "https://pbs.twimg.com/profile_images/413092637680599040/9vIRVqQ9_normal.jpeg", "profile_sidebar_fill_color": "C0DFEC", "entities": {"description": {"urls": []}}, "followers_count": 994, "profile_sidebar_border_color": "A8C7F7", "id_str": "346186868", "profile_background_color": "022330", "listed_count": 6, "is_translation_enabled": false, "utc_offset": 0, "statuses_count": 10793, "description": "Nature is a really wonderful thing. It's a pity we aren't all really wonderful by nature..!", "friends_count": 1540, "location": "UK", "profile_link_color": "0084B4", "profile_image_url": "http://pbs.twimg.com/profile_images/413092637680599040/9vIRVqQ9_normal.jpeg", "following": false, "geo_enabled": false, "profile_banner_url": "https://pbs.twimg.com/profile_banners/346186868/1387323934", "profile_background_image_url": "http://abs.twimg.com/images/themes/theme15/bg.png", "name": "Steve", "lang": "en", "profile_background_tile": false, "favourites_count": 426, "screen_name": "1stforphoto", "notifications": false, "url": null, "created_at": "Sun Jul 31 21:35:26 +0000 2011", "contributors_enabled": false, "time_zone": "London", "protected": false, "default_profile": false, "is_translator": false}, "geo": null, "in_reply_to_user_id_str": "16973333", "lang": "en", "created_at": "Thu Jan 08 10:41:30 +0000 2015", "in_reply_to_status_id_str": "553137849663361024", "place": null}
