{"contributors": null, "truncated": false, "text": "@Independent and the second one wasn't. Point?", "in_reply_to_status_id": 553137849663361024, "id": 553140215783911425, "favorite_count": 0, "source": "<a href=\"http://twitter.com\" rel=\"nofollow\">Twitter Web Client</a>", "retweeted": false, "coordinates": null, "entities": {"symbols": [], "user_mentions": [{"id": 16973333, "indices": [0, 12], "id_str": "16973333", "screen_name": "Independent", "name": "The Independent"}], "hashtags": [], "urls": []}, "in_reply_to_screen_name": "Independent", "id_str": "553140215783911425", "retweet_count": 0, "in_reply_to_user_id": 16973333, "favorited": false, "user": {"follow_request_sent": false, "profile_use_background_image": true, "profile_text_color": "333333", "default_profile_image": false, "id": 20994010, "profile_background_image_url_https": "https://abs.twimg.com/images/themes/theme1/bg.png", "verified": false, "profile_location": null, "profile_image_url_https": "https://pbs.twimg.com/profile_images/553483143420706816/AEshPWMP_normal.jpeg", "profile_sidebar_fill_color": "DDEEF6", "entities": {"description": {"urls": []}}, "followers_count": 313, "profile_sidebar_border_color": "C0DEED", "id_str": "20994010", "profile_background_color": "C0DEED", "listed_count": 18, "is_translation_enabled": false, "utc_offset": null, "statuses_count": 19403, "description": "Reluctant resident of repressive regimes- North Korea, Kazakhstan, China and now Turkey...adversary of AKP adherents and admirer of amateur alliteration", "friends_count": 200, "location": "", "profile_link_color": "0084B4", "profile_image_url": "http://pbs.twimg.com/profile_images/553483143420706816/AEshPWMP_normal.jpeg", "following": false, "geo_enabled": false, "profile_banner_url": "https://pbs.twimg.com/profile_banners/20994010/1421519534", "profile_background_image_url": "http://abs.twimg.com/images/themes/theme1/bg.png", "name": "Anthony Bradley", "lang": "en", "profile_background_tile": false, "favourites_count": 3837, "screen_name": "juchetony", "notifications": false, "url": null, "created_at": "Mon Feb 16 15:31:16 +0000 2009", "contributors_enabled": false, "time_zone": null, "protected": false, "default_profile": true, "is_translator": false}, "geo": null, "in_reply_to_user_id_str": "16973333", "lang": "en", "created_at": "Thu Jan 08 10:44:38 +0000 2015", "in_reply_to_status_id_str": "553137849663361024", "place": null}
