{"contributors": null, "truncated": false, "text": "@Independent This scene takes place after the attack of @Charlie_Hebdo_ \n#JeSuisCharlie", "in_reply_to_status_id": 553137849663361024, "id": 553138373830119425, "favorite_count": 1, "source": "<a href=\"http://twitter.com\" rel=\"nofollow\">Twitter Web Client</a>", "retweeted": false, "coordinates": null, "entities": {"symbols": [], "user_mentions": [{"id": 16973333, "indices": [0, 12], "id_str": "16973333", "screen_name": "Independent", "name": "The Independent"}, {"id": 65416867, "indices": [56, 71], "id_str": "65416867", "screen_name": "Charlie_Hebdo_", "name": "Charlie Hebdo"}], "hashtags": [{"indices": [73, 87], "text": "JeSuisCharlie"}], "urls": []}, "in_reply_to_screen_name": "Independent", "id_str": "553138373830119425", "retweet_count": 0, "in_reply_to_user_id": 16973333, "favorited": false, "user": {"follow_request_sent": false, "profile_use_background_image": true, "profile_text_color": "666666", "default_profile_image": false, "id": 387675300, "profile_background_image_url_https": "https://abs.twimg.com/images/themes/theme9/bg.gif", "verified": false, "profile_location": null, "profile_image_url_https": "https://pbs.twimg.com/profile_images/506841234749419520/4NkABhEu_normal.jpeg", "profile_sidebar_fill_color": "252429", "entities": {"url": {"urls": [{"url": "http://t.co/7vWFyH9Ncz", "indices": [0, 22], "expanded_url": "http://facebook.com/yann.herrgott", "display_url": "facebook.com/yann.herrgott"}]}, "description": {"urls": []}}, "followers_count": 108, "profile_sidebar_border_color": "181A1E", "id_str": "387675300", "profile_background_color": "1A1B1F", "listed_count": 3, "is_translation_enabled": false, "utc_offset": 7200, "statuses_count": 458, "description": "Mes Tweets m'engagent ! \u00c7CF !", "friends_count": 730, "location": "Mulhouse", "profile_link_color": "2FC2EF", "profile_image_url": "http://pbs.twimg.com/profile_images/506841234749419520/4NkABhEu_normal.jpeg", "following": false, "geo_enabled": false, "profile_banner_url": "https://pbs.twimg.com/profile_banners/387675300/1361698796", "profile_background_image_url": "http://abs.twimg.com/images/themes/theme9/bg.gif", "name": "Super\u00c7aYann", "lang": "fr", "profile_background_tile": false, "favourites_count": 58, "screen_name": "SuperCaYann", "notifications": false, "url": "http://t.co/7vWFyH9Ncz", "created_at": "Sun Oct 09 13:38:39 +0000 2011", "contributors_enabled": false, "time_zone": "Athens", "protected": false, "default_profile": false, "is_translator": false}, "geo": null, "in_reply_to_user_id_str": "16973333", "lang": "en", "created_at": "Thu Jan 08 10:37:19 +0000 2015", "in_reply_to_status_id_str": "553137849663361024", "place": null}
