{"contributors":null,"truncated":false,"text":"@Independent # terrorist has no Religion \ud83d\udc94 #inhumane #act # Parisattackers","in_reply_to_status_id":553137849663361024,"id":553139201798328320,"favorite_count":1,"source":"<a href=\"http:\/\/twitter.com\/download\/android\" rel=\"nofollow\">Twitter for Android<\/a>","retweeted":false,"coordinates":null,"entities":{"symbols":[],"user_mentions":[{"id":16973333,"indices":[0,12],"id_str":"16973333","screen_name":"Independent","name":"The Independent"}],"hashtags":[{"indices":[43,52],"text":"inhumane"},{"indices":[53,57],"text":"act"}],"urls":[]},"in_reply_to_screen_name":"Independent","id_str":"553139201798328320","retweet_count":1,"in_reply_to_user_id":16973333,"favorited":false,"user":{"follow_request_sent":false,"profile_use_background_image":true,"profile_text_color":"333333","default_profile_image":false,"id":1119305256,"profile_background_image_url_https":"https:\/\/abs.twimg.com\/images\/themes\/theme1\/bg.png","verified":false,"profile_location":null,"profile_image_url_https":"https:\/\/pbs.twimg.com\/profile_images\/565545503840927744\/Ze0GoiNy_normal.jpeg","profile_sidebar_fill_color":"DDEEF6","entities":{"description":{"urls":[]}},"followers_count":210,"profile_sidebar_border_color":"C0DEED","id_str":"1119305256","profile_background_color":"C0DEED","listed_count":0,"is_translation_enabled":false,"utc_offset":null,"statuses_count":1876,"description":"","friends_count":955,"location":"","profile_link_color":"0084B4","profile_image_url":"http:\/\/pbs.twimg.com\/profile_images\/565545503840927744\/Ze0GoiNy_normal.jpeg","following":false,"geo_enabled":true,"profile_background_image_url":"http:\/\/abs.twimg.com\/images\/themes\/theme1\/bg.png","name":"Rukaiya Sajjad","lang":"en","profile_background_tile":false,"favourites_count":8353,"screen_name":"rukaiya6666","notifications":false,"url":null,"created_at":"Fri Jan 25 13:27:29 +0000 2013","contributors_enabled":false,"time_zone":null,"protected":false,"default_profile":true,"is_translator":false},"geo":null,"in_reply_to_user_id_str":"16973333","lang":"en","created_at":"Thu Jan 08 10:40:37 +0000 2015","in_reply_to_status_id_str":"553137849663361024","place":null}