{"contributors": null, "truncated": false, "text": "@ivivekbansal @Modiarmy these terrorrists are not islamic they are inhuman being!!", "in_reply_to_status_id": 544366934154678272, "id": 544393499928297472, "favorite_count": 0, "source": "<a href=\"http://twitter.com\" rel=\"nofollow\">Twitter Web Client</a>", "retweeted": false, "coordinates": null, "entities": {"symbols": [], "user_mentions": [{"id": 1695784514, "indices": [0, 13], "id_str": "1695784514", "screen_name": "ivivekbansal", "name": "Vivek Bansal"}, {"id": 488251621, "indices": [14, 23], "id_str": "488251621", "screen_name": "Modiarmy", "name": "NaMo"}], "hashtags": [], "urls": []}, "in_reply_to_screen_name": "ivivekbansal", "id_str": "544393499928297472", "retweet_count": 0, "in_reply_to_user_id": 1695784514, "favorited": false, "user": {"follow_request_sent": false, "profile_use_background_image": true, "profile_text_color": "3E4415", "default_profile_image": false, "id": 113306701, "profile_background_image_url_https": "https://pbs.twimg.com/profile_background_images/515552118661316608/rInWNxkp.jpeg", "verified": false, "profile_location": null, "profile_image_url_https": "https://pbs.twimg.com/profile_images/534650320752635904/yPY07iM2_normal.jpeg", "profile_sidebar_fill_color": "99CC33", "entities": {"url": {"urls": [{"url": "https://t.co/QOVkKz7teD", "indices": [0, 23], "expanded_url": "https://www.freelancer.com/u/durgeshrjkumar.html", "display_url": "freelancer.com/u/durgeshrjkum\u2026"}]}, "description": {"urls": []}}, "followers_count": 92, "profile_sidebar_border_color": "FFFFFF", "id_str": "113306701", "profile_background_color": "C0DEEA", "listed_count": 0, "is_translation_enabled": false, "utc_offset": null, "statuses_count": 4100, "description": "A freelancer.", "friends_count": 112, "location": "New Delhi", "profile_link_color": "21C2C2", "profile_image_url": "http://pbs.twimg.com/profile_images/534650320752635904/yPY07iM2_normal.jpeg", "following": false, "geo_enabled": true, "profile_banner_url": "https://pbs.twimg.com/profile_banners/113306701/1408648328", "profile_background_image_url": "http://pbs.twimg.com/profile_background_images/515552118661316608/rInWNxkp.jpeg", "name": "Durgesh kumar", "lang": "en", "profile_background_tile": false, "favourites_count": 77, "screen_name": "durgeshrjkumar", "notifications": false, "url": "https://t.co/QOVkKz7teD", "created_at": "Thu Feb 11 10:09:40 +0000 2010", "contributors_enabled": false, "time_zone": null, "protected": false, "default_profile": false, "is_translator": false}, "geo": null, "in_reply_to_user_id_str": "1695784514", "lang": "en", "created_at": "Mon Dec 15 07:28:19 +0000 2014", "in_reply_to_status_id_str": "544366934154678272", "place": null}
