{"contributors":null,"truncated":false,"text":"@ivivekbansal @Modiarmy Hope #Australia beats the shit out of these Islamic Jihadis! @ritzy_jewels","in_reply_to_status_id":544366934154678272,"id":544390082317131776,"favorite_count":0,"source":"<a href=\"http:\/\/twitter.com\" rel=\"nofollow\">Twitter Web Client<\/a>","retweeted":false,"coordinates":null,"entities":{"symbols":[],"user_mentions":[{"id":1695784514,"indices":[0,13],"id_str":"1695784514","screen_name":"ivivekbansal","name":"Vivek Bansal"},{"id":488251621,"indices":[14,23],"id_str":"488251621","screen_name":"Modiarmy","name":"NaMo"},{"id":1729770470,"indices":[85,98],"id_str":"1729770470","screen_name":"ritzy_jewels","name":"ritzy jewels"}],"hashtags":[{"indices":[29,39],"text":"Australia"}],"urls":[]},"in_reply_to_screen_name":"ivivekbansal","id_str":"544390082317131776","retweet_count":0,"in_reply_to_user_id":1695784514,"favorited":false,"user":{"follow_request_sent":false,"profile_use_background_image":false,"profile_text_color":"000000","default_profile_image":false,"id":2650226143,"profile_background_image_url_https":"https:\/\/abs.twimg.com\/images\/themes\/theme1\/bg.png","verified":false,"profile_location":null,"profile_image_url_https":"https:\/\/pbs.twimg.com\/profile_images\/577825385062080512\/Gn_1KP68_normal.jpeg","profile_sidebar_fill_color":"000000","entities":{"description":{"urls":[]}},"followers_count":70,"profile_sidebar_border_color":"000000","id_str":"2650226143","profile_background_color":"000000","listed_count":1,"is_translation_enabled":false,"utc_offset":null,"statuses_count":2437,"description":"Hindu Nationalist, Pro-Modi, love saffron,  Hate pseudo-seculars & biased -media; RT's aren't endorsements; follow at your own risk!","friends_count":274,"location":"","profile_link_color":"FA743E","profile_image_url":"http:\/\/pbs.twimg.com\/profile_images\/577825385062080512\/Gn_1KP68_normal.jpeg","following":false,"geo_enabled":true,"profile_background_image_url":"http:\/\/abs.twimg.com\/images\/themes\/theme1\/bg.png","name":"Shhhhh.....","lang":"en","profile_background_tile":false,"favourites_count":82,"screen_name":"SarcasticMeee","notifications":false,"url":null,"created_at":"Wed Jul 16 06:55:19 +0000 2014","contributors_enabled":false,"time_zone":null,"protected":false,"default_profile":false,"is_translator":false},"geo":null,"in_reply_to_user_id_str":"1695784514","lang":"en","created_at":"Mon Dec 15 07:14:44 +0000 2014","in_reply_to_status_id_str":"544366934154678272","place":null}