{"contributors":null,"truncated":false,"text":"@ivivekbansal @Narendramodi_G Oh but terrorising has nothing to do with religion.Nothing at all.","in_reply_to_status_id":544366934154678272,"id":544376596728012800,"favorite_count":0,"source":"<a href=\"http:\/\/twitter.com\" rel=\"nofollow\">Twitter Web Client<\/a>","retweeted":false,"coordinates":null,"entities":{"symbols":[],"user_mentions":[{"id":1695784514,"indices":[0,13],"id_str":"1695784514","screen_name":"ivivekbansal","name":"Vivek Bansal"},{"id":1844224638,"indices":[14,29],"id_str":"1844224638","screen_name":"Narendramodi_G","name":"Narendra Modi Fan "}],"hashtags":[],"urls":[]},"in_reply_to_screen_name":"ivivekbansal","id_str":"544376596728012800","retweet_count":0,"in_reply_to_user_id":1695784514,"favorited":false,"user":{"follow_request_sent":false,"profile_use_background_image":true,"profile_text_color":"3C3940","default_profile_image":false,"id":100410807,"profile_background_image_url_https":"https:\/\/abs.twimg.com\/images\/themes\/theme4\/bg.gif","verified":false,"profile_location":null,"profile_image_url_https":"https:\/\/pbs.twimg.com\/profile_images\/587281426174754816\/5u6M6iPM_normal.jpg","profile_sidebar_fill_color":"95E8EC","entities":{"description":{"urls":[]}},"followers_count":412,"profile_sidebar_border_color":"5ED4DC","id_str":"100410807","profile_background_color":"0099B9","listed_count":11,"is_translation_enabled":false,"utc_offset":-18000,"statuses_count":39540,"description":"Who in the world am I? Ah, that's the great puzzle. But one thing I do know..We're all mad here...","friends_count":153,"location":"","profile_link_color":"0099B9","profile_image_url":"http:\/\/pbs.twimg.com\/profile_images\/587281426174754816\/5u6M6iPM_normal.jpg","following":false,"geo_enabled":true,"profile_banner_url":"https:\/\/pbs.twimg.com\/profile_banners\/100410807\/1411181387","profile_background_image_url":"http:\/\/abs.twimg.com\/images\/themes\/theme4\/bg.gif","name":"radhika r","lang":"en","profile_background_tile":false,"favourites_count":163,"screen_name":"lotusprings","notifications":false,"url":null,"created_at":"Wed Dec 30 05:07:03 +0000 2009","contributors_enabled":false,"time_zone":"Quito","protected":false,"default_profile":false,"is_translator":false},"geo":null,"in_reply_to_user_id_str":"1695784514","lang":"en","created_at":"Mon Dec 15 06:21:09 +0000 2014","in_reply_to_status_id_str":"544366934154678272","place":null}