{"contributors": null, "truncated": false, "text": "@irishlondons @bdev67 \ud83d\udc4f\ud83d\udc4f\ud83d\udc4f\ud83d\udc4d", "in_reply_to_status_id": 553544998017581056, "id": 553551287321493504, "favorite_count": 0, "source": "<a href=\"http://twitter.com/download/android\" rel=\"nofollow\">Twitter for Android</a>", "retweeted": false, "coordinates": null, "entities": {"symbols": [], "user_mentions": [{"id": 2950954733, "indices": [0, 13], "id_str": "2950954733", "screen_name": "irishlondons", "name": "Jason Lyons"}, {"id": 2304287907, "indices": [14, 21], "id_str": "2304287907", "screen_name": "bdev67", "name": "Ben de Vries"}], "hashtags": [], "urls": []}, "in_reply_to_screen_name": "irishlondons", "id_str": "553551287321493504", "retweet_count": 0, "in_reply_to_user_id": 2950954733, "favorited": false, "user": {"follow_request_sent": false, "profile_use_background_image": true, "profile_text_color": "666666", "default_profile_image": false, "id": 302802506, "profile_background_image_url_https": "https://abs.twimg.com/images/themes/theme9/bg.gif", "verified": false, "profile_location": null, "profile_image_url_https": "https://pbs.twimg.com/profile_images/510318946692497409/TzQbRMvJ_normal.jpeg", "profile_sidebar_fill_color": "252429", "entities": {"description": {"urls": []}}, "followers_count": 671, "profile_sidebar_border_color": "FFFFFF", "id_str": "302802506", "profile_background_color": "1A1B1F", "listed_count": 14, "is_translation_enabled": false, "utc_offset": 14400, "statuses_count": 24301, "description": "\u041c\u044b \u0441\u0442\u0430\u043b\u0438 \u0436\u0438\u0442\u044c \u043b\u0443\u0447\u0448\u0435 - \u0441\u043a\u0430\u0437\u0430\u043b\u043e \u043f\u0440\u0430\u0432\u0438\u0442\u0435\u043b\u044c\u0441\u0442\u0432\u043e. \u041c\u044b \u0437\u0430 \u0412\u0430\u0441 \u0440\u0430\u0434\u044b - \u043f\u043e\u0434\u0443\u043c\u0430\u043b \u043d\u0430\u0440\u043e\u0434", "friends_count": 401, "location": "\u0420\u043e\u0441\u0441\u0438\u044f.\u041c\u0430\u0445\u0430\u0447\u043a\u0430\u043b\u0430", "profile_link_color": "174CEB", "profile_image_url": "http://pbs.twimg.com/profile_images/510318946692497409/TzQbRMvJ_normal.jpeg", "following": false, "geo_enabled": false, "profile_banner_url": "https://pbs.twimg.com/profile_banners/302802506/1398263621", "profile_background_image_url": "http://abs.twimg.com/images/themes/theme9/bg.gif", "name": "Dark Angel ", "lang": "ru", "profile_background_tile": false, "favourites_count": 2276, "screen_name": "GSabrina1", "notifications": false, "url": null, "created_at": "Sat May 21 19:44:38 +0000 2011", "contributors_enabled": false, "time_zone": "Abu Dhabi", "protected": false, "default_profile": false, "is_translator": false}, "geo": null, "in_reply_to_user_id_str": "2950954733", "lang": "und", "created_at": "Fri Jan 09 13:58:06 +0000 2015", "in_reply_to_status_id_str": "553544998017581056", "place": null}
