{"contributors":null,"truncated":false,"text":"@euronews @THE_DAILY_BLEAT #WeAreJewish","in_reply_to_status_id":553533499643547648,"id":553534494113034240,"favorite_count":0,"source":"<a href=\"http:\/\/twitter.com\/download\/android\" rel=\"nofollow\">Twitter for Android<\/a>","retweeted":false,"coordinates":null,"entities":{"symbols":[],"user_mentions":[{"id":25067168,"indices":[0,9],"id_str":"25067168","screen_name":"euronews","name":"euronews"},{"id":546886420,"indices":[10,26],"id_str":"546886420","screen_name":"THE_DAILY_BLEAT","name":"VACUOUS CIPHER"}],"hashtags":[{"indices":[27,39],"text":"WeAreJewish"}],"urls":[]},"in_reply_to_screen_name":"euronews","id_str":"553534494113034240","retweet_count":1,"in_reply_to_user_id":25067168,"favorited":false,"user":{"follow_request_sent":false,"profile_use_background_image":true,"profile_text_color":"333333","default_profile_image":false,"id":2413247540,"profile_background_image_url_https":"https:\/\/abs.twimg.com\/images\/themes\/theme1\/bg.png","verified":false,"profile_location":null,"profile_image_url_https":"https:\/\/pbs.twimg.com\/profile_images\/568406694275735552\/Y1hbAUZI_normal.png","profile_sidebar_fill_color":"DDEEF6","entities":{"description":{"urls":[]}},"followers_count":464,"profile_sidebar_border_color":"C0DEED","id_str":"2413247540","profile_background_color":"C0DEED","listed_count":19,"is_translation_enabled":false,"utc_offset":null,"statuses_count":7624,"description":"Evil Zionist Jew, Humorless Dolt. Twtitter for politics, current events and filth in general. I know scotusblog isn't scotus.","friends_count":787,"location":"","profile_link_color":"0084B4","profile_image_url":"http:\/\/pbs.twimg.com\/profile_images\/568406694275735552\/Y1hbAUZI_normal.png","following":false,"geo_enabled":false,"profile_banner_url":"https:\/\/pbs.twimg.com\/profile_banners\/2413247540\/1415564814","profile_background_image_url":"http:\/\/abs.twimg.com\/images\/themes\/theme1\/bg.png","name":"\u05d2'\u05d9\u05d9 \u05d6\u05d9  ","lang":"en","profile_background_tile":false,"favourites_count":841,"screen_name":"JayRooTheDee","notifications":false,"url":null,"created_at":"Wed Mar 26 22:18:11 +0000 2014","contributors_enabled":false,"time_zone":null,"protected":false,"default_profile":true,"is_translator":false},"geo":null,"in_reply_to_user_id_str":"25067168","lang":"und","created_at":"Fri Jan 09 12:51:22 +0000 2015","in_reply_to_status_id_str":"553533499643547648","place":null}