{"contributors": null, "truncated": false, "text": "@euronews @RikaJans http://t.co/suoST2Siad ook live", "in_reply_to_status_id": 553533499643547648, "id": 553534608701394944, "favorite_count": 0, "source": "<a href=\"http://twitter.com\" rel=\"nofollow\">Twitter Web Client</a>", "retweeted": false, "coordinates": null, "entities": {"symbols": [], "user_mentions": [{"id": 25067168, "indices": [0, 9], "id_str": "25067168", "screen_name": "euronews", "name": "euronews"}, {"id": 986658829, "indices": [10, 19], "id_str": "986658829", "screen_name": "RikaJans", "name": "Rika Jans"}], "hashtags": [], "urls": [{"url": "http://t.co/suoST2Siad", "indices": [20, 42], "expanded_url": "http://www.npo.nl/live/npo-1", "display_url": "npo.nl/live/npo-1"}]}, "in_reply_to_screen_name": "euronews", "id_str": "553534608701394944", "retweet_count": 1, "in_reply_to_user_id": 25067168, "favorited": false, "user": {"follow_request_sent": false, "profile_use_background_image": true, "profile_text_color": "333333", "default_profile_image": false, "id": 122025735, "profile_background_image_url_https": "https://pbs.twimg.com/profile_background_images/378800000136497970/OpNszXNj.jpeg", "verified": false, "profile_location": null, "profile_image_url_https": "https://pbs.twimg.com/profile_images/553159511595184128/4qCzTlh2_normal.jpeg", "profile_sidebar_fill_color": "A0C5C7", "entities": {"description": {"urls": []}}, "followers_count": 392, "profile_sidebar_border_color": "000000", "id_str": "122025735", "profile_background_color": "C0DEED", "listed_count": 3, "is_translation_enabled": false, "utc_offset": 3600, "statuses_count": 10094, "description": "", "friends_count": 562, "location": "", "profile_link_color": "0084B4", "profile_image_url": "http://pbs.twimg.com/profile_images/553159511595184128/4qCzTlh2_normal.jpeg", "following": false, "geo_enabled": false, "profile_banner_url": "https://pbs.twimg.com/profile_banners/122025735/1420675674", "profile_background_image_url": "http://pbs.twimg.com/profile_background_images/378800000136497970/OpNszXNj.jpeg", "name": "ZanBizar", "lang": "en", "profile_background_tile": false, "favourites_count": 102, "screen_name": "ZanBizar", "notifications": false, "url": null, "created_at": "Thu Mar 11 10:29:28 +0000 2010", "contributors_enabled": false, "time_zone": "Amsterdam", "protected": false, "default_profile": false, "is_translator": false}, "geo": null, "in_reply_to_user_id_str": "25067168", "possibly_sensitive": false, "lang": "en", "created_at": "Fri Jan 09 12:51:49 +0000 2015", "in_reply_to_status_id_str": "553533499643547648", "place": null}
