{"contributors": null, "truncated": false, "text": "@euronews Israel has upset a lot of people  :())", "in_reply_to_status_id": 553533499643547648, "id": 553534617702383617, "favorite_count": 0, "source": "<a href=\"http://twitter.com/download/iphone\" rel=\"nofollow\">Twitter for iPhone</a>", "retweeted": false, "coordinates": null, "entities": {"symbols": [], "user_mentions": [{"id": 25067168, "indices": [0, 9], "id_str": "25067168", "screen_name": "euronews", "name": "euronews"}], "hashtags": [], "urls": []}, "in_reply_to_screen_name": "euronews", "id_str": "553534617702383617", "retweet_count": 0, "in_reply_to_user_id": 25067168, "favorited": false, "user": {"follow_request_sent": false, "profile_use_background_image": true, "profile_text_color": "333333", "default_profile_image": false, "id": 2950954733, "profile_background_image_url_https": "https://abs.twimg.com/images/themes/theme1/bg.png", "verified": false, "profile_location": null, "profile_image_url_https": "https://pbs.twimg.com/profile_images/551892339661488130/pxDJDWmH_normal.jpeg", "profile_sidebar_fill_color": "DDEEF6", "entities": {"description": {"urls": []}}, "followers_count": 47, "profile_sidebar_border_color": "C0DEED", "id_str": "2950954733", "profile_background_color": "C0DEED", "listed_count": 1, "is_translation_enabled": false, "utc_offset": null, "statuses_count": 837, "description": "", "friends_count": 167, "location": "london", "profile_link_color": "0084B4", "profile_image_url": "http://pbs.twimg.com/profile_images/551892339661488130/pxDJDWmH_normal.jpeg", "following": false, "geo_enabled": false, "profile_background_image_url": "http://abs.twimg.com/images/themes/theme1/bg.png", "name": "Jason Lyons", "lang": "en", "profile_background_tile": false, "favourites_count": 827, "screen_name": "irishlondons", "notifications": false, "url": null, "created_at": "Tue Dec 30 10:53:55 +0000 2014", "contributors_enabled": false, "time_zone": null, "protected": false, "default_profile": true, "is_translator": false}, "geo": null, "in_reply_to_user_id_str": "25067168", "lang": "en", "created_at": "Fri Jan 09 12:51:51 +0000 2015", "in_reply_to_status_id_str": "553533499643547648", "place": null}
