{"contributors": null, "truncated": false, "text": "@irishlondons learn your history better dude.", "in_reply_to_status_id": 553534617702383617, "id": 553544277255782400, "favorite_count": 0, "source": "<a href=\"http://twitter.com/download/android\" rel=\"nofollow\">Twitter for Android</a>", "retweeted": false, "coordinates": null, "entities": {"symbols": [], "user_mentions": [{"id": 2950954733, "indices": [0, 13], "id_str": "2950954733", "screen_name": "irishlondons", "name": "Jason Lyons"}], "hashtags": [], "urls": []}, "in_reply_to_screen_name": "irishlondons", "id_str": "553544277255782400", "retweet_count": 0, "in_reply_to_user_id": 2950954733, "favorited": false, "user": {"follow_request_sent": false, "profile_use_background_image": true, "profile_text_color": "333333", "default_profile_image": false, "id": 2304287907, "profile_background_image_url_https": "https://abs.twimg.com/images/themes/theme1/bg.png", "verified": false, "profile_location": null, "profile_image_url_https": "https://pbs.twimg.com/profile_images/427926660483399680/blPzplqc_normal.jpeg", "profile_sidebar_fill_color": "DDEEF6", "entities": {"description": {"urls": []}}, "followers_count": 22, "profile_sidebar_border_color": "C0DEED", "id_str": "2304287907", "profile_background_color": "C0DEED", "listed_count": 0, "is_translation_enabled": false, "utc_offset": null, "statuses_count": 202, "description": "", "friends_count": 75, "location": "", "profile_link_color": "0084B4", "profile_image_url": "http://pbs.twimg.com/profile_images/427926660483399680/blPzplqc_normal.jpeg", "following": false, "geo_enabled": false, "profile_banner_url": "https://pbs.twimg.com/profile_banners/2304287907/1407477899", "profile_background_image_url": "http://abs.twimg.com/images/themes/theme1/bg.png", "name": "Ben de Vries", "lang": "nl", "profile_background_tile": false, "favourites_count": 29, "screen_name": "bdev67", "notifications": false, "url": null, "created_at": "Sat Jan 25 20:59:34 +0000 2014", "contributors_enabled": false, "time_zone": null, "protected": false, "default_profile": true, "is_translator": false}, "geo": null, "in_reply_to_user_id_str": "2950954733", "lang": "en", "created_at": "Fri Jan 09 13:30:14 +0000 2015", "in_reply_to_status_id_str": "553534617702383617", "place": null}
