{"contributors":null,"truncated":false,"text":"@euronews @em14cloete happening now, shooting and hostage situation at Kosher supermarket in easten paris","in_reply_to_status_id":553533499643547648,"id":553535724041928705,"favorite_count":0,"source":"<a href=\"http:\/\/twitter.com\" rel=\"nofollow\">Twitter Web Client<\/a>","retweeted":false,"coordinates":null,"entities":{"symbols":[],"user_mentions":[{"id":25067168,"indices":[0,9],"id_str":"25067168","screen_name":"euronews","name":"euronews"},{"id":405313796,"indices":[10,21],"id_str":"405313796","screen_name":"em14cloete","name":"ec"}],"hashtags":[],"urls":[]},"in_reply_to_screen_name":"euronews","id_str":"553535724041928705","retweet_count":1,"in_reply_to_user_id":25067168,"favorited":false,"user":{"follow_request_sent":false,"profile_use_background_image":false,"profile_text_color":"000000","default_profile_image":false,"id":546134107,"profile_background_image_url_https":"https:\/\/abs.twimg.com\/images\/themes\/theme1\/bg.png","verified":false,"profile_location":null,"profile_image_url_https":"https:\/\/pbs.twimg.com\/profile_images\/557893105962086400\/5YaEFCew_normal.jpeg","profile_sidebar_fill_color":"000000","entities":{"description":{"urls":[]}},"followers_count":191,"profile_sidebar_border_color":"000000","id_str":"546134107","profile_background_color":"000000","listed_count":6,"is_translation_enabled":false,"utc_offset":null,"statuses_count":2273,"description":"","friends_count":1270,"location":"Abu Dhabi","profile_link_color":"89C9FA","profile_image_url":"http:\/\/pbs.twimg.com\/profile_images\/557893105962086400\/5YaEFCew_normal.jpeg","following":false,"geo_enabled":false,"profile_banner_url":"https:\/\/pbs.twimg.com\/profile_banners\/546134107\/1420719099","profile_background_image_url":"http:\/\/abs.twimg.com\/images\/themes\/theme1\/bg.png","name":"RC Cloete ","lang":"en","profile_background_tile":false,"favourites_count":125,"screen_name":"CloeteRonesca","notifications":false,"url":null,"created_at":"Thu Apr 05 17:15:03 +0000 2012","contributors_enabled":false,"time_zone":null,"protected":false,"default_profile":false,"is_translator":false},"geo":null,"in_reply_to_user_id_str":"25067168","lang":"en","created_at":"Fri Jan 09 12:56:15 +0000 2015","in_reply_to_status_id_str":"553533499643547648","place":null}