{"contributors": null, "truncated": false, "text": "@slone sorry for the disappointment but he was not", "in_reply_to_status_id": 581300992194572288, "id": 581398874440466432, "favorite_count": 0, "source": "<a href=\"http://twitter.com/download/iphone\" rel=\"nofollow\">Twitter for iPhone</a>", "retweeted": false, "coordinates": null, "entities": {"symbols": [], "user_mentions": [{"id": 17561562, "indices": [0, 6], "id_str": "17561562", "screen_name": "slone", "name": "slone"}], "hashtags": [], "urls": []}, "in_reply_to_screen_name": "slone", "id_str": "581398874440466432", "retweet_count": 0, "in_reply_to_user_id": 17561562, "favorited": false, "user": {"follow_request_sent": false, "profile_use_background_image": true, "profile_text_color": "333333", "default_profile_image": false, "id": 293333930, "profile_background_image_url_https": "https://abs.twimg.com/images/themes/theme1/bg.png", "verified": false, "profile_location": null, "profile_image_url_https": "https://pbs.twimg.com/profile_images/549833838835167232/2xLil4Is_normal.jpeg", "profile_sidebar_fill_color": "DDEEF6", "entities": {"description": {"urls": []}}, "followers_count": 531, "profile_sidebar_border_color": "C0DEED", "id_str": "293333930", "profile_background_color": "C0DEED", "listed_count": 2, "is_translation_enabled": false, "utc_offset": null, "statuses_count": 14242, "description": "\u0645\u0647\u0646\u062f\u0633 \u0641\u064a \u0645\u062c\u0627\u0644 \u0627\u0644\u0646\u0641\u0637 (Well Engineer)... \u0648\u0644\u064a \u062a\u062c\u0631\u0628\u0629 \u0641\u064a \u0647\u0646\u062f\u0633\u0629 \u0627\u0644\u0634\u0639\u0631.. \u0628\u0639\u0636 \u0643\u062a\u0627\u0628\u0627\u062a\u064a \u0641\u064a \u0627\u0644\u0645\u0641\u0636\u0644\u0629 \u0627\u0644\u0644\u0647\u0645 \u0625\u0646\u0643 \u0639\u0641\u0648\u064c \u062a\u062d\u0628 \u0627\u0644\u0639\u0641\u0648 \u0641\u0623\u0639\u0641 \u0639\u0646\u0627 #ViscaBarca #Scheme", "friends_count": 407, "location": "Nutherlands,Den Haag", "profile_link_color": "0084B4", "profile_image_url": "http://pbs.twimg.com/profile_images/549833838835167232/2xLil4Is_normal.jpeg", "following": false, "geo_enabled": true, "profile_banner_url": "https://pbs.twimg.com/profile_banners/293333930/1408318424", "profile_background_image_url": "http://abs.twimg.com/images/themes/theme1/bg.png", "name": "Yahya Al- Amri", "lang": "en", "profile_background_tile": false, "favourites_count": 134, "screen_name": "rivo_land122", "notifications": false, "url": null, "created_at": "Thu May 05 05:02:46 +0000 2011", "contributors_enabled": false, "time_zone": null, "protected": false, "default_profile": true, "is_translator": false}, "geo": null, "in_reply_to_user_id_str": "17561562", "lang": "en", "created_at": "Fri Mar 27 10:14:28 +0000 2015", "in_reply_to_status_id_str": "581300992194572288", "place": null}
