{"contributors": null, "truncated": false, "text": "@slone Really???", "in_reply_to_status_id": 581300992194572288, "id": 581317667170041857, "favorite_count": 0, "source": "<a href=\"http://twitter.com/download/android\" rel=\"nofollow\">Twitter for Android</a>", "retweeted": false, "coordinates": null, "entities": {"symbols": [], "user_mentions": [{"id": 17561562, "indices": [0, 6], "id_str": "17561562", "screen_name": "slone", "name": "slone"}], "hashtags": [], "urls": []}, "in_reply_to_screen_name": "slone", "id_str": "581317667170041857", "retweet_count": 0, "in_reply_to_user_id": 17561562, "favorited": false, "user": {"follow_request_sent": false, "profile_use_background_image": true, "profile_text_color": "333333", "default_profile_image": false, "id": 1340614891, "profile_background_image_url_https": "https://abs.twimg.com/images/themes/theme1/bg.png", "verified": false, "profile_location": null, "profile_image_url_https": "https://pbs.twimg.com/profile_images/515755764929949696/lDX8lkhv_normal.jpeg", "profile_sidebar_fill_color": "DDEEF6", "entities": {"description": {"urls": []}}, "followers_count": 870, "profile_sidebar_border_color": "C0DEED", "id_str": "1340614891", "profile_background_color": "C0DEED", "listed_count": 7, "is_translation_enabled": false, "utc_offset": null, "statuses_count": 4838, "description": "Passionate christian who loves God, God's church and people (Israel)", "friends_count": 1728, "location": "", "profile_link_color": "0084B4", "profile_image_url": "http://pbs.twimg.com/profile_images/515755764929949696/lDX8lkhv_normal.jpeg", "following": false, "geo_enabled": false, "profile_background_image_url": "http://abs.twimg.com/images/themes/theme1/bg.png", "name": "cv", "lang": "en", "profile_background_tile": false, "favourites_count": 1580, "screen_name": "b_roelf", "notifications": false, "url": null, "created_at": "Wed Apr 10 00:23:22 +0000 2013", "contributors_enabled": false, "time_zone": null, "protected": false, "default_profile": true, "is_translator": false}, "geo": null, "in_reply_to_user_id_str": "17561562", "lang": "en", "created_at": "Fri Mar 27 04:51:46 +0000 2015", "in_reply_to_status_id_str": "581300992194572288", "place": null}
