{"contributors": null, "truncated": false, "text": "@slone cannot say that the original written source in German is a neutral piece of information. Awaiting revelations.", "in_reply_to_status_id": 581300992194572288, "id": 581302137721905152, "favorite_count": 0, "source": "<a href=\"http://twitter.com\" rel=\"nofollow\">Twitter Web Client</a>", "retweeted": false, "coordinates": null, "entities": {"symbols": [], "user_mentions": [{"id": 17561562, "indices": [0, 6], "id_str": "17561562", "screen_name": "slone", "name": "slone"}], "hashtags": [], "urls": []}, "in_reply_to_screen_name": "slone", "id_str": "581302137721905152", "retweet_count": 0, "in_reply_to_user_id": 17561562, "favorited": false, "user": {"follow_request_sent": false, "profile_use_background_image": true, "profile_text_color": "634047", "default_profile_image": false, "id": 32189808, "profile_background_image_url_https": "https://pbs.twimg.com/profile_background_images/466043880878505984/3jBSFTuB.jpeg", "verified": false, "profile_location": null, "profile_image_url_https": "https://pbs.twimg.com/profile_images/524512890/Logo-DrBen-Kuifje-Net_normal.jpg", "profile_sidebar_fill_color": "E3E2DE", "entities": {"url": {"urls": [{"url": "http://t.co/4eMjcjT1sx", "indices": [0, 22], "expanded_url": "http://www.DrBen.Net", "display_url": "DrBen.Net"}]}, "description": {"urls": [{"url": "http://t.co/9nGay9tWsN", "indices": [17, 39], "expanded_url": "http://www.AsiaReport.com", "display_url": "AsiaReport.com"}, {"url": "http://t.co/4lG6Da3w0E", "indices": [51, 73], "expanded_url": "http://ChinaReport.com", "display_url": "ChinaReport.com"}]}}, "followers_count": 891, "profile_sidebar_border_color": "FFFFFF", "id_str": "32189808", "profile_background_color": "EDECE9", "listed_count": 77, "is_translation_enabled": false, "utc_offset": 7200, "statuses_count": 42874, "description": "CEO + Founder of http://t.co/9nGay9tWsN, including http://t.co/4lG6Da3w0E - the European Union's #1 Online Guide to China, Cities, Culture and Landmarks. Etc.", "friends_count": 579, "location": "HQ in The Netherlands", "profile_link_color": "1191D6", "profile_image_url": "http://pbs.twimg.com/profile_images/524512890/Logo-DrBen-Kuifje-Net_normal.jpg", "following": false, "geo_enabled": true, "profile_banner_url": "https://pbs.twimg.com/profile_banners/32189808/1368315947", "profile_background_image_url": "http://pbs.twimg.com/profile_background_images/466043880878505984/3jBSFTuB.jpeg", "name": "'DrBen'", "lang": "en", "profile_background_tile": true, "favourites_count": 2140, "screen_name": "AsiaReportcom", "notifications": false, "url": "http://t.co/4eMjcjT1sx", "created_at": "Thu Apr 16 22:53:09 +0000 2009", "contributors_enabled": false, "time_zone": "Amsterdam", "protected": false, "default_profile": false, "is_translator": false}, "geo": null, "in_reply_to_user_id_str": "17561562", "lang": "en", "created_at": "Fri Mar 27 03:50:04 +0000 2015", "in_reply_to_status_id_str": "581300992194572288", "place": {"full_name": "Groningen, The Netherlands", "url": "https://api.twitter.com/1.1/geo/id/1b6ebeaa6394f50e.json", "country": "Nederland", "place_type": "city", "bounding_box": {"type": "Polygon", "coordinates": [[[6.4626199, 53.1785774], [6.6669276, 53.1785774], [6.6669276, 53.2649053], [6.4626199, 53.2649053]]]}, "contained_within": [], "country_code": "NL", "attributes": {}, "id": "1b6ebeaa6394f50e", "name": "Groningen"}}
