{"contributors": null, "truncated": false, "text": "@slone @mgillaspie German and Jewish.", "in_reply_to_status_id": 581300992194572288, "id": 581327830149021697, "favorite_count": 0, "source": "<a href=\"https://mobile.twitter.com\" rel=\"nofollow\">Mobile Web (M5)</a>", "retweeted": false, "coordinates": null, "entities": {"symbols": [], "user_mentions": [{"id": 17561562, "indices": [0, 6], "id_str": "17561562", "screen_name": "slone", "name": "slone"}, {"id": 18035760, "indices": [7, 18], "id_str": "18035760", "screen_name": "mgillaspie", "name": "mgillaspie"}], "hashtags": [], "urls": []}, "in_reply_to_screen_name": "slone", "id_str": "581327830149021697", "retweet_count": 0, "in_reply_to_user_id": 17561562, "favorited": false, "user": {"follow_request_sent": false, "profile_use_background_image": true, "profile_text_color": "333333", "default_profile_image": false, "id": 467026225, "profile_background_image_url_https": "https://pbs.twimg.com/profile_background_images/544598742846803969/jVVNk2om.jpeg", "verified": false, "profile_location": null, "profile_image_url_https": "https://pbs.twimg.com/profile_images/545982776831262721/5C8ps2Jc_normal.jpeg", "profile_sidebar_fill_color": "DDEEF6", "entities": {"description": {"urls": []}}, "followers_count": 646, "profile_sidebar_border_color": "000000", "id_str": "467026225", "profile_background_color": "C0DEED", "listed_count": 28, "is_translation_enabled": true, "utc_offset": -25200, "statuses_count": 36242, "description": "TRUTH IS A TERRIBLE THING TO IGNORE.  Blunt Tweets on Fascism, Killer Cops, Banksters, Privacy, White Supremacism, Toxic Spills and War.  Anti-Crime. Anti-Porn.", "friends_count": 398, "location": "", "profile_link_color": "DD2E44", "profile_image_url": "http://pbs.twimg.com/profile_images/545982776831262721/5C8ps2Jc_normal.jpeg", "following": false, "geo_enabled": false, "profile_banner_url": "https://pbs.twimg.com/profile_banners/467026225/1418678534", "profile_background_image_url": "http://pbs.twimg.com/profile_background_images/544598742846803969/jVVNk2om.jpeg", "name": "oc", "lang": "en", "profile_background_tile": false, "favourites_count": 8379, "screen_name": "ocblues", "notifications": false, "url": null, "created_at": "Wed Jan 18 01:44:22 +0000 2012", "contributors_enabled": false, "time_zone": "Arizona", "protected": false, "default_profile": false, "is_translator": false}, "geo": null, "in_reply_to_user_id_str": "17561562", "lang": "en", "created_at": "Fri Mar 27 05:32:09 +0000 2015", "in_reply_to_status_id_str": "581300992194572288", "place": null}
