{"contributors": null, "truncated": false, "text": "@slone We all knew it when we were told he locked the Captain out of the cockpit. Only waiting for  verification. The world has slipped..", "in_reply_to_status_id": 581300992194572288, "id": 581302590849331200, "favorite_count": 0, "source": "<a href=\"https://twitter.com/download/android\" rel=\"nofollow\">Twitter for Android Tablets</a>", "retweeted": false, "coordinates": null, "entities": {"symbols": [], "user_mentions": [{"id": 17561562, "indices": [0, 6], "id_str": "17561562", "screen_name": "slone", "name": "slone"}], "hashtags": [], "urls": []}, "in_reply_to_screen_name": "slone", "id_str": "581302590849331200", "retweet_count": 0, "in_reply_to_user_id": 17561562, "favorited": false, "user": {"follow_request_sent": false, "profile_use_background_image": true, "profile_text_color": "663B12", "default_profile_image": false, "id": 46556971, "profile_background_image_url_https": "https://pbs.twimg.com/profile_background_images/800621862/71b21e020852d5e07c9d7844c3a1a746.jpeg", "verified": false, "profile_location": null, "profile_image_url_https": "https://pbs.twimg.com/profile_images/259517575/crooked_hat_normal.jpg", "profile_sidebar_fill_color": "DAECF4", "entities": {"description": {"urls": []}}, "followers_count": 1130, "profile_sidebar_border_color": "FFFFFF", "id_str": "46556971", "profile_background_color": "C6E2EE", "listed_count": 14, "is_translation_enabled": false, "utc_offset": null, "statuses_count": 2787, "description": "Small business owner,husband, great grandfather,little league rocker on Atlanta's southside since 1970.\r\nConservative,2nd amendment supporter!", "friends_count": 1374, "location": "Atlanta Ga.", "profile_link_color": "1F98C7", "profile_image_url": "http://pbs.twimg.com/profile_images/259517575/crooked_hat_normal.jpg", "following": false, "geo_enabled": false, "profile_banner_url": "https://pbs.twimg.com/profile_banners/46556971/1427367434", "profile_background_image_url": "http://pbs.twimg.com/profile_background_images/800621862/71b21e020852d5e07c9d7844c3a1a746.jpeg", "name": "Mick Smith", "lang": "en", "profile_background_tile": true, "favourites_count": 625, "screen_name": "mickdownsouth", "notifications": false, "url": null, "created_at": "Fri Jun 12 02:24:19 +0000 2009", "contributors_enabled": false, "time_zone": null, "protected": false, "default_profile": false, "is_translator": false}, "geo": null, "in_reply_to_user_id_str": "17561562", "lang": "en", "created_at": "Fri Mar 27 03:51:52 +0000 2015", "in_reply_to_status_id_str": "581300992194572288", "place": null}
