{"contributors": null, "truncated": false, "text": "@slone if you crashed a plane the same site would do a write up saying you were a Muslim convert. It's all innuendo and propaganda.", "in_reply_to_status_id": 581300992194572288, "id": 582252920789295104, "favorite_count": 0, "source": "<a href=\"http://twitter.com/download/iphone\" rel=\"nofollow\">Twitter for iPhone</a>", "retweeted": false, "coordinates": null, "entities": {"symbols": [], "user_mentions": [{"id": 17561562, "indices": [0, 6], "id_str": "17561562", "screen_name": "slone", "name": "slone"}], "hashtags": [], "urls": []}, "in_reply_to_screen_name": "slone", "id_str": "582252920789295104", "retweet_count": 0, "in_reply_to_user_id": 17561562, "favorited": false, "user": {"follow_request_sent": false, "profile_use_background_image": true, "profile_text_color": "333333", "default_profile_image": true, "id": 2814080594, "profile_background_image_url_https": "https://abs.twimg.com/images/themes/theme1/bg.png", "verified": false, "profile_location": null, "profile_image_url_https": "https://abs.twimg.com/sticky/default_profile_images/default_profile_3_normal.png", "profile_sidebar_fill_color": "DDEEF6", "entities": {"description": {"urls": []}}, "followers_count": 20, "profile_sidebar_border_color": "C0DEED", "id_str": "2814080594", "profile_background_color": "C0DEED", "listed_count": 2, "is_translation_enabled": false, "utc_offset": -14400, "statuses_count": 1646, "description": "Patriot. Born & raised in the USA. Love God and country. Liberal. Progressive. Muslim. Secularist. Humanist. Keep religion out of politics! No tea party!!", "friends_count": 25, "location": "America", "profile_link_color": "0084B4", "profile_image_url": "http://abs.twimg.com/sticky/default_profile_images/default_profile_3_normal.png", "following": false, "geo_enabled": false, "profile_background_image_url": "http://abs.twimg.com/images/themes/theme1/bg.png", "name": "Muslim in America", "lang": "en", "profile_background_tile": false, "favourites_count": 8, "screen_name": "YusufPeaceful", "notifications": false, "url": null, "created_at": "Wed Sep 17 02:51:44 +0000 2014", "contributors_enabled": false, "time_zone": "Eastern Time (US & Canada)", "protected": false, "default_profile": true, "is_translator": false}, "geo": null, "in_reply_to_user_id_str": "17561562", "lang": "en", "created_at": "Sun Mar 29 18:48:08 +0000 2015", "in_reply_to_status_id_str": "581300992194572288", "place": null}
