{"contributors":null,"truncated":false,"text":"#Ferguson cops beat innocent man then charged him for bleeding on them: http:\/\/t.co\/u1ot9Eh5Cq via @MichaelDalynyc http:\/\/t.co\/AGJW2Pid1r","in_reply_to_status_id":null,"id":500290464621559808,"favorite_count":375,"source":"<a href=\"https:\/\/about.twitter.com\/products\/tweetdeck\" rel=\"nofollow\">TweetDeck<\/a>","retweeted":false,"coordinates":null,"entities":{"symbols":[],"user_mentions":[{"id":28149699,"indices":[99,114],"id_str":"28149699","screen_name":"MichaelDalynyc","name":"michael daly"}],"hashtags":[{"indices":[0,9],"text":"Ferguson"}],"urls":[{"url":"http:\/\/t.co\/u1ot9Eh5Cq","indices":[72,94],"expanded_url":"http:\/\/shar.es\/1njjWT","display_url":"shar.es\/1njjWT"}],"media":[{"expanded_url":"http:\/\/twitter.com\/MickSweetman\/status\/500290464621559808\/photo\/1","display_url":"pic.twitter.com\/AGJW2Pid1r","url":"http:\/\/t.co\/AGJW2Pid1r","media_url_https":"https:\/\/pbs.twimg.com\/media\/BvFjhp0IMAAqVR9.jpg","id_str":"500290463426162688","sizes":{"small":{"h":213,"resize":"fit","w":340},"large":{"h":500,"resize":"fit","w":800},"medium":{"h":375,"resize":"fit","w":600},"thumb":{"h":150,"resize":"crop","w":150}},"indices":[115,137],"type":"photo","id":500290463426162688,"media_url":"http:\/\/pbs.twimg.com\/media\/BvFjhp0IMAAqVR9.jpg"}]},"in_reply_to_screen_name":null,"id_str":"500290464621559808","retweet_count":925,"in_reply_to_user_id":null,"favorited":false,"user":{"follow_request_sent":false,"profile_use_background_image":true,"default_profile_image":false,"id":16593816,"profile_background_image_url_https":"https:\/\/pbs.twimg.com\/profile_background_images\/378800000020600378\/2835047fec1b5383bdd66f3d3feab9e1.jpeg","verified":false,"profile_text_color":"333333","profile_image_url_https":"https:\/\/pbs.twimg.com\/profile_images\/477545307907964928\/PTv_TwPs_normal.jpeg","profile_sidebar_fill_color":"F3F3F3","entities":{"description":{"urls":[]}},"followers_count":1407,"profile_sidebar_border_color":"FFFFFF","id_str":"16593816","profile_background_color":"EBEBEB","listed_count":77,"is_translation_enabled":false,"utc_offset":-14400,"statuses_count":8223,"description":"Managing editor of @DialogGBC | Chair of the board & Ontario Rep. of @canunipress | @TorontoFC supporter | #BikeTO\/Dufferin bus survivor. | #canlab #cdnpse etc.","friends_count":1765,"location":"Toronto 'til I die","profile_link_color":"990000","profile_image_url":"http:\/\/pbs.twimg.com\/profile_images\/477545307907964928\/PTv_TwPs_normal.jpeg","following":false,"geo_enabled":true,"profile_banner_url":"https:\/\/pbs.twimg.com\/profile_banners\/16593816\/1402293294","profile_background_image_url":"http:\/\/pbs.twimg.com\/profile_background_images\/378800000020600378\/2835047fec1b5383bdd66f3d3feab9e1.jpeg","screen_name":"MickSweetman","lang":"en","profile_background_tile":false,"favourites_count":2182,"name":"Mick Sweetman","notifications":false,"url":null,"created_at":"Sat Oct 04 18:31:31 +0000 2008","contributors_enabled":false,"time_zone":"Eastern Time (US & Canada)","protected":false,"default_profile":false,"is_translator":false},"geo":null,"in_reply_to_user_id_str":null,"possibly_sensitive":false,"lang":"en","created_at":"Fri Aug 15 14:38:36 +0000 2014","in_reply_to_status_id_str":null,"place":null,"extended_entities":{"media":[{"expanded_url":"http:\/\/twitter.com\/MickSweetman\/status\/500290464621559808\/photo\/1","display_url":"pic.twitter.com\/AGJW2Pid1r","url":"http:\/\/t.co\/AGJW2Pid1r","media_url_https":"https:\/\/pbs.twimg.com\/media\/BvFjhp0IMAAqVR9.jpg","id_str":"500290463426162688","sizes":{"small":{"h":213,"resize":"fit","w":340},"large":{"h":500,"resize":"fit","w":800},"medium":{"h":375,"resize":"fit","w":600},"thumb":{"h":150,"resize":"crop","w":150}},"indices":[115,137],"type":"photo","id":500290463426162688,"media_url":"http:\/\/pbs.twimg.com\/media\/BvFjhp0IMAAqVR9.jpg"}]}}