{"contributors":null,"truncated":false,"text":"#OttawaShooting police say they are investigating 3 shootings, one at War Memorial, one on Parliament Hill and one near Rideau Centre","in_reply_to_status_id":null,"id":524949439367380993,"favorite_count":42,"source":"<a href=\"http:\/\/twitter.com\" rel=\"nofollow\">Twitter Web Client<\/a>","retweeted":false,"coordinates":null,"entities":{"symbols":[],"user_mentions":[],"hashtags":[{"indices":[0,15],"text":"OttawaShooting"}],"urls":[]},"in_reply_to_screen_name":null,"id_str":"524949439367380993","retweet_count":306,"in_reply_to_user_id":null,"favorited":false,"user":{"follow_request_sent":false,"profile_use_background_image":true,"default_profile_image":false,"id":126486040,"profile_background_image_url_https":"https:\/\/abs.twimg.com\/images\/themes\/theme1\/bg.png","verified":true,"profile_text_color":"333333","profile_image_url_https":"https:\/\/pbs.twimg.com\/profile_images\/428208527635525632\/uci8A-ul_normal.jpeg","profile_sidebar_fill_color":"DDEEF6","entities":{"url":{"urls":[{"url":"http:\/\/t.co\/3Mt47EgiMW","indices":[0,22],"expanded_url":"http:\/\/www.theglobeandmail.com\/authors\/erin-anderssen","display_url":"theglobeandmail.com\/authors\/erin-a\u2026"}]},"description":{"urls":[]}},"followers_count":1699,"profile_sidebar_border_color":"C0DEED","id_str":"126486040","profile_background_color":"C0DEED","listed_count":89,"is_translation_enabled":false,"utc_offset":-18000,"statuses_count":888,"description":"Globe and Mail feature writer. I tweet about social policy, gender, cities, poverty and education. eanderssen@globeandmail.com","friends_count":160,"location":"Ottawa","profile_link_color":"0084B4","profile_image_url":"http:\/\/pbs.twimg.com\/profile_images\/428208527635525632\/uci8A-ul_normal.jpeg","following":false,"geo_enabled":false,"profile_background_image_url":"http:\/\/abs.twimg.com\/images\/themes\/theme1\/bg.png","screen_name":"ErinAnderssen","lang":"en","profile_background_tile":false,"favourites_count":4,"name":"Erin Anderssen","notifications":false,"url":"http:\/\/t.co\/3Mt47EgiMW","created_at":"Fri Mar 26 01:12:44 +0000 2010","contributors_enabled":false,"time_zone":"Quito","protected":false,"default_profile":true,"is_translator":false},"geo":null,"in_reply_to_user_id_str":null,"lang":"en","created_at":"Wed Oct 22 15:44:34 +0000 2014","in_reply_to_status_id_str":null,"place":null}