{"contributors":null,"truncated":false,"text":"Passenger plane carrying 148 people crashes in the French Alps en route from Spain to Germany.\n#Germanwings","in_reply_to_status_id":null,"id":580329886532968448,"favorite_count":7,"source":"<a href=\"http:\/\/twitter.com\" rel=\"nofollow\">Twitter Web Client<\/a>","retweeted":false,"coordinates":null,"entities":{"user_mentions":[],"symbols":[],"trends":[],"hashtags":[{"indices":[95,107],"text":"Germanwings"}],"urls":[]},"in_reply_to_screen_name":null,"id_str":"580329886532968448","retweet_count":30,"in_reply_to_user_id":null,"favorited":false,"user":{"follow_request_sent":null,"profile_use_background_image":true,"default_profile_image":false,"id":17740486,"verified":false,"profile_image_url_https":"https:\/\/pbs.twimg.com\/profile_images\/2884754027\/a23d66ac2060c14aed81c4b74d4ac1b0_normal.png","profile_sidebar_fill_color":"EADEAA","profile_text_color":"333333","followers_count":86373,"profile_sidebar_border_color":"000000","id_str":"17740486","profile_background_color":"8B542B","listed_count":893,"profile_background_image_url_https":"https:\/\/pbs.twimg.com\/profile_background_images\/378800000164254252\/F3auI8ED.jpeg","utc_offset":0,"statuses_count":63414,"description":"In the name of #Palestine, the most oppressed the most brutalised, I tweet, clinging to life despite Israel\u2019s death stuffed in our throats.\n#BDS #Gaza","friends_count":804,"location":"GAZA, Palestine ","profile_link_color":"001A8C","profile_image_url":"http:\/\/pbs.twimg.com\/profile_images\/2884754027\/a23d66ac2060c14aed81c4b74d4ac1b0_normal.png","following":null,"geo_enabled":true,"profile_banner_url":"https:\/\/pbs.twimg.com\/profile_banners\/17740486\/1403589834","profile_background_image_url":"http:\/\/pbs.twimg.com\/profile_background_images\/378800000164254252\/F3auI8ED.jpeg","name":"Gaza Writes Back","lang":"en","profile_background_tile":true,"favourites_count":6687,"screen_name":"ThisIsGaZa","notifications":null,"url":"http:\/\/justworldbooks.com\/gaza-writes-back\/","created_at":"Sat Nov 29 19:59:58 +0000 2008","contributors_enabled":false,"time_zone":"London","protected":false,"default_profile":false,"is_translator":false},"geo":null,"in_reply_to_user_id_str":null,"possibly_sensitive":false,"lang":"en","created_at":"Tue Mar 24 11:26:41 +0000 2015","filter_level":"low","in_reply_to_status_id_str":null,"place":null}