{"contributors":null,"truncated":false,"text":"Police have surrounded the area where the #CharlieHebdo attack suspects are believed to be: http:\/\/t.co\/3tGXEIX4F2\nhttps:\/\/t.co\/aBSezf2QWS","in_reply_to_status_id":null,"id":553515399438811136,"favorite_count":329,"source":"<a href=\"http:\/\/twitter.com\" rel=\"nofollow\">Twitter Web Client<\/a>","retweeted":false,"coordinates":null,"entities":{"user_mentions":[],"symbols":[],"trends":[],"hashtags":[{"indices":[42,55],"text":"CharlieHebdo"}],"urls":[{"url":"http:\/\/t.co\/3tGXEIX4F2","indices":[92,114],"expanded_url":"http:\/\/cnn.it\/1xYDHvp","display_url":"cnn.it\/1xYDHvp"},{"url":"https:\/\/t.co\/aBSezf2QWS","indices":[115,138],"expanded_url":"https:\/\/amp.twimg.com\/v\/7d7ecf3e-0965-41ca-afa6-81397b4854db","display_url":"amp.twimg.com\/v\/7d7ecf3e-096\u2026"}]},"in_reply_to_screen_name":null,"id_str":"553515399438811136","retweet_count":684,"in_reply_to_user_id":null,"favorited":false,"user":{"follow_request_sent":null,"profile_use_background_image":false,"default_profile_image":false,"id":759251,"verified":true,"profile_image_url_https":"https:\/\/pbs.twimg.com\/profile_images\/508960761826131968\/LnvhR8ED_normal.png","profile_sidebar_fill_color":"EEEEEE","profile_text_color":"000000","followers_count":15405096,"profile_sidebar_border_color":"000000","id_str":"759251","profile_background_color":"323232","listed_count":102287,"profile_background_image_url_https":"https:\/\/pbs.twimg.com\/profile_background_images\/515228058286952449\/zVfUxqPl.jpeg","utc_offset":-18000,"statuses_count":54427,"description":"It\u2019s our job to #GoThere and tell the most difficult stories. Come with us!","friends_count":1038,"location":"","profile_link_color":"004287","profile_image_url":"http:\/\/pbs.twimg.com\/profile_images\/508960761826131968\/LnvhR8ED_normal.png","following":null,"geo_enabled":false,"profile_banner_url":"https:\/\/pbs.twimg.com\/profile_banners\/759251\/1420464737","profile_background_image_url":"http:\/\/pbs.twimg.com\/profile_background_images\/515228058286952449\/zVfUxqPl.jpeg","name":"CNN","lang":"en","profile_background_tile":false,"favourites_count":897,"screen_name":"CNN","notifications":null,"url":"http:\/\/www.cnn.com","created_at":"Fri Feb 09 00:35:02 +0000 2007","contributors_enabled":false,"time_zone":"Eastern Time (US & Canada)","protected":false,"default_profile":false,"is_translator":false},"geo":null,"in_reply_to_user_id_str":null,"possibly_sensitive":false,"lang":"en","created_at":"Fri Jan 09 11:35:29 +0000 2015","filter_level":"low","in_reply_to_status_id_str":null,"place":null}