{"contributors":null,"truncated":false,"text":"@YourAnonLive #SeeWhatTheyDidThere? #TheNarrativeHasChanged. From Murder in the 1st to a Gross Misdemeanor. #MyPeopleMyPeople","in_reply_to_status_id":500308076004929537,"id":500312280933097472,"favorite_count":2,"source":"<a href=\"http:\/\/twitter.com\/download\/android\" rel=\"nofollow\">Twitter for Android<\/a>","retweeted":false,"coordinates":null,"entities":{"symbols":[],"user_mentions":[{"id":1363520268,"indices":[0,13],"id_str":"1363520268","screen_name":"YourAnonLive","name":"Anonymous"}],"hashtags":[{"indices":[14,34],"text":"SeeWhatTheyDidThere"},{"indices":[36,59],"text":"TheNarrativeHasChanged"},{"indices":[108,125],"text":"MyPeopleMyPeople"}],"urls":[]},"in_reply_to_screen_name":"YourAnonLive","id_str":"500312280933097472","retweet_count":3,"in_reply_to_user_id":1363520268,"favorited":false,"user":{"follow_request_sent":false,"profile_use_background_image":true,"default_profile_image":false,"id":16229233,"profile_background_image_url_https":"https:\/\/pbs.twimg.com\/profile_background_images\/24526115\/bw_moon_space-fe1a606a97f0c1a33f9f650ecfa55dbf_h.jpg","verified":false,"profile_text_color":"333333","profile_image_url_https":"https:\/\/pbs.twimg.com\/profile_images\/578746185977966592\/SRqRvYmV_normal.jpeg","profile_sidebar_fill_color":"141414","entities":{"url":{"urls":[{"url":"http:\/\/t.co\/NHC2CltF1w","indices":[0,22],"expanded_url":"http:\/\/www.stumbleupon.com\/stumbler\/em2wice\/","display_url":"stumbleupon.com\/stumbler\/em2wi\u2026"}]},"description":{"urls":[]}},"followers_count":1095,"profile_sidebar_border_color":"1C1C1C","id_str":"16229233","profile_background_color":"333333","listed_count":16,"is_translation_enabled":false,"utc_offset":null,"statuses_count":57651,"description":"Escape & Other Isms","friends_count":2000,"location":"Between Rock, Hard Place","profile_link_color":"00990D","profile_image_url":"http:\/\/pbs.twimg.com\/profile_images\/578746185977966592\/SRqRvYmV_normal.jpeg","following":false,"geo_enabled":true,"profile_banner_url":"https:\/\/pbs.twimg.com\/profile_banners\/16229233\/1400577134","profile_background_image_url":"http:\/\/pbs.twimg.com\/profile_background_images\/24526115\/bw_moon_space-fe1a606a97f0c1a33f9f650ecfa55dbf_h.jpg","screen_name":"em2wice","lang":"en","profile_background_tile":false,"favourites_count":2980,"name":"Snake Plisskin","notifications":false,"url":"http:\/\/t.co\/NHC2CltF1w","created_at":"Wed Sep 10 22:14:08 +0000 2008","contributors_enabled":false,"time_zone":null,"protected":false,"default_profile":false,"is_translator":false},"geo":null,"in_reply_to_user_id_str":"1363520268","lang":"en","created_at":"Fri Aug 15 16:05:17 +0000 2014","in_reply_to_status_id_str":"500308076004929537","place":null}