{"contributors": null, "truncated": false, "text": "@MrLewis915 @hydroflame @YourAnonLiveCan you imagine the shitstorm if this guy was black? Doubt U heard about it http://t.co/UtWrZNNQ3m", "in_reply_to_status_id": 500312223471120384, "id": 500317791933972481, "favorite_count": 0, "source": "<a href=\"http://twitter.com/download/iphone\" rel=\"nofollow\">Twitter for iPhone</a>", "retweeted": false, "coordinates": null, "entities": {"symbols": [], "user_mentions": [{"id": 1090999268, "indices": [0, 11], "id_str": "1090999268", "screen_name": "MrLewis915", "name": "MrLewis"}, {"id": 28539109, "indices": [12, 23], "id_str": "28539109", "screen_name": "hydroflame", "name": "mike "}], "hashtags": [], "urls": [{"url": "http://t.co/UtWrZNNQ3m", "indices": [113, 135], "expanded_url": "http://youtu.be/JwytoxMuk4U", "display_url": "youtu.be/JwytoxMuk4U"}]}, "in_reply_to_screen_name": "MrLewis915", "id_str": "500317791933972481", "retweet_count": 0, "in_reply_to_user_id": 1090999268, "favorited": false, "user": {"follow_request_sent": false, "profile_use_background_image": true, "default_profile_image": false, "id": 1053167256, "profile_background_image_url_https": "https://abs.twimg.com/images/themes/theme1/bg.png", "verified": false, "profile_text_color": "333333", "profile_image_url_https": "https://pbs.twimg.com/profile_images/489090272693727232/xffU03yQ_normal.jpeg", "profile_sidebar_fill_color": "DDEEF6", "entities": {"description": {"urls": []}}, "followers_count": 89, "profile_sidebar_border_color": "C0DEED", "id_str": "1053167256", "profile_background_color": "C0DEED", "listed_count": 3, "is_translation_enabled": false, "utc_offset": null, "statuses_count": 1784, "description": "", "friends_count": 254, "location": "", "profile_link_color": "0084B4", "profile_image_url": "http://pbs.twimg.com/profile_images/489090272693727232/xffU03yQ_normal.jpeg", "following": false, "geo_enabled": false, "profile_background_image_url": "http://abs.twimg.com/images/themes/theme1/bg.png", "screen_name": "hookemJuve", "lang": "en", "profile_background_tile": false, "favourites_count": 667, "name": "nick", "notifications": false, "url": null, "created_at": "Tue Jan 01 18:17:56 +0000 2013", "contributors_enabled": false, "time_zone": null, "protected": false, "default_profile": true, "is_translator": false}, "geo": null, "in_reply_to_user_id_str": "1090999268", "possibly_sensitive": false, "lang": "en", "created_at": "Fri Aug 15 16:27:11 +0000 2014", "in_reply_to_status_id_str": "500312223471120384", "place": null}
