{"contributors": null, "truncated": false, "text": "@MrsDowns @YourAnonLive Strong armed robbery, Assault on the store clerk, assaulting a police officer...and the info continues to come in.", "in_reply_to_status_id": 500309367129133056, "id": 500317982799982592, "favorite_count": 0, "source": "<a href=\"http://twitter.com\" rel=\"nofollow\">Twitter Web Client</a>", "retweeted": false, "coordinates": null, "entities": {"symbols": [], "user_mentions": [{"id": 40815842, "indices": [0, 9], "id_str": "40815842", "screen_name": "MrsDowns", "name": "Skateboard_V"}, {"id": 1363520268, "indices": [10, 23], "id_str": "1363520268", "screen_name": "YourAnonLive", "name": "Anonymous"}], "hashtags": [], "urls": []}, "in_reply_to_screen_name": "MrsDowns", "id_str": "500317982799982592", "retweet_count": 0, "in_reply_to_user_id": 40815842, "favorited": false, "user": {"follow_request_sent": false, "profile_use_background_image": true, "default_profile_image": false, "id": 2342311308, "profile_background_image_url_https": "https://abs.twimg.com/images/themes/theme4/bg.gif", "verified": false, "profile_text_color": "3C3940", "profile_image_url_https": "https://pbs.twimg.com/profile_images/472036785506111489/LoFNNrPX_normal.jpeg", "profile_sidebar_fill_color": "95E8EC", "entities": {"description": {"urls": []}}, "followers_count": 78, "profile_sidebar_border_color": "5ED4DC", "id_str": "2342311308", "profile_background_color": "0099B9", "listed_count": 3, "is_translation_enabled": false, "utc_offset": null, "statuses_count": 1362, "description": "Happily married R.N., Loves animals more than most humans..Dont be fooled by my name..I am a woman!", "friends_count": 152, "location": "", "profile_link_color": "0099B9", "profile_image_url": "http://pbs.twimg.com/profile_images/472036785506111489/LoFNNrPX_normal.jpeg", "following": false, "geo_enabled": false, "profile_banner_url": "https://pbs.twimg.com/profile_banners/2342311308/1401377608", "profile_background_image_url": "http://abs.twimg.com/images/themes/theme4/bg.gif", "screen_name": "suern1970", "lang": "en", "profile_background_tile": false, "favourites_count": 425, "name": "Motormouth", "notifications": false, "url": null, "created_at": "Thu Feb 13 17:23:37 +0000 2014", "contributors_enabled": false, "time_zone": null, "protected": false, "default_profile": false, "is_translator": false}, "geo": null, "in_reply_to_user_id_str": "40815842", "lang": "en", "created_at": "Fri Aug 15 16:27:57 +0000 2014", "in_reply_to_status_id_str": "500309367129133056", "place": null}
