{"contributors":null,"truncated":false,"text":"@hydroflame @YourAnonLive well put. There are bigger issues the masses are finally starting to see.","in_reply_to_status_id":500309556921384960,"id":500312045334851585,"favorite_count":0,"source":"<a href=\"http:\/\/twitter.com\/download\/android\" rel=\"nofollow\">Twitter for Android<\/a>","retweeted":false,"coordinates":null,"entities":{"symbols":[],"user_mentions":[{"id":28539109,"indices":[0,11],"id_str":"28539109","screen_name":"hydroflame","name":"mike "},{"id":1363520268,"indices":[12,25],"id_str":"1363520268","screen_name":"YourAnonLive","name":"Anonymous"}],"hashtags":[],"urls":[]},"in_reply_to_screen_name":"hydroflame","id_str":"500312045334851585","retweet_count":0,"in_reply_to_user_id":28539109,"favorited":false,"user":{"follow_request_sent":false,"profile_use_background_image":true,"default_profile_image":false,"id":1528169696,"profile_background_image_url_https":"https:\/\/abs.twimg.com\/images\/themes\/theme1\/bg.png","verified":false,"profile_text_color":"333333","profile_image_url_https":"https:\/\/pbs.twimg.com\/profile_images\/538703935436259328\/YZAWJ6V2_normal.jpeg","profile_sidebar_fill_color":"DDEEF6","entities":{"description":{"urls":[]}},"followers_count":33,"profile_sidebar_border_color":"C0DEED","id_str":"1528169696","profile_background_color":"C0DEED","listed_count":0,"is_translation_enabled":false,"utc_offset":null,"statuses_count":811,"description":"there comes a time when something must be broken in order for it to be fixed.","friends_count":126,"location":"","profile_link_color":"0084B4","profile_image_url":"http:\/\/pbs.twimg.com\/profile_images\/538703935436259328\/YZAWJ6V2_normal.jpeg","following":false,"geo_enabled":false,"profile_banner_url":"https:\/\/pbs.twimg.com\/profile_banners\/1528169696\/1400397193","profile_background_image_url":"http:\/\/abs.twimg.com\/images\/themes\/theme1\/bg.png","screen_name":"shdowalker789","lang":"en","profile_background_tile":false,"favourites_count":336,"name":"I am human ","notifications":false,"url":null,"created_at":"Tue Jun 18 16:09:37 +0000 2013","contributors_enabled":false,"time_zone":null,"protected":false,"default_profile":true,"is_translator":false},"geo":null,"in_reply_to_user_id_str":"28539109","lang":"en","created_at":"Fri Aug 15 16:04:21 +0000 2014","in_reply_to_status_id_str":"500309556921384960","place":null}