{"contributors": null, "truncated": false, "text": "@MrsDowns @YourAnonLive  corny, but only TRUE evil wants Us to believe INERT OBJECTS are more valuable than LIFE!  --GBJ #thinkforyourself", "in_reply_to_status_id": 500309367129133056, "id": 500317344997330945, "favorite_count": 0, "source": "<a href=\"https://twitter.com/download/android\" rel=\"nofollow\">Twitter for Android Tablets</a>", "retweeted": false, "coordinates": null, "entities": {"symbols": [], "user_mentions": [{"id": 40815842, "indices": [0, 9], "id_str": "40815842", "screen_name": "MrsDowns", "name": "Skateboard_V"}, {"id": 1363520268, "indices": [10, 23], "id_str": "1363520268", "screen_name": "YourAnonLive", "name": "Anonymous"}], "hashtags": [{"indices": [121, 138], "text": "thinkforyourself"}], "urls": []}, "in_reply_to_screen_name": "MrsDowns", "id_str": "500317344997330945", "retweet_count": 0, "in_reply_to_user_id": 40815842, "favorited": false, "user": {"follow_request_sent": false, "profile_use_background_image": true, "default_profile_image": false, "id": 27912912, "profile_background_image_url_https": "https://pbs.twimg.com/profile_background_images/439223395612233728/UJKgV9zB.jpeg", "verified": false, "profile_text_color": "3E4415", "profile_image_url_https": "https://pbs.twimg.com/profile_images/220779424/NCC1701w06__Kirk___Spock_years__Original_normal.jpg", "profile_sidebar_fill_color": "99CC33", "entities": {"description": {"urls": []}}, "followers_count": 184, "profile_sidebar_border_color": "FFFFFF", "id_str": "27912912", "profile_background_color": "535482", "listed_count": 0, "is_translation_enabled": false, "utc_offset": -14400, "statuses_count": 2956, "description": "December Capricorn. Typical and A-Typical. Go figure... Outside The Box!", "friends_count": 471, "location": "Silver Spring, MD", "profile_link_color": "D02B55", "profile_image_url": "http://pbs.twimg.com/profile_images/220779424/NCC1701w06__Kirk___Spock_years__Original_normal.jpg", "following": false, "geo_enabled": true, "profile_background_image_url": "http://pbs.twimg.com/profile_background_images/439223395612233728/UJKgV9zB.jpeg", "screen_name": "gbjay", "lang": "en", "profile_background_tile": true, "favourites_count": 964, "name": "G. Bjay", "notifications": false, "url": null, "created_at": "Tue Mar 31 17:06:21 +0000 2009", "contributors_enabled": false, "time_zone": "Eastern Time (US & Canada)", "protected": false, "default_profile": false, "is_translator": false}, "geo": null, "in_reply_to_user_id_str": "40815842", "lang": "en", "created_at": "Fri Aug 15 16:25:25 +0000 2014", "in_reply_to_status_id_str": "500309367129133056", "place": null}
