{"contributors": null, "truncated": false, "text": "@YourAnonLive A robbery doesn't excuse an execution style murder I don't give a fuck what anyone says. Swisher Sweets aren't worth a life.", "in_reply_to_status_id": 500308076004929537, "id": 500309367129133056, "favorite_count": 10, "source": "<a href=\"http://twitter.com\" rel=\"nofollow\">Twitter Web Client</a>", "retweeted": false, "coordinates": null, "entities": {"symbols": [], "user_mentions": [{"id": 1363520268, "indices": [0, 13], "id_str": "1363520268", "screen_name": "YourAnonLive", "name": "Anonymous"}], "hashtags": [], "urls": []}, "in_reply_to_screen_name": "YourAnonLive", "id_str": "500309367129133056", "retweet_count": 9, "in_reply_to_user_id": 1363520268, "favorited": false, "user": {"follow_request_sent": false, "profile_use_background_image": true, "default_profile_image": false, "id": 40815842, "profile_background_image_url_https": "https://abs.twimg.com/images/themes/theme8/bg.gif", "verified": false, "profile_text_color": "7D5F0C", "profile_image_url_https": "https://pbs.twimg.com/profile_images/501201537960792064/W_DUmsAl_normal.jpeg", "profile_sidebar_fill_color": "EADEAA", "entities": {"description": {"urls": []}}, "followers_count": 50, "profile_sidebar_border_color": "D9B17E", "id_str": "40815842", "profile_background_color": "8B542B", "listed_count": 0, "is_translation_enabled": false, "utc_offset": null, "statuses_count": 2271, "description": "I am...Domestic, Feminine, Nuturing, Wild, Passionate, Opinionated, Unapologetic, Rustically Beautiful and Regal.\r\n\r\nSeek and you shall find...", "friends_count": 48, "location": "New Orleans, LA ", "profile_link_color": "9D582E", "profile_image_url": "http://pbs.twimg.com/profile_images/501201537960792064/W_DUmsAl_normal.jpeg", "following": false, "geo_enabled": false, "profile_background_image_url": "http://abs.twimg.com/images/themes/theme8/bg.gif", "screen_name": "MrsDowns", "lang": "en", "profile_background_tile": false, "favourites_count": 78, "name": "Skateboard_V", "notifications": false, "url": null, "created_at": "Mon May 18 04:47:23 +0000 2009", "contributors_enabled": false, "time_zone": null, "protected": false, "default_profile": false, "is_translator": false}, "geo": null, "in_reply_to_user_id_str": "1363520268", "lang": "en", "created_at": "Fri Aug 15 15:53:43 +0000 2014", "in_reply_to_status_id_str": "500308076004929537", "place": null}
