{"contributors":null,"truncated":false,"text":"@YourAnonLive @OpFerguson Even if he had robbed a convenience store, that's no excuse for murder.","in_reply_to_status_id":500308076004929537,"id":500313313188663296,"favorite_count":1,"source":"<a href=\"http:\/\/twitter.com\" rel=\"nofollow\">Twitter Web Client<\/a>","retweeted":false,"coordinates":null,"entities":{"symbols":[],"user_mentions":[{"id":1363520268,"indices":[0,13],"id_str":"1363520268","screen_name":"YourAnonLive","name":"Anonymous"},{"id":2721777926,"indices":[14,25],"id_str":"2721777926","screen_name":"OpFerguson","name":"Operation Ferguson"}],"hashtags":[],"urls":[]},"in_reply_to_screen_name":"YourAnonLive","id_str":"500313313188663296","retweet_count":0,"in_reply_to_user_id":1363520268,"favorited":false,"user":{"follow_request_sent":false,"profile_use_background_image":true,"default_profile_image":false,"id":30715785,"profile_background_image_url_https":"https:\/\/abs.twimg.com\/images\/themes\/theme1\/bg.png","verified":false,"profile_text_color":"333333","profile_image_url_https":"https:\/\/pbs.twimg.com\/profile_images\/517169901669072896\/pt4kuqJk_normal.jpeg","profile_sidebar_fill_color":"DDEEF6","entities":{"description":{"urls":[]}},"followers_count":239,"profile_sidebar_border_color":"C0DEED","id_str":"30715785","profile_background_color":"C0DEED","listed_count":2,"is_translation_enabled":false,"utc_offset":-14400,"statuses_count":3208,"description":"Coming to you from Western WI, 33, Random dude, wrestling fan, lover of videogames, and all things technology. 420 Friendly :-)","friends_count":877,"location":"","profile_link_color":"0084B4","profile_image_url":"http:\/\/pbs.twimg.com\/profile_images\/517169901669072896\/pt4kuqJk_normal.jpeg","following":false,"geo_enabled":false,"profile_background_image_url":"http:\/\/abs.twimg.com\/images\/themes\/theme1\/bg.png","screen_name":"TheDefiler","lang":"en","profile_background_tile":false,"favourites_count":5721,"name":"Shaun Becker","notifications":false,"url":null,"created_at":"Sun Apr 12 20:33:09 +0000 2009","contributors_enabled":false,"time_zone":"Eastern Time (US & Canada)","protected":false,"default_profile":true,"is_translator":false},"geo":null,"in_reply_to_user_id_str":"1363520268","lang":"en","created_at":"Fri Aug 15 16:09:23 +0000 2014","in_reply_to_status_id_str":"500308076004929537","place":null}