{"contributors": null, "truncated": false, "text": "@YourAnonLive BAM ANTI-WHITES get caught with their foot in their mouth in front of the WORLD LMAO", "in_reply_to_status_id": 500308076004929537, "id": 500308366561124352, "favorite_count": 0, "source": "<a href=\"http://twitter.com\" rel=\"nofollow\">Twitter Web Client</a>", "retweeted": false, "coordinates": null, "entities": {"symbols": [], "user_mentions": [{"id": 1363520268, "indices": [0, 13], "id_str": "1363520268", "screen_name": "YourAnonLive", "name": "Anonymous"}], "hashtags": [], "urls": []}, "in_reply_to_screen_name": "YourAnonLive", "id_str": "500308366561124352", "retweet_count": 0, "in_reply_to_user_id": 1363520268, "favorited": false, "user": {"follow_request_sent": false, "profile_use_background_image": true, "default_profile_image": false, "id": 1090999268, "profile_background_image_url_https": "https://abs.twimg.com/images/themes/theme1/bg.png", "verified": false, "profile_text_color": "333333", "profile_image_url_https": "https://pbs.twimg.com/profile_images/501415190357766144/Ygq7eoSH_normal.jpeg", "profile_sidebar_fill_color": "DDEEF6", "entities": {"description": {"urls": []}}, "followers_count": 554, "profile_sidebar_border_color": "C0DEED", "id_str": "1090999268", "profile_background_color": "C0DEED", "listed_count": 8, "is_translation_enabled": false, "utc_offset": null, "statuses_count": 2770, "description": "Virtual Revolutionary spreading the truth about #WhiteGenocide & the NeoMarxist religion of Political Correctness. We're BACK! We are SAMIZDAT", "friends_count": 944, "location": "White Country", "profile_link_color": "0084B4", "profile_image_url": "http://pbs.twimg.com/profile_images/501415190357766144/Ygq7eoSH_normal.jpeg", "following": false, "geo_enabled": false, "profile_banner_url": "https://pbs.twimg.com/profile_banners/1090999268/1408986844", "profile_background_image_url": "http://abs.twimg.com/images/themes/theme1/bg.png", "screen_name": "MrLewis915", "lang": "en", "profile_background_tile": false, "favourites_count": 64, "name": "MrLewis", "notifications": false, "url": null, "created_at": "Tue Jan 15 04:10:46 +0000 2013", "contributors_enabled": false, "time_zone": null, "protected": false, "default_profile": true, "is_translator": false}, "geo": null, "in_reply_to_user_id_str": "1363520268", "lang": "en", "created_at": "Fri Aug 15 15:49:44 +0000 2014", "in_reply_to_status_id_str": "500308076004929537", "place": null}
