{"contributors": null, "truncated": false, "text": "@YourAnonLive Good job, faggots. You IDd the wrong man.", "in_reply_to_status_id": 500308076004929537, "id": 500310820635815937, "favorite_count": 0, "source": "<a href=\"http://twitter.com\" rel=\"nofollow\">Twitter Web Client</a>", "retweeted": false, "coordinates": null, "entities": {"symbols": [], "user_mentions": [{"id": 1363520268, "indices": [0, 13], "id_str": "1363520268", "screen_name": "YourAnonLive", "name": "Anonymous"}], "hashtags": [], "urls": []}, "in_reply_to_screen_name": "YourAnonLive", "id_str": "500310820635815937", "retweet_count": 0, "in_reply_to_user_id": 1363520268, "favorited": false, "user": {"follow_request_sent": false, "profile_use_background_image": true, "default_profile_image": false, "id": 2554712246, "profile_background_image_url_https": "https://abs.twimg.com/images/themes/theme1/bg.png", "verified": false, "profile_text_color": "333333", "profile_image_url_https": "https://pbs.twimg.com/profile_images/475630065800060929/4tBJGvZy_normal.jpeg", "profile_sidebar_fill_color": "DDEEF6", "entities": {"description": {"urls": []}}, "followers_count": 5, "profile_sidebar_border_color": "C0DEED", "id_str": "2554712246", "profile_background_color": "C0DEED", "listed_count": 0, "is_translation_enabled": false, "utc_offset": -14400, "statuses_count": 140, "description": "", "friends_count": 2, "location": "", "profile_link_color": "0084B4", "profile_image_url": "http://pbs.twimg.com/profile_images/475630065800060929/4tBJGvZy_normal.jpeg", "following": false, "geo_enabled": false, "profile_background_image_url": "http://abs.twimg.com/images/themes/theme1/bg.png", "screen_name": "AnonMachtFrei", "lang": "en", "profile_background_tile": false, "favourites_count": 0, "name": "AnonMachtFrei", "notifications": false, "url": null, "created_at": "Sun Jun 08 13:24:17 +0000 2014", "contributors_enabled": false, "time_zone": "Eastern Time (US & Canada)", "protected": false, "default_profile": true, "is_translator": false}, "geo": null, "in_reply_to_user_id_str": "1363520268", "lang": "en", "created_at": "Fri Aug 15 15:59:29 +0000 2014", "in_reply_to_status_id_str": "500308076004929537", "place": null}
