{"contributors":null,"truncated":false,"text":"@YourAnonLive it's not race were all targeted by the governments, cops, swat, FBI, they'll silence anyone who'll try to tell the truth","in_reply_to_status_id":500308076004929537,"id":500317848536096768,"favorite_count":1,"source":"<a href=\"http:\/\/twitter.com\/#!\/download\/ipad\" rel=\"nofollow\">Twitter for iPad<\/a>","retweeted":false,"coordinates":null,"entities":{"symbols":[],"user_mentions":[{"id":1363520268,"indices":[0,13],"id_str":"1363520268","screen_name":"YourAnonLive","name":"Anonymous"}],"hashtags":[],"urls":[]},"in_reply_to_screen_name":"YourAnonLive","id_str":"500317848536096768","retweet_count":0,"in_reply_to_user_id":1363520268,"favorited":false,"user":{"follow_request_sent":false,"profile_use_background_image":true,"default_profile_image":false,"id":2730912853,"profile_background_image_url_https":"https:\/\/abs.twimg.com\/images\/themes\/theme1\/bg.png","verified":false,"profile_text_color":"333333","profile_image_url_https":"https:\/\/pbs.twimg.com\/profile_images\/586907367276548096\/wToezp0B_normal.jpg","profile_sidebar_fill_color":"DDEEF6","entities":{"description":{"urls":[]}},"followers_count":33,"profile_sidebar_border_color":"C0DEED","id_str":"2730912853","profile_background_color":"C0DEED","listed_count":0,"is_translation_enabled":false,"utc_offset":null,"statuses_count":510,"description":"I Fight with Style, Ultimate Gamer, I have many Abilities, Smart, World War 3 coming, I'm awake to the Truth, America is corrupt within the core, I am Anonymous","friends_count":129,"location":"U.S.A","profile_link_color":"0084B4","profile_image_url":"http:\/\/pbs.twimg.com\/profile_images\/586907367276548096\/wToezp0B_normal.jpg","following":false,"geo_enabled":false,"profile_banner_url":"https:\/\/pbs.twimg.com\/profile_banners\/2730912853\/1408057216","profile_background_image_url":"http:\/\/abs.twimg.com\/images\/themes\/theme1\/bg.png","screen_name":"DesmondP2100","lang":"en","profile_background_tile":false,"favourites_count":250,"name":"Desmond Parkour","notifications":false,"url":null,"created_at":"Thu Aug 14 04:02:49 +0000 2014","contributors_enabled":false,"time_zone":null,"protected":false,"default_profile":true,"is_translator":false},"geo":null,"in_reply_to_user_id_str":"1363520268","lang":"en","created_at":"Fri Aug 15 16:27:25 +0000 2014","in_reply_to_status_id_str":"500308076004929537","place":null}