{"contributors": null, "truncated": false, "text": "@MrLewis915 anti-whites ? #lulz", "in_reply_to_status_id": 500308366561124352, "id": 500308482676240384, "favorite_count": 0, "source": "<a href=\"http://twitter.com/download/iphone\" rel=\"nofollow\">Twitter for iPhone</a>", "retweeted": false, "coordinates": null, "entities": {"symbols": [], "user_mentions": [{"id": 1090999268, "indices": [0, 11], "id_str": "1090999268", "screen_name": "MrLewis915", "name": "MrLewis"}], "hashtags": [{"indices": [26, 31], "text": "lulz"}], "urls": []}, "in_reply_to_screen_name": "MrLewis915", "id_str": "500308482676240384", "retweet_count": 0, "in_reply_to_user_id": 1090999268, "favorited": false, "user": {"follow_request_sent": false, "profile_use_background_image": true, "default_profile_image": false, "id": 1363520268, "profile_background_image_url_https": "https://pbs.twimg.com/profile_background_images/846851556/c4eb6ec820843cc20fd795f16b8fb1ea.png", "verified": false, "profile_text_color": "333333", "profile_image_url_https": "https://pbs.twimg.com/profile_images/493259571058999296/8tpjQjQ7_normal.jpeg", "profile_sidebar_fill_color": "DDEEF6", "entities": {"description": {"urls": []}}, "followers_count": 32292, "profile_sidebar_border_color": "FFFFFF", "id_str": "1363520268", "profile_background_color": "000000", "listed_count": 508, "is_translation_enabled": false, "utc_offset": -25200, "statuses_count": 13016, "description": "BREAKING NEWS and LIVESTREAMS #Anonymous Tweets are from around the world #FreeAnons #UpTheRebels #Anonymous #YAL BackUp=@YourAnonLiv3", "friends_count": 299, "location": "Everywhere", "profile_link_color": "FF0000", "profile_image_url": "http://pbs.twimg.com/profile_images/493259571058999296/8tpjQjQ7_normal.jpeg", "following": false, "geo_enabled": false, "profile_banner_url": "https://pbs.twimg.com/profile_banners/1363520268/1405360342", "profile_background_image_url": "http://pbs.twimg.com/profile_background_images/846851556/c4eb6ec820843cc20fd795f16b8fb1ea.png", "screen_name": "YourAnonLive", "lang": "en", "profile_background_tile": false, "favourites_count": 2348, "name": "Anonymous", "notifications": false, "url": null, "created_at": "Fri Apr 19 04:09:05 +0000 2013", "contributors_enabled": false, "time_zone": "Arizona", "protected": false, "default_profile": false, "is_translator": false}, "geo": null, "in_reply_to_user_id_str": "1090999268", "lang": "en", "created_at": "Fri Aug 15 15:50:12 +0000 2014", "in_reply_to_status_id_str": "500308366561124352", "place": null}
