{"contributors": null, "truncated": false, "text": "@MrLewis915 but because of the training that cops receive now is more military in manner they react overly aggressive towards us (non-cop)", "in_reply_to_status_id": 500312223471120384, "id": 500324150519808000, "favorite_count": 0, "source": "<a href=\"http://www.tweetcaster.com\" rel=\"nofollow\">TweetCaster for Android</a>", "retweeted": false, "coordinates": null, "entities": {"symbols": [], "user_mentions": [{"id": 1090999268, "indices": [0, 11], "id_str": "1090999268", "screen_name": "MrLewis915", "name": "MrLewis"}], "hashtags": [], "urls": []}, "in_reply_to_screen_name": "MrLewis915", "id_str": "500324150519808000", "retweet_count": 0, "in_reply_to_user_id": 1090999268, "favorited": false, "user": {"follow_request_sent": false, "profile_use_background_image": true, "default_profile_image": false, "id": 28539109, "profile_background_image_url_https": "https://abs.twimg.com/images/themes/theme1/bg.png", "verified": false, "profile_text_color": "333333", "profile_image_url_https": "https://pbs.twimg.com/profile_images/456151415140790272/kJAbevaR_normal.png", "profile_sidebar_fill_color": "DDEEF6", "entities": {"description": {"urls": []}}, "followers_count": 55, "profile_sidebar_border_color": "FFFFFF", "id_str": "28539109", "profile_background_color": "C0DEED", "listed_count": 1, "is_translation_enabled": false, "utc_offset": -18000, "statuses_count": 714, "description": "", "friends_count": 212, "location": "Mobile, AL", "profile_link_color": "0084B4", "profile_image_url": "http://pbs.twimg.com/profile_images/456151415140790272/kJAbevaR_normal.png", "following": false, "geo_enabled": true, "profile_background_image_url": "http://abs.twimg.com/images/themes/theme1/bg.png", "screen_name": "hydroflame", "lang": "en", "profile_background_tile": false, "favourites_count": 39, "name": "mike ", "notifications": false, "url": null, "created_at": "Fri Apr 03 10:44:30 +0000 2009", "contributors_enabled": false, "time_zone": "Central Time (US & Canada)", "protected": false, "default_profile": false, "is_translator": false}, "geo": null, "in_reply_to_user_id_str": "1090999268", "lang": "en", "created_at": "Fri Aug 15 16:52:27 +0000 2014", "in_reply_to_status_id_str": "500312223471120384", "place": null}
