{"contributors":null,"truncated":false,"text":"Converts are DISTURBED!!\nCo-Pilot of #GermanWings Airbus Was a Muslim convert.\n\"Hero of Islamic State\"\nhttp:\/\/t.co\/jBoJb6rfor #WhiteMuslims","in_reply_to_status_id":null,"id":581295858898989056,"favorite_count":11,"source":"<a href=\"http:\/\/twitter.com\/download\/android\" rel=\"nofollow\">Twitter for Android<\/a>","retweeted":false,"coordinates":null,"entities":{"user_mentions":[],"symbols":[],"trends":[],"hashtags":[{"indices":[37,49],"text":"GermanWings"},{"indices":[126,139],"text":"WhiteMuslims"}],"urls":[{"url":"http:\/\/t.co\/jBoJb6rfor","indices":[103,125],"expanded_url":"http:\/\/shar.es\/1gmJJ7","display_url":"shar.es\/1gmJJ7"}]},"in_reply_to_screen_name":null,"id_str":"581295858898989056","retweet_count":25,"in_reply_to_user_id":null,"favorited":false,"user":{"follow_request_sent":null,"profile_use_background_image":true,"default_profile_image":false,"id":30122242,"verified":false,"profile_image_url_https":"https:\/\/pbs.twimg.com\/profile_images\/585699176119410688\/pajgVGF-_normal.jpg","profile_sidebar_fill_color":"080401","profile_text_color":"D149D1","followers_count":24283,"profile_sidebar_border_color":"FFFFFF","id_str":"30122242","profile_background_color":"968B8B","listed_count":342,"profile_background_image_url_https":"https:\/\/pbs.twimg.com\/profile_background_images\/663221162\/fk65lytsncgh08pzcpdv.jpeg","utc_offset":null,"statuses_count":133218,"description":"#Dogs #Theater #Music #Art #DogTraining #Tolerance #Peace #UniteBlue #SocialMediaStrategist #OFA #LGBT Nothing is an endorsement. I will #Followback","friends_count":26712,"location":"Broadway ","profile_link_color":"FF0F97","profile_image_url":"http:\/\/pbs.twimg.com\/profile_images\/585699176119410688\/pajgVGF-_normal.jpg","following":null,"geo_enabled":true,"profile_banner_url":"https:\/\/pbs.twimg.com\/profile_banners\/30122242\/1378710573","profile_background_image_url":"http:\/\/pbs.twimg.com\/profile_background_images\/663221162\/fk65lytsncgh08pzcpdv.jpeg","name":"RiWired","lang":"en","profile_background_tile":true,"favourites_count":178214,"screen_name":"riwired","notifications":null,"url":"http:\/\/UniteBlue.org\/user\/riwired\/","created_at":"Fri Apr 10 01:35:01 +0000 2009","contributors_enabled":false,"time_zone":null,"protected":false,"default_profile":false,"is_translator":false},"geo":null,"in_reply_to_user_id_str":null,"possibly_sensitive":false,"lang":"en","created_at":"Fri Mar 27 03:25:07 +0000 2015","filter_level":"low","in_reply_to_status_id_str":null,"place":null}