{"contributors": null, "truncated": false, "text": "Martin Place, Sydney Opera House &amp; State Library evacuated due to #sydneysiege follow our blog\nhttp://t.co/4MUc9ivwbK http://t.co/s6hCQ8QOAs", "in_reply_to_status_id": null, "id": 544334939374641152, "favorite_count": 32, "source": "<a href=\"https://about.twitter.com/products/tweetdeck\" rel=\"nofollow\">TweetDeck</a>", "retweeted": false, "coordinates": null, "entities": {"symbols": [], "user_mentions": [], "hashtags": [{"indices": [70, 82], "text": "sydneysiege"}], "urls": [{"url": "http://t.co/4MUc9ivwbK", "indices": [99, 121], "expanded_url": "http://ab.co/1DyBfBa", "display_url": "ab.co/1DyBfBa"}], "media": [{"expanded_url": "http://twitter.com/abcnews/status/544334939374641152/photo/1", "display_url": "pic.twitter.com/s6hCQ8QOAs", "url": "http://t.co/s6hCQ8QOAs", "media_url_https": "https://pbs.twimg.com/media/B43diffCIAAR27O.jpg", "id_str": "544334714618650624", "sizes": {"small": {"h": 226, "resize": "fit", "w": 340}, "large": {"h": 682, "resize": "fit", "w": 1023}, "medium": {"h": 400, "resize": "fit", "w": 600}, "thumb": {"h": 150, "resize": "crop", "w": 150}}, "indices": [122, 144], "type": "photo", "id": 544334714618650624, "media_url": "http://pbs.twimg.com/media/B43diffCIAAR27O.jpg"}]}, "in_reply_to_screen_name": null, "id_str": "544334939374641152", "retweet_count": 108, "in_reply_to_user_id": null, "favorited": false, "user": {"follow_request_sent": false, "profile_use_background_image": true, "profile_text_color": "000000", "default_profile_image": false, "id": 2768501, "profile_background_image_url_https": "https://pbs.twimg.com/profile_background_images/384697135/News_Twitter-background.jpg", "verified": true, "profile_location": null, "profile_image_url_https": "https://pbs.twimg.com/profile_images/2926053458/8447650cdcc90a0dfdc522b8f6f06173_normal.jpeg", "profile_sidebar_fill_color": "C8C8C8", "entities": {"url": {"urls": [{"url": "http://t.co/knlFvfwxkf", "indices": [0, 22], "expanded_url": "http://www.abc.net.au/news", "display_url": "abc.net.au/news"}]}, "description": {"urls": []}}, "followers_count": 490216, "profile_sidebar_border_color": "CCCCCC", "id_str": "2768501", "profile_background_color": "000000", "listed_count": 8463, "is_translation_enabled": false, "utc_offset": 39600, "statuses_count": 141694, "description": "Latest news updates from the Australian Broadcasting Corp. This is an official @abcaustralia account.", "friends_count": 1063, "location": "Australia", "profile_link_color": "0000FF", "profile_image_url": "http://pbs.twimg.com/profile_images/2926053458/8447650cdcc90a0dfdc522b8f6f06173_normal.jpeg", "following": false, "geo_enabled": true, "profile_banner_url": "https://pbs.twimg.com/profile_banners/2768501/1413770066", "profile_background_image_url": "http://pbs.twimg.com/profile_background_images/384697135/News_Twitter-background.jpg", "name": "ABC News", "lang": "en", "profile_background_tile": false, "favourites_count": 1530, "screen_name": "abcnews", "notifications": false, "url": "http://t.co/knlFvfwxkf", "created_at": "Thu Mar 29 02:15:36 +0000 2007", "contributors_enabled": false, "time_zone": "Sydney", "protected": false, "default_profile": false, "is_translator": false}, "geo": null, "in_reply_to_user_id_str": null, "possibly_sensitive": false, "lang": "en", "created_at": "Mon Dec 15 03:35:37 +0000 2014", "in_reply_to_status_id_str": null, "place": null, "extended_entities": {"media": [{"expanded_url": "http://twitter.com/abcnews/status/544334939374641152/photo/1", "display_url": "pic.twitter.com/s6hCQ8QOAs", "url": "http://t.co/s6hCQ8QOAs", "media_url_https": "https://pbs.twimg.com/media/B43diffCIAAR27O.jpg", "id_str": "544334714618650624", "sizes": {"small": {"h": 226, "resize": "fit", "w": 340}, "large": {"h": 682, "resize": "fit", "w": 1023}, "medium": {"h": 400, "resize": "fit", "w": 600}, "thumb": {"h": 150, "resize": "crop", "w": 150}}, "indices": [122, 144], "type": "photo", "id": 544334714618650624, "media_url": "http://pbs.twimg.com/media/B43diffCIAAR27O.jpg"}]}}