{"contributors":null,"truncated":false,"text":"Police have clarified that there were two shootings in Ottawa today, not three: at the War Memorial and Parliament Hill.","in_reply_to_status_id":null,"id":524990163446140928,"favorite_count":70,"source":"<a href=\"http:\/\/www.hootsuite.com\" rel=\"nofollow\">Hootsuite<\/a>","retweeted":false,"coordinates":null,"entities":{"symbols":[],"user_mentions":[],"hashtags":[],"urls":[]},"in_reply_to_screen_name":null,"id_str":"524990163446140928","retweet_count":273,"in_reply_to_user_id":null,"favorited":false,"user":{"follow_request_sent":false,"profile_use_background_image":true,"default_profile_image":false,"id":203123011,"profile_background_image_url_https":"https:\/\/pbs.twimg.com\/profile_background_images\/378800000085551990\/fc23ba17d3f42dacdd6829b2b0f198cb.jpeg","verified":true,"profile_text_color":"333333","profile_image_url_https":"https:\/\/pbs.twimg.com\/profile_images\/378800000530407839\/22101d60543a76ebf9506a60f37e1534_normal.jpeg","profile_sidebar_fill_color":"DDEEF6","entities":{"url":{"urls":[{"url":"http:\/\/t.co\/sIkkpnZFhH","indices":[0,22],"expanded_url":"http:\/\/www.ctvnews.ca","display_url":"ctvnews.ca"}]},"description":{"urls":[]}},"followers_count":173267,"profile_sidebar_border_color":"FFFFFF","id_str":"203123011","profile_background_color":"000000","listed_count":1966,"is_translation_enabled":false,"utc_offset":-14400,"statuses_count":50156,"description":"Tweeting breaking news from CTVNews.ca in the CTV National newsroom. RTs do not constitute endorsement of views.","friends_count":339,"location":"","profile_link_color":"0084B4","profile_image_url":"http:\/\/pbs.twimg.com\/profile_images\/378800000530407839\/22101d60543a76ebf9506a60f37e1534_normal.jpeg","following":false,"geo_enabled":false,"profile_banner_url":"https:\/\/pbs.twimg.com\/profile_banners\/203123011\/1399385726","profile_background_image_url":"http:\/\/pbs.twimg.com\/profile_background_images\/378800000085551990\/fc23ba17d3f42dacdd6829b2b0f198cb.jpeg","screen_name":"CTVNews","lang":"en","profile_background_tile":false,"favourites_count":8,"name":"CTV News","notifications":false,"url":"http:\/\/t.co\/sIkkpnZFhH","created_at":"Fri Oct 15 15:48:42 +0000 2010","contributors_enabled":false,"time_zone":"Eastern Time (US & Canada)","protected":false,"default_profile":false,"is_translator":false},"geo":null,"in_reply_to_user_id_str":null,"lang":"en","created_at":"Wed Oct 22 18:26:23 +0000 2014","in_reply_to_status_id_str":null,"place":null}