{"contributors": null, "truncated": false, "text": "\u201c@CTVNews: Police have clarified that there were two shootings in Ottawa today, not three: at the War Memorial and Parliament Hill.\u201d wow", "in_reply_to_status_id": 524990163446140928, "id": 524992603000143872, "favorite_count": 0, "source": "<a href=\"http://twitter.com/download/iphone\" rel=\"nofollow\">Twitter for iPhone</a>", "retweeted": false, "coordinates": null, "entities": {"symbols": [], "user_mentions": [{"id": 203123011, "indices": [1, 9], "id_str": "203123011", "screen_name": "CTVNews", "name": "CTV News"}], "hashtags": [], "urls": []}, "in_reply_to_screen_name": "CTVNews", "id_str": "524992603000143872", "retweet_count": 0, "in_reply_to_user_id": 203123011, "favorited": false, "user": {"follow_request_sent": false, "profile_use_background_image": false, "default_profile_image": false, "id": 1043778398, "profile_background_image_url_https": "https://pbs.twimg.com/profile_background_images/378800000181712573/BpZrFdSN.jpeg", "verified": false, "profile_text_color": "333333", "profile_image_url_https": "https://pbs.twimg.com/profile_images/526013268117426176/-2zPFklJ_normal.jpeg", "profile_sidebar_fill_color": "EFEFEF", "entities": {"description": {"urls": []}}, "followers_count": 1088, "profile_sidebar_border_color": "000000", "id_str": "1043778398", "profile_background_color": "131516", "listed_count": 27, "is_translation_enabled": false, "utc_offset": -21600, "statuses_count": 40063, "description": "I got these niggas whipped call me django", "friends_count": 509, "location": "#ColeWorld", "profile_link_color": "009999", "profile_image_url": "http://pbs.twimg.com/profile_images/526013268117426176/-2zPFklJ_normal.jpeg", "following": false, "geo_enabled": false, "profile_banner_url": "https://pbs.twimg.com/profile_banners/1043778398/1397054459", "profile_background_image_url": "http://pbs.twimg.com/profile_background_images/378800000181712573/BpZrFdSN.jpeg", "screen_name": "Champagnezustin", "lang": "en", "profile_background_tile": true, "favourites_count": 2251, "name": "Yeezus", "notifications": false, "url": null, "created_at": "Sat Dec 29 04:03:03 +0000 2012", "contributors_enabled": false, "time_zone": "Mountain Time (US & Canada)", "protected": false, "default_profile": false, "is_translator": false}, "geo": null, "in_reply_to_user_id_str": "203123011", "lang": "en", "created_at": "Wed Oct 22 18:36:05 +0000 2014", "in_reply_to_status_id_str": "524990163446140928", "place": null}
