{"contributors": null, "truncated": false, "text": "RT @CTVNews Police have clarified that there were two shootings in Ottawa today, not three: at the War Memorial and Parliament Hill. #Canada", "in_reply_to_status_id": 524990163446140928, "id": 524992704673890304, "favorite_count": 0, "source": "<a href=\"http://twitter.com/download/android\" rel=\"nofollow\">Twitter for Android</a>", "retweeted": false, "coordinates": null, "entities": {"symbols": [], "user_mentions": [{"id": 203123011, "indices": [3, 11], "id_str": "203123011", "screen_name": "CTVNews", "name": "CTV News"}], "hashtags": [{"indices": [133, 140], "text": "Canada"}], "urls": []}, "in_reply_to_screen_name": "CTVNews", "id_str": "524992704673890304", "retweet_count": 0, "in_reply_to_user_id": 203123011, "favorited": false, "user": {"follow_request_sent": false, "profile_use_background_image": true, "default_profile_image": false, "id": 102238015, "profile_background_image_url_https": "https://pbs.twimg.com/profile_background_images/519941243288039424/SnBu3ggm.jpeg", "verified": false, "profile_text_color": "C6C8C5", "profile_image_url_https": "https://pbs.twimg.com/profile_images/1366573243/Favorite7_normal.jpg", "profile_sidebar_fill_color": "E1D0BE", "entities": {"url": {"urls": [{"url": "http://t.co/JkaSEu6AVz", "indices": [0, 22], "expanded_url": "http://www.globalawareness101.org", "display_url": "globalawareness101.org"}]}, "description": {"urls": []}}, "followers_count": 359, "profile_sidebar_border_color": "FFFFFF", "id_str": "102238015", "profile_background_color": "B6B5C3", "listed_count": 11, "is_translation_enabled": false, "utc_offset": -25200, "statuses_count": 34487, "description": "The Official GlobalAwareness101 page. Blogger, Activist, Spiritual Warrior keeping you informed of news that is affecting humanity and nature around the world!", "friends_count": 604, "location": "Los Angeles, CA", "profile_link_color": "4CBBF2", "profile_image_url": "http://pbs.twimg.com/profile_images/1366573243/Favorite7_normal.jpg", "following": false, "geo_enabled": false, "profile_banner_url": "https://pbs.twimg.com/profile_banners/102238015/1353994667", "profile_background_image_url": "http://pbs.twimg.com/profile_background_images/519941243288039424/SnBu3ggm.jpeg", "screen_name": "Mononoke__Hime", "lang": "en", "profile_background_tile": true, "favourites_count": 193, "name": "GlobalAwareness101", "notifications": false, "url": "http://t.co/JkaSEu6AVz", "created_at": "Wed Jan 06 02:01:33 +0000 2010", "contributors_enabled": false, "time_zone": "Pacific Time (US & Canada)", "protected": false, "default_profile": false, "is_translator": false}, "geo": null, "in_reply_to_user_id_str": "203123011", "lang": "en", "created_at": "Wed Oct 22 18:36:29 +0000 2014", "in_reply_to_status_id_str": "524990163446140928", "place": null}
