{"contributors": null, "truncated": false, "text": "@CTVNews get it right. http://t.co/GHYxMuzPG9", "in_reply_to_status_id": 524990163446140928, "id": 524990764049522688, "favorite_count": 0, "source": "<a href=\"http://twitter.com/download/iphone\" rel=\"nofollow\">Twitter for iPhone</a>", "retweeted": false, "coordinates": null, "entities": {"symbols": [], "user_mentions": [{"id": 203123011, "indices": [0, 8], "id_str": "203123011", "screen_name": "CTVNews", "name": "CTV News"}], "hashtags": [], "urls": [], "media": [{"expanded_url": "http://twitter.com/_quikfingers_/status/524990764049522688/photo/1", "display_url": "pic.twitter.com/GHYxMuzPG9", "url": "http://t.co/GHYxMuzPG9", "media_url_https": "https://pbs.twimg.com/media/B0kkUHmCMAA7bRX.jpg", "id_str": "524990759619932160", "sizes": {"small": {"h": 604, "resize": "fit", "w": 340}, "large": {"h": 1024, "resize": "fit", "w": 576}, "medium": {"h": 1024, "resize": "fit", "w": 576}, "thumb": {"h": 150, "resize": "crop", "w": 150}}, "indices": [23, 45], "type": "photo", "id": 524990759619932160, "media_url": "http://pbs.twimg.com/media/B0kkUHmCMAA7bRX.jpg"}]}, "in_reply_to_screen_name": "CTVNews", "id_str": "524990764049522688", "retweet_count": 0, "in_reply_to_user_id": 203123011, "favorited": false, "user": {"follow_request_sent": false, "profile_use_background_image": true, "default_profile_image": false, "id": 503956899, "profile_background_image_url_https": "https://abs.twimg.com/images/themes/theme14/bg.gif", "verified": false, "profile_text_color": "333333", "profile_image_url_https": "https://pbs.twimg.com/profile_images/3624075960/0e2908379a0038d605f1150ab267b206_normal.png", "profile_sidebar_fill_color": "EFEFEF", "entities": {"url": {"urls": [{"url": "http://t.co/qOVe90PfJ3", "indices": [0, 22], "expanded_url": "http://www.reverbnation.com/brentcollins", "display_url": "reverbnation.com/brentcollins"}]}, "description": {"urls": []}}, "followers_count": 139, "profile_sidebar_border_color": "000000", "id_str": "503956899", "profile_background_color": "131516", "listed_count": 3, "is_translation_enabled": false, "utc_offset": -10800, "statuses_count": 5329, "description": "I got all my dad's worst genes. I play sold out shows to no one. Love NFL and MMA. Better man than Ray Rice and Michael Vick put together. Love me.", "friends_count": 487, "location": "", "profile_link_color": "1A1B1F", "profile_image_url": "http://pbs.twimg.com/profile_images/3624075960/0e2908379a0038d605f1150ab267b206_normal.png", "following": false, "geo_enabled": false, "profile_banner_url": "https://pbs.twimg.com/profile_banners/503956899/1410496804", "profile_background_image_url": "http://abs.twimg.com/images/themes/theme14/bg.gif", "screen_name": "_quikfingers_", "lang": "en", "profile_background_tile": true, "favourites_count": 857, "name": "Brent ", "notifications": false, "url": "http://t.co/qOVe90PfJ3", "created_at": "Sun Feb 26 03:57:06 +0000 2012", "contributors_enabled": false, "time_zone": "Atlantic Time (Canada)", "protected": false, "default_profile": false, "is_translator": false}, "geo": null, "in_reply_to_user_id_str": "203123011", "possibly_sensitive": false, "lang": "en", "created_at": "Wed Oct 22 18:28:46 +0000 2014", "in_reply_to_status_id_str": "524990163446140928", "place": null, "extended_entities": {"media": [{"expanded_url": "http://twitter.com/_quikfingers_/status/524990764049522688/photo/1", "display_url": "pic.twitter.com/GHYxMuzPG9", "url": "http://t.co/GHYxMuzPG9", "media_url_https": "https://pbs.twimg.com/media/B0kkUHmCMAA7bRX.jpg", "id_str": "524990759619932160", "sizes": {"small": {"h": 604, "resize": "fit", "w": 340}, "large": {"h": 1024, "resize": "fit", "w": 576}, "medium": {"h": 1024, "resize": "fit", "w": 576}, "thumb": {"h": 150, "resize": "crop", "w": 150}}, "indices": [23, 45], "type": "photo", "id": 524990759619932160, "media_url": "http://pbs.twimg.com/media/B0kkUHmCMAA7bRX.jpg"}]}}
