{"contributors": null, "truncated": false, "text": "@CTVNews @ctvsaskatoon so what happened at Rideau? Nothing?", "in_reply_to_status_id": 524990163446140928, "id": 525003827494531073, "favorite_count": 0, "source": "<a href=\"http://twitter.com/download/iphone\" rel=\"nofollow\">Twitter for iPhone</a>", "retweeted": false, "coordinates": null, "entities": {"symbols": [], "user_mentions": [{"id": 203123011, "indices": [0, 8], "id_str": "203123011", "screen_name": "CTVNews", "name": "CTV News"}, {"id": 138099943, "indices": [9, 22], "id_str": "138099943", "screen_name": "ctvsaskatoon", "name": "CTV Saskatoon"}], "hashtags": [], "urls": []}, "in_reply_to_screen_name": "CTVNews", "id_str": "525003827494531073", "retweet_count": 0, "in_reply_to_user_id": 203123011, "favorited": false, "user": {"follow_request_sent": false, "profile_use_background_image": true, "default_profile_image": false, "id": 25412397, "profile_background_image_url_https": "https://abs.twimg.com/images/themes/theme2/bg.gif", "verified": false, "profile_text_color": "663B12", "profile_image_url_https": "https://pbs.twimg.com/profile_images/378800000244366378/5bccdb19084cdbbd1e5e4362eb8b0ebe_normal.jpeg", "profile_sidebar_fill_color": "DAECF4", "entities": {"url": {"urls": [{"url": "http://t.co/E7WDkRd2Bv", "indices": [0, 22], "expanded_url": "http://www.reverbnation.com/jennifergehl", "display_url": "reverbnation.com/jennifergehl"}]}, "description": {"urls": []}}, "followers_count": 63, "profile_sidebar_border_color": "C6E2EE", "id_str": "25412397", "profile_background_color": "C6E2EE", "listed_count": 0, "is_translation_enabled": false, "utc_offset": null, "statuses_count": 2344, "description": "Mom to a sweet little girl, wife of a sweet little lady. Love my girls!", "friends_count": 142, "location": "Saskatoon", "profile_link_color": "1F98C7", "profile_image_url": "http://pbs.twimg.com/profile_images/378800000244366378/5bccdb19084cdbbd1e5e4362eb8b0ebe_normal.jpeg", "following": false, "geo_enabled": false, "profile_banner_url": "https://pbs.twimg.com/profile_banners/25412397/1377208158", "profile_background_image_url": "http://abs.twimg.com/images/themes/theme2/bg.gif", "screen_name": "janiejennifer", "lang": "en", "profile_background_tile": false, "favourites_count": 338, "name": "Jen Gehl de Laforest", "notifications": false, "url": "http://t.co/E7WDkRd2Bv", "created_at": "Thu Mar 19 23:42:37 +0000 2009", "contributors_enabled": false, "time_zone": null, "protected": false, "default_profile": false, "is_translator": false}, "geo": null, "in_reply_to_user_id_str": "203123011", "lang": "en", "created_at": "Wed Oct 22 19:20:41 +0000 2014", "in_reply_to_status_id_str": "524990163446140928", "place": null}
