{"contributors":null,"truncated":false,"text":"7) #MikeBrown was approached for mouthing off to a cop (both  #Ferguson PD &amp; eyewitness testimonies reflect this). NOT as a robbery suspect","in_reply_to_status_id":null,"id":500280304146612224,"favorite_count":18,"source":"<a href=\"https:\/\/about.twitter.com\/products\/tweetdeck\" rel=\"nofollow\">TweetDeck<\/a>","retweeted":false,"coordinates":null,"entities":{"symbols":[],"user_mentions":[],"hashtags":[{"indices":[3,13],"text":"MikeBrown"},{"indices":[62,71],"text":"Ferguson"}],"urls":[]},"in_reply_to_screen_name":null,"id_str":"500280304146612224","retweet_count":108,"in_reply_to_user_id":null,"favorited":false,"user":{"follow_request_sent":false,"profile_use_background_image":true,"default_profile_image":false,"id":116520227,"profile_background_image_url_https":"https:\/\/abs.twimg.com\/images\/themes\/theme9\/bg.gif","verified":false,"profile_text_color":"666666","profile_image_url_https":"https:\/\/pbs.twimg.com\/profile_images\/506434277597138945\/UjJi4jkw_normal.jpeg","profile_sidebar_fill_color":"252429","entities":{"url":{"urls":[{"url":"http:\/\/t.co\/KDGEqURcAf","indices":[0,22],"expanded_url":"http:\/\/www.instagram.com\/dreadlockdipset\/","display_url":"instagram.com\/dreadlockdipse\u2026"}]},"description":{"urls":[]}},"followers_count":1624,"profile_sidebar_border_color":"181A1E","id_str":"116520227","profile_background_color":"1A1B1F","listed_count":66,"is_translation_enabled":false,"utc_offset":-14400,"statuses_count":21139,"description":"Transitioning from U.S. diplomat to law student. Lover of poetry and rum. The views expressed here are mine alone. You can't have them. RTs aint endorsements.","friends_count":988,"location":"Formerly South Sudan. Now, USA","profile_link_color":"2FC2EF","profile_image_url":"http:\/\/pbs.twimg.com\/profile_images\/506434277597138945\/UjJi4jkw_normal.jpeg","following":false,"geo_enabled":false,"profile_banner_url":"https:\/\/pbs.twimg.com\/profile_banners\/116520227\/1399126880","profile_background_image_url":"http:\/\/abs.twimg.com\/images\/themes\/theme9\/bg.gif","screen_name":"DreadlockDipset","lang":"en","profile_background_tile":false,"favourites_count":400,"name":"Dreadlock Diplomacy","notifications":false,"url":"http:\/\/t.co\/KDGEqURcAf","created_at":"Mon Feb 22 19:16:39 +0000 2010","contributors_enabled":false,"time_zone":"Eastern Time (US & Canada)","protected":false,"default_profile":false,"is_translator":false},"geo":null,"in_reply_to_user_id_str":null,"lang":"en","created_at":"Fri Aug 15 13:58:13 +0000 2014","in_reply_to_status_id_str":null,"place":null}