{"contributors":null,"truncated":false,"text":"@riwired Seriously!","in_reply_to_status_id":581295858898989056,"id":581298472705376257,"favorite_count":2,"source":"<a href=\"http:\/\/www.twitter.com\" rel=\"nofollow\">Twitter for BlackBerry<\/a>","retweeted":false,"coordinates":null,"entities":{"symbols":[],"user_mentions":[{"id":30122242,"indices":[0,8],"id_str":"30122242","screen_name":"riwired","name":"RiWired"}],"hashtags":[],"urls":[]},"in_reply_to_screen_name":"riwired","id_str":"581298472705376257","retweet_count":0,"in_reply_to_user_id":30122242,"favorited":false,"user":{"follow_request_sent":false,"profile_use_background_image":true,"profile_text_color":"333333","default_profile_image":false,"id":302142602,"profile_background_image_url_https":"https:\/\/abs.twimg.com\/images\/themes\/theme1\/bg.png","verified":false,"profile_location":null,"profile_image_url_https":"https:\/\/pbs.twimg.com\/profile_images\/583993520995770370\/TqWsOrBa_normal.jpg","profile_sidebar_fill_color":"DDEEF6","entities":{"url":{"urls":[{"url":"http:\/\/t.co\/q7J3AlmmVj","indices":[0,22],"expanded_url":"http:\/\/lnkd.in\/grwK2h","display_url":"lnkd.in\/grwK2h"}]},"description":{"urls":[]}},"followers_count":739,"profile_sidebar_border_color":"C0DEED","id_str":"302142602","profile_background_color":"C0DEED","listed_count":25,"is_translation_enabled":false,"utc_offset":null,"statuses_count":10505,"description":"Risk & Capacity Building Specialist ... P.E.A.C.E. is all I seek & R.E.S.P.E.C.T. is all I work for... G'mar Chatima Tova.","friends_count":258,"location":"My email: mifheili@gmail.com","profile_link_color":"0084B4","profile_image_url":"http:\/\/pbs.twimg.com\/profile_images\/583993520995770370\/TqWsOrBa_normal.jpg","following":false,"geo_enabled":true,"profile_banner_url":"https:\/\/pbs.twimg.com\/profile_banners\/302142602\/1426440148","profile_background_image_url":"http:\/\/abs.twimg.com\/images\/themes\/theme1\/bg.png","name":"Mohammad I. Fheili","lang":"en","profile_background_tile":false,"favourites_count":2705,"screen_name":"MIFheili1960","notifications":false,"url":"http:\/\/t.co\/q7J3AlmmVj","created_at":"Fri May 20 17:33:51 +0000 2011","contributors_enabled":false,"time_zone":null,"protected":false,"default_profile":true,"is_translator":false},"geo":null,"in_reply_to_user_id_str":"30122242","lang":"en","created_at":"Fri Mar 27 03:35:30 +0000 2015","in_reply_to_status_id_str":"581295858898989056","place":null}