{"contributors": null, "truncated": false, "text": "@riwired Again this proves it's not racial, it's a part of the religion. Leaving the rest of us with no way to tell which one will kill us.", "in_reply_to_status_id": 581295858898989056, "id": 581297845287915520, "favorite_count": 4, "source": "<a href=\"http://twitter.com/#!/download/ipad\" rel=\"nofollow\">Twitter for iPad</a>", "retweeted": false, "coordinates": null, "entities": {"symbols": [], "user_mentions": [{"id": 30122242, "indices": [0, 8], "id_str": "30122242", "screen_name": "riwired", "name": "RiWired"}], "hashtags": [], "urls": []}, "in_reply_to_screen_name": "riwired", "id_str": "581297845287915520", "retweet_count": 0, "in_reply_to_user_id": 30122242, "favorited": false, "user": {"follow_request_sent": false, "profile_use_background_image": false, "profile_text_color": "C28C77", "default_profile_image": false, "id": 1287244520, "profile_background_image_url_https": "https://pbs.twimg.com/profile_background_images/577473111651553280/Z9BU4eWp.jpeg", "verified": false, "profile_location": null, "profile_image_url_https": "https://pbs.twimg.com/profile_images/566562177142632448/MM2E1hsI_normal.png", "profile_sidebar_fill_color": "C1D9D0", "entities": {"description": {"urls": []}}, "followers_count": 378, "profile_sidebar_border_color": "97B8AB", "id_str": "1287244520", "profile_background_color": "8B542B", "listed_count": 8, "is_translation_enabled": false, "utc_offset": -14400, "statuses_count": 5547, "description": "Never underestimate the power of stupid people in large groups. Do not Conform. Do not Comply. #NoShariah #A1 #A2 #PJnet", "friends_count": 311, "location": "", "profile_link_color": "9D582E", "profile_image_url": "http://pbs.twimg.com/profile_images/566562177142632448/MM2E1hsI_normal.png", "following": false, "geo_enabled": false, "profile_banner_url": "https://pbs.twimg.com/profile_banners/1287244520/1423911043", "profile_background_image_url": "http://pbs.twimg.com/profile_background_images/577473111651553280/Z9BU4eWp.jpeg", "name": "Traditionalist", "lang": "en", "profile_background_tile": false, "favourites_count": 346, "screen_name": "GJogillum345", "notifications": false, "url": null, "created_at": "Thu Mar 21 23:36:51 +0000 2013", "contributors_enabled": false, "time_zone": "Eastern Time (US & Canada)", "protected": false, "default_profile": false, "is_translator": false}, "geo": null, "in_reply_to_user_id_str": "30122242", "lang": "en", "created_at": "Fri Mar 27 03:33:00 +0000 2015", "in_reply_to_status_id_str": "581295858898989056", "place": null}
