{"contributors": null, "truncated": false, "text": "@riwired @MIFheili1960 Either he was a Muslim convert or completely insane, which is a prerequisite to be a Muslim convert.", "in_reply_to_status_id": 581303102319370241, "id": 581303543115726848, "favorite_count": 5, "source": "<a href=\"http://twitter.com\" rel=\"nofollow\">Twitter Web Client</a>", "retweeted": false, "coordinates": null, "entities": {"symbols": [], "user_mentions": [{"id": 30122242, "indices": [0, 8], "id_str": "30122242", "screen_name": "riwired", "name": "RiWired"}, {"id": 302142602, "indices": [9, 22], "id_str": "302142602", "screen_name": "MIFheili1960", "name": "Mohammad I. Fheili"}], "hashtags": [], "urls": []}, "in_reply_to_screen_name": "riwired", "id_str": "581303543115726848", "retweet_count": 1, "in_reply_to_user_id": 30122242, "favorited": false, "user": {"follow_request_sent": false, "profile_use_background_image": true, "profile_text_color": "3D1957", "default_profile_image": false, "id": 18783373, "profile_background_image_url_https": "https://pbs.twimg.com/profile_background_images/574919592679579651/nxLFs98Z.png", "verified": false, "profile_location": null, "profile_image_url_https": "https://pbs.twimg.com/profile_images/583296738368208896/P5D21Rsz_normal.jpg", "profile_sidebar_fill_color": "7AC3EE", "entities": {"url": {"urls": [{"url": "http://t.co/GXm22IQ1Kj", "indices": [0, 22], "expanded_url": "http://baconeatingatheistjew.blogspot.com/", "display_url": "baconeatingatheistjew.blogspot.com"}]}, "description": {"urls": []}}, "followers_count": 2284, "profile_sidebar_border_color": "FFFFFF", "id_str": "18783373", "profile_background_color": "642D8B", "listed_count": 78, "is_translation_enabled": false, "utc_offset": -14400, "statuses_count": 9227, "description": "Pro separation of church and state, #science. #atheist. Most atheists are realists whose worldview is based on evidence, though some are far left Moonbats.", "friends_count": 2247, "location": "Ontario", "profile_link_color": "0015FF", "profile_image_url": "http://pbs.twimg.com/profile_images/583296738368208896/P5D21Rsz_normal.jpg", "following": false, "geo_enabled": false, "profile_banner_url": "https://pbs.twimg.com/profile_banners/18783373/1399980905", "profile_background_image_url": "http://pbs.twimg.com/profile_background_images/574919592679579651/nxLFs98Z.png", "name": "Bacon_Eater", "lang": "en", "profile_background_tile": true, "favourites_count": 0, "screen_name": "Bacon_Eater", "notifications": false, "url": "http://t.co/GXm22IQ1Kj", "created_at": "Thu Jan 08 22:58:23 +0000 2009", "contributors_enabled": false, "time_zone": "Eastern Time (US & Canada)", "protected": false, "default_profile": false, "is_translator": false}, "geo": null, "in_reply_to_user_id_str": "30122242", "lang": "en", "created_at": "Fri Mar 27 03:55:39 +0000 2015", "in_reply_to_status_id_str": "581303102319370241", "place": null}
