{"contributors":null,"truncated":false,"text":".@MIFheili1960 Bad for Islam: all these prisoners &amp; disturbed people to convert. Muslims need to stop asking\/taking anyone they can convert.","in_reply_to_status_id":581298472705376257,"id":581303102319370241,"favorite_count":3,"source":"<a href=\"http:\/\/twitter.com\/download\/android\" rel=\"nofollow\">Twitter for Android<\/a>","retweeted":false,"coordinates":null,"entities":{"symbols":[],"user_mentions":[{"id":302142602,"indices":[1,14],"id_str":"302142602","screen_name":"MIFheili1960","name":"Mohammad I. Fheili"}],"hashtags":[],"urls":[]},"in_reply_to_screen_name":"MIFheili1960","id_str":"581303102319370241","retweet_count":0,"in_reply_to_user_id":302142602,"favorited":false,"user":{"follow_request_sent":false,"profile_use_background_image":true,"profile_text_color":"D149D1","default_profile_image":false,"id":30122242,"profile_background_image_url_https":"https:\/\/pbs.twimg.com\/profile_background_images\/663221162\/fk65lytsncgh08pzcpdv.jpeg","verified":false,"profile_location":null,"profile_image_url_https":"https:\/\/pbs.twimg.com\/profile_images\/585699176119410688\/pajgVGF-_normal.jpg","profile_sidebar_fill_color":"080401","entities":{"url":{"urls":[{"url":"http:\/\/t.co\/gnkKqIKvCE","indices":[0,22],"expanded_url":"http:\/\/UniteBlue.org\/user\/riwired\/","display_url":"UniteBlue.org\/user\/riwired\/"}]},"description":{"urls":[]}},"followers_count":24382,"profile_sidebar_border_color":"FFFFFF","id_str":"30122242","profile_background_color":"968B8B","listed_count":340,"is_translation_enabled":false,"utc_offset":null,"statuses_count":135918,"description":"#Dogs #Theater #Music #Art #DogTraining #Tolerance #Peace #UniteBlue #SocialMediaStrategist #OFA #LGBT Nothing is an endorsement. I will #Followback","friends_count":26760,"location":"Broadway ","profile_link_color":"FF0F97","profile_image_url":"http:\/\/pbs.twimg.com\/profile_images\/585699176119410688\/pajgVGF-_normal.jpg","following":false,"geo_enabled":true,"profile_banner_url":"https:\/\/pbs.twimg.com\/profile_banners\/30122242\/1378710573","profile_background_image_url":"http:\/\/pbs.twimg.com\/profile_background_images\/663221162\/fk65lytsncgh08pzcpdv.jpeg","name":"RiWired","lang":"en","profile_background_tile":true,"favourites_count":182922,"screen_name":"riwired","notifications":false,"url":"http:\/\/t.co\/gnkKqIKvCE","created_at":"Fri Apr 10 01:35:01 +0000 2009","contributors_enabled":false,"time_zone":null,"protected":false,"default_profile":false,"is_translator":false},"geo":null,"in_reply_to_user_id_str":"302142602","lang":"en","created_at":"Fri Mar 27 03:53:54 +0000 2015","in_reply_to_status_id_str":"581298472705376257","place":null}