{"contributors": null, "truncated": false, "text": "@BeNaums @riwired @bean3ie Y only the converts.. u think the original ones (arabs)  r any better..??", "in_reply_to_status_id": 581324900960485376, "id": 581346625429213184, "favorite_count": 1, "source": "<a href=\"http://www.twitter.com\" rel=\"nofollow\">Twitter for BlackBerry</a>", "retweeted": false, "coordinates": null, "entities": {"symbols": [], "user_mentions": [{"id": 3003118451, "indices": [0, 8], "id_str": "3003118451", "screen_name": "BeNaums", "name": "KDP_is_daesh"}, {"id": 30122242, "indices": [9, 17], "id_str": "30122242", "screen_name": "riwired", "name": "RiWired"}, {"id": 2896380156, "indices": [18, 26], "id_str": "2896380156", "screen_name": "bean3ie", "name": "Lisa"}], "hashtags": [], "urls": []}, "in_reply_to_screen_name": "BeNaums", "id_str": "581346625429213184", "retweet_count": 0, "in_reply_to_user_id": 3003118451, "favorited": false, "user": {"follow_request_sent": false, "profile_use_background_image": true, "profile_text_color": "333333", "default_profile_image": false, "id": 78545411, "profile_background_image_url_https": "https://abs.twimg.com/images/themes/theme1/bg.png", "verified": false, "profile_location": null, "profile_image_url_https": "https://pbs.twimg.com/profile_images/576580567757504512/HRSputi0_normal.png", "profile_sidebar_fill_color": "DDEEF6", "entities": {"description": {"urls": []}}, "followers_count": 69, "profile_sidebar_border_color": "C0DEED", "id_str": "78545411", "profile_background_color": "C0DEED", "listed_count": 6, "is_translation_enabled": false, "utc_offset": null, "statuses_count": 756, "description": "Curiosity galore !!!", "friends_count": 69, "location": "Mumbai", "profile_link_color": "0084B4", "profile_image_url": "http://pbs.twimg.com/profile_images/576580567757504512/HRSputi0_normal.png", "following": false, "geo_enabled": false, "profile_banner_url": "https://pbs.twimg.com/profile_banners/78545411/1420599035", "profile_background_image_url": "http://abs.twimg.com/images/themes/theme1/bg.png", "name": "Sub Crazy", "lang": "en", "profile_background_tile": false, "favourites_count": 878, "screen_name": "sanitizer911", "notifications": false, "url": null, "created_at": "Wed Sep 30 07:58:27 +0000 2009", "contributors_enabled": false, "time_zone": null, "protected": false, "default_profile": true, "is_translator": false}, "geo": null, "in_reply_to_user_id_str": "3003118451", "lang": "en", "created_at": "Fri Mar 27 06:46:51 +0000 2015", "in_reply_to_status_id_str": "581324900960485376", "place": null}
