{"contributors":null,"truncated":false,"text":"@sanitizer911 @riwired @bean3ie\nhaha no of course not, but the converts are think they have to prove them self, that's why","in_reply_to_status_id":581346625429213184,"id":581353905260498944,"favorite_count":4,"source":"<a href=\"http:\/\/twitter.com\/download\/android\" rel=\"nofollow\">Twitter for Android<\/a>","retweeted":false,"coordinates":null,"entities":{"symbols":[],"user_mentions":[{"id":78545411,"indices":[0,13],"id_str":"78545411","screen_name":"sanitizer911","name":"Sub Crazy"},{"id":30122242,"indices":[14,22],"id_str":"30122242","screen_name":"riwired","name":"RiWired"},{"id":2896380156,"indices":[23,31],"id_str":"2896380156","screen_name":"bean3ie","name":"Lisa"}],"hashtags":[],"urls":[]},"in_reply_to_screen_name":"sanitizer911","id_str":"581353905260498944","retweet_count":3,"in_reply_to_user_id":78545411,"favorited":false,"user":{"follow_request_sent":false,"profile_use_background_image":true,"profile_text_color":"333333","default_profile_image":false,"id":3003118451,"profile_background_image_url_https":"https:\/\/abs.twimg.com\/images\/themes\/theme1\/bg.png","verified":false,"profile_location":null,"profile_image_url_https":"https:\/\/pbs.twimg.com\/profile_images\/586392605149175808\/8xmVzikN_normal.jpg","profile_sidebar_fill_color":"DDEEF6","entities":{"url":{"urls":[{"url":"http:\/\/t.co\/17eUhtg280","indices":[0,22],"expanded_url":"http:\/\/Barzani.is.daesh.krd","display_url":"Barzani.is.daesh.krd"}]},"description":{"urls":[]}},"followers_count":255,"profile_sidebar_border_color":"C0DEED","id_str":"3003118451","profile_background_color":"C0DEED","listed_count":9,"is_translation_enabled":false,"utc_offset":null,"statuses_count":4294,"description":"#fuckBarzani \nKurd 4 radical democracy, free kurdistan from corruption and family clans.  got more #kdp kurds blocked than fascist turks... a shame","friends_count":455,"location":"","profile_link_color":"0084B4","profile_image_url":"http:\/\/pbs.twimg.com\/profile_images\/586392605149175808\/8xmVzikN_normal.jpg","following":false,"geo_enabled":false,"profile_banner_url":"https:\/\/pbs.twimg.com\/profile_banners\/3003118451\/1424337131","profile_background_image_url":"http:\/\/abs.twimg.com\/images\/themes\/theme1\/bg.png","name":"KDP_is_daesh","lang":"de","profile_background_tile":false,"favourites_count":3629,"screen_name":"BeNaums","notifications":false,"url":"http:\/\/t.co\/17eUhtg280","created_at":"Wed Jan 28 12:55:37 +0000 2015","contributors_enabled":false,"time_zone":null,"protected":false,"default_profile":true,"is_translator":false},"geo":null,"in_reply_to_user_id_str":"78545411","lang":"en","created_at":"Fri Mar 27 07:15:46 +0000 2015","in_reply_to_status_id_str":"581346625429213184","place":null}