{"contributors":null,"truncated":false,"text":"@riwired I knew it!  Earlier they wouldn't say what his faith was. Dead giveaway. Such a tragedy.","in_reply_to_status_id":581295858898989056,"id":581335898035396609,"favorite_count":1,"source":"<a href=\"http:\/\/twitter.com\/#!\/download\/ipad\" rel=\"nofollow\">Twitter for iPad<\/a>","retweeted":false,"coordinates":null,"entities":{"symbols":[],"user_mentions":[{"id":30122242,"indices":[0,8],"id_str":"30122242","screen_name":"riwired","name":"RiWired"}],"hashtags":[],"urls":[]},"in_reply_to_screen_name":"riwired","id_str":"581335898035396609","retweet_count":1,"in_reply_to_user_id":30122242,"favorited":false,"user":{"follow_request_sent":false,"profile_use_background_image":true,"profile_text_color":"663B12","default_profile_image":false,"id":205024182,"profile_background_image_url_https":"https:\/\/abs.twimg.com\/images\/themes\/theme15\/bg.png","verified":false,"profile_location":null,"profile_image_url_https":"https:\/\/pbs.twimg.com\/profile_images\/589080881538543617\/1Y5uLC2E_normal.jpg","profile_sidebar_fill_color":"DAECF4","entities":{"description":{"urls":[]}},"followers_count":1070,"profile_sidebar_border_color":"FFFFFF","id_str":"205024182","profile_background_color":"022330","listed_count":23,"is_translation_enabled":false,"utc_offset":null,"statuses_count":16695,"description":"Jewish, Ex-Democrat, PRO-Israel","friends_count":1158,"location":"","profile_link_color":"DD2E44","profile_image_url":"http:\/\/pbs.twimg.com\/profile_images\/589080881538543617\/1Y5uLC2E_normal.jpg","following":false,"geo_enabled":true,"profile_banner_url":"https:\/\/pbs.twimg.com\/profile_banners\/205024182\/1411502557","profile_background_image_url":"http:\/\/abs.twimg.com\/images\/themes\/theme15\/bg.png","name":"Nina Mae","lang":"en","profile_background_tile":true,"favourites_count":9655,"screen_name":"NinaMaechik","notifications":false,"url":null,"created_at":"Wed Oct 20 00:22:10 +0000 2010","contributors_enabled":false,"time_zone":null,"protected":false,"default_profile":false,"is_translator":false},"geo":null,"in_reply_to_user_id_str":"30122242","lang":"en","created_at":"Fri Mar 27 06:04:13 +0000 2015","in_reply_to_status_id_str":"581295858898989056","place":null}