{"contributors": null, "truncated": false, "text": "@riwired the founder of Islam was a white man, converts always are most fervent", "in_reply_to_status_id": 581295858898989056, "id": 581378574730432512, "favorite_count": 0, "source": "<a href=\"http://twitter.com/download/iphone\" rel=\"nofollow\">Twitter for iPhone</a>", "retweeted": false, "coordinates": null, "entities": {"symbols": [], "user_mentions": [{"id": 30122242, "indices": [0, 8], "id_str": "30122242", "screen_name": "riwired", "name": "RiWired"}], "hashtags": [], "urls": []}, "in_reply_to_screen_name": "riwired", "id_str": "581378574730432512", "retweet_count": 0, "in_reply_to_user_id": 30122242, "favorited": false, "user": {"follow_request_sent": false, "profile_use_background_image": true, "profile_text_color": "333333", "default_profile_image": false, "id": 76994576, "profile_background_image_url_https": "https://abs.twimg.com/images/themes/theme1/bg.png", "verified": false, "profile_location": null, "profile_image_url_https": "https://pbs.twimg.com/profile_images/378800000703251736/d6df5763683c47197f91f90f548aa153_normal.jpeg", "profile_sidebar_fill_color": "DDEEF6", "entities": {"description": {"urls": []}}, "followers_count": 117, "profile_sidebar_border_color": "C0DEED", "id_str": "76994576", "profile_background_color": "C0DEED", "listed_count": 5, "is_translation_enabled": false, "utc_offset": 3600, "statuses_count": 1255, "description": "No interest in party politics, i have my own opinions", "friends_count": 452, "location": "", "profile_link_color": "0084B4", "profile_image_url": "http://pbs.twimg.com/profile_images/378800000703251736/d6df5763683c47197f91f90f548aa153_normal.jpeg", "following": false, "geo_enabled": false, "profile_banner_url": "https://pbs.twimg.com/profile_banners/76994576/1413498064", "profile_background_image_url": "http://abs.twimg.com/images/themes/theme1/bg.png", "name": "Terry Tibbs", "lang": "en", "profile_background_tile": false, "favourites_count": 190, "screen_name": "_manckie_", "notifications": false, "url": null, "created_at": "Thu Sep 24 17:31:33 +0000 2009", "contributors_enabled": false, "time_zone": "Edinburgh", "protected": false, "default_profile": true, "is_translator": false}, "geo": null, "in_reply_to_user_id_str": "30122242", "lang": "en", "created_at": "Fri Mar 27 08:53:48 +0000 2015", "in_reply_to_status_id_str": "581295858898989056", "place": null}
