{"contributors":null,"truncated":false,"text":"@riwired - but of course it's nothing to do with Islam!","in_reply_to_status_id":581295858898989056,"id":581336098099617793,"favorite_count":0,"source":"<a href=\"http:\/\/twitter.com\/download\/android\" rel=\"nofollow\">Twitter for Android<\/a>","retweeted":false,"coordinates":null,"entities":{"symbols":[],"user_mentions":[{"id":30122242,"indices":[0,8],"id_str":"30122242","screen_name":"riwired","name":"RiWired"}],"hashtags":[],"urls":[]},"in_reply_to_screen_name":"riwired","id_str":"581336098099617793","retweet_count":0,"in_reply_to_user_id":30122242,"favorited":false,"user":{"follow_request_sent":false,"profile_use_background_image":true,"profile_text_color":"333333","default_profile_image":false,"id":17289449,"profile_background_image_url_https":"https:\/\/abs.twimg.com\/images\/themes\/theme18\/bg.gif","verified":false,"profile_location":null,"profile_image_url_https":"https:\/\/pbs.twimg.com\/profile_images\/588448033286664192\/NHGaBVFO_normal.png","profile_sidebar_fill_color":"F6F6F6","entities":{"description":{"urls":[]}},"followers_count":473,"profile_sidebar_border_color":"EEEEEE","id_str":"17289449","profile_background_color":"ACDED6","listed_count":16,"is_translation_enabled":false,"utc_offset":3600,"statuses_count":19624,"description":"","friends_count":2001,"location":"Eastleigh, Hants UK","profile_link_color":"038543","profile_image_url":"http:\/\/pbs.twimg.com\/profile_images\/588448033286664192\/NHGaBVFO_normal.png","following":false,"geo_enabled":false,"profile_banner_url":"https:\/\/pbs.twimg.com\/profile_banners\/17289449\/1361746469","profile_background_image_url":"http:\/\/abs.twimg.com\/images\/themes\/theme18\/bg.gif","name":"Graham ASH-PORTER","lang":"en","profile_background_tile":false,"favourites_count":7562,"screen_name":"Greyhound1405","notifications":false,"url":null,"created_at":"Mon Nov 10 16:27:41 +0000 2008","contributors_enabled":false,"time_zone":"London","protected":false,"default_profile":false,"is_translator":false},"geo":null,"in_reply_to_user_id_str":"30122242","lang":"en","created_at":"Fri Mar 27 06:05:01 +0000 2015","in_reply_to_status_id_str":"581295858898989056","place":null}