{"contributors":null,"truncated":false,"text":"@GROGParty @riwired i agree, and not sadly, shit needs to come to a head. My WW2 grandfather would agree #RoyStewart@newguiniea1939","in_reply_to_status_id":581390837940015105,"id":581392034159665152,"favorite_count":1,"source":"<a href=\"http:\/\/twitter.com\/download\/iphone\" rel=\"nofollow\">Twitter for iPhone<\/a>","retweeted":false,"coordinates":null,"entities":{"symbols":[],"user_mentions":[{"id":369158562,"indices":[0,10],"id_str":"369158562","screen_name":"GROGParty","name":"Get Rid Of Greens"},{"id":30122242,"indices":[11,19],"id_str":"30122242","screen_name":"riwired","name":"RiWired"}],"hashtags":[{"indices":[105,116],"text":"RoyStewart"}],"urls":[]},"in_reply_to_screen_name":"GROGParty","id_str":"581392034159665152","retweet_count":0,"in_reply_to_user_id":369158562,"favorited":false,"user":{"follow_request_sent":false,"profile_use_background_image":true,"profile_text_color":"333333","default_profile_image":false,"id":2306285647,"profile_background_image_url_https":"https:\/\/abs.twimg.com\/images\/themes\/theme1\/bg.png","verified":false,"profile_location":null,"profile_image_url_https":"https:\/\/pbs.twimg.com\/profile_images\/587435749743595521\/Z9vh2RsF_normal.jpg","profile_sidebar_fill_color":"DDEEF6","entities":{"description":{"urls":[]}},"followers_count":62,"profile_sidebar_border_color":"C0DEED","id_str":"2306285647","profile_background_color":"C0DEED","listed_count":0,"is_translation_enabled":false,"utc_offset":null,"statuses_count":446,"description":"Look out world, Juggernaught is online and watching, swinging for the little bloke against the amassing forces of do-gooders and nonsense panderers.","friends_count":87,"location":"juggernaughtland ","profile_link_color":"0084B4","profile_image_url":"http:\/\/pbs.twimg.com\/profile_images\/587435749743595521\/Z9vh2RsF_normal.jpg","following":false,"geo_enabled":false,"profile_banner_url":"https:\/\/pbs.twimg.com\/profile_banners\/2306285647\/1417241126","profile_background_image_url":"http:\/\/abs.twimg.com\/images\/themes\/theme1\/bg.png","name":"Juggernaught","lang":"en","profile_background_tile":false,"favourites_count":279,"screen_name":"PaulSte42038667","notifications":false,"url":null,"created_at":"Thu Jan 23 09:40:29 +0000 2014","contributors_enabled":false,"time_zone":null,"protected":false,"default_profile":true,"is_translator":false},"geo":null,"in_reply_to_user_id_str":"369158562","lang":"en","created_at":"Fri Mar 27 09:47:17 +0000 2015","in_reply_to_status_id_str":"581390837940015105","place":null}