{"contributors": null, "truncated": false, "text": "\u201c@riwired:Co-Pilot of #GermanWings Airbus Was a Muslim convert.\n\"Hero of Islamic State\"\nhttp://t.co/JFE5ekhPs7 #WhiteMuslims\u201d #cuntwatch", "in_reply_to_status_id": 581295858898989056, "id": 581372384046759936, "favorite_count": 0, "source": "<a href=\"http://twitter.com/download/iphone\" rel=\"nofollow\">Twitter for iPhone</a>", "retweeted": false, "coordinates": null, "entities": {"symbols": [], "user_mentions": [{"id": 30122242, "indices": [1, 9], "id_str": "30122242", "screen_name": "riwired", "name": "RiWired"}], "hashtags": [{"indices": [22, 34], "text": "GermanWings"}, {"indices": [111, 124], "text": "WhiteMuslims"}, {"indices": [126, 136], "text": "cuntwatch"}], "urls": [{"url": "http://t.co/JFE5ekhPs7", "indices": [88, 110], "expanded_url": "http://shar.es/1gmJJ7", "display_url": "shar.es/1gmJJ7"}]}, "in_reply_to_screen_name": "riwired", "id_str": "581372384046759936", "retweet_count": 2, "in_reply_to_user_id": 30122242, "favorited": false, "user": {"follow_request_sent": false, "profile_use_background_image": true, "profile_text_color": "333333", "default_profile_image": false, "id": 369158562, "profile_background_image_url_https": "https://abs.twimg.com/images/themes/theme1/bg.png", "verified": false, "profile_location": null, "profile_image_url_https": "https://pbs.twimg.com/profile_images/1532048343/Screen_shot_2011-02-08_at_1.35.29_PM_normal.png", "profile_sidebar_fill_color": "DDEEF6", "entities": {"description": {"urls": []}}, "followers_count": 3591, "profile_sidebar_border_color": "C0DEED", "id_str": "369158562", "profile_background_color": "C0DEED", "listed_count": 47, "is_translation_enabled": false, "utc_offset": null, "statuses_count": 57837, "description": "Got Rid of Gillard & Got Rudd Outta Govt. thanks to all who got on the GROG... Get Rid Of Greens", "friends_count": 3387, "location": "Bargara", "profile_link_color": "0084B4", "profile_image_url": "http://pbs.twimg.com/profile_images/1532048343/Screen_shot_2011-02-08_at_1.35.29_PM_normal.png", "following": false, "geo_enabled": false, "profile_background_image_url": "http://abs.twimg.com/images/themes/theme1/bg.png", "name": "Get Rid Of Greens", "lang": "en", "profile_background_tile": false, "favourites_count": 1251, "screen_name": "GROGParty", "notifications": false, "url": null, "created_at": "Tue Sep 06 21:39:14 +0000 2011", "contributors_enabled": false, "time_zone": null, "protected": false, "default_profile": true, "is_translator": false}, "geo": null, "in_reply_to_user_id_str": "30122242", "possibly_sensitive": false, "possibly_sensitive_appealable": false, "lang": "en", "created_at": "Fri Mar 27 08:29:12 +0000 2015", "in_reply_to_status_id_str": "581295858898989056", "place": null}
