{"contributors":null,"truncated":false,"text":"Islamic terrorist attack in Sydney. Hostages holding up a black flag with the Islamic creed on it. #SydneySiege http:\/\/t.co\/8NE4o0coQ6","in_reply_to_status_id":null,"id":544366934154678272,"favorite_count":18,"source":"<a href=\"https:\/\/about.twitter.com\/products\/tweetdeck\" rel=\"nofollow\">TweetDeck<\/a>","retweeted":false,"coordinates":null,"entities":{"symbols":[],"user_mentions":[],"hashtags":[{"indices":[99,111],"text":"SydneySiege"}],"urls":[],"media":[{"expanded_url":"http:\/\/twitter.com\/ivivekbansal\/status\/544366934154678272\/photo\/1","display_url":"pic.twitter.com\/8NE4o0coQ6","url":"http:\/\/t.co\/8NE4o0coQ6","media_url_https":"https:\/\/pbs.twimg.com\/media\/B436ebECMAAwmVj.jpg","id_str":"544366530549395456","sizes":{"large":{"h":275,"resize":"fit","w":512},"small":{"h":182,"resize":"fit","w":340},"medium":{"h":275,"resize":"fit","w":512},"thumb":{"h":150,"resize":"crop","w":150}},"indices":[112,134],"type":"photo","id":544366530549395456,"media_url":"http:\/\/pbs.twimg.com\/media\/B436ebECMAAwmVj.jpg"}]},"in_reply_to_screen_name":null,"id_str":"544366934154678272","retweet_count":120,"in_reply_to_user_id":null,"favorited":false,"user":{"follow_request_sent":false,"profile_use_background_image":true,"profile_text_color":"333333","default_profile_image":false,"id":1695784514,"profile_background_image_url_https":"https:\/\/abs.twimg.com\/images\/themes\/theme1\/bg.png","verified":false,"profile_location":null,"profile_image_url_https":"https:\/\/pbs.twimg.com\/profile_images\/570957024435773440\/fkKun1M9_normal.jpeg","profile_sidebar_fill_color":"DDEEF6","entities":{"url":{"urls":[{"url":"http:\/\/t.co\/dsevaIxK8b","indices":[0,22],"expanded_url":"http:\/\/ivivekbansal.blogspot.in\/","display_url":"ivivekbansal.blogspot.in"}]},"description":{"urls":[]}},"followers_count":8487,"profile_sidebar_border_color":"C0DEED","id_str":"1695784514","profile_background_color":"C0DEED","listed_count":26,"is_translation_enabled":false,"utc_offset":19800,"statuses_count":14298,"description":"A Swayamsevak Of RSS | Social Media Expert | Writer & Researcher | Poorly motivated people can nullify the soundest Organisation |","friends_count":237,"location":"Bharat","profile_link_color":"0084B4","profile_image_url":"http:\/\/pbs.twimg.com\/profile_images\/570957024435773440\/fkKun1M9_normal.jpeg","following":false,"geo_enabled":false,"profile_banner_url":"https:\/\/pbs.twimg.com\/profile_banners\/1695784514\/1406799538","profile_background_image_url":"http:\/\/abs.twimg.com\/images\/themes\/theme1\/bg.png","name":"Vivek Bansal","lang":"en","profile_background_tile":false,"favourites_count":141,"screen_name":"ivivekbansal","notifications":false,"url":"http:\/\/t.co\/dsevaIxK8b","created_at":"Sat Aug 24 07:04:14 +0000 2013","contributors_enabled":false,"time_zone":"Chennai","protected":false,"default_profile":true,"is_translator":false},"geo":null,"in_reply_to_user_id_str":null,"possibly_sensitive":false,"lang":"en","created_at":"Mon Dec 15 05:42:45 +0000 2014","in_reply_to_status_id_str":null,"place":null,"extended_entities":{"media":[{"expanded_url":"http:\/\/twitter.com\/ivivekbansal\/status\/544366934154678272\/photo\/1","display_url":"pic.twitter.com\/8NE4o0coQ6","url":"http:\/\/t.co\/8NE4o0coQ6","media_url_https":"https:\/\/pbs.twimg.com\/media\/B436ebECMAAwmVj.jpg","id_str":"544366530549395456","sizes":{"large":{"h":275,"resize":"fit","w":512},"small":{"h":182,"resize":"fit","w":340},"medium":{"h":275,"resize":"fit","w":512},"thumb":{"h":150,"resize":"crop","w":150}},"indices":[112,134],"type":"photo","id":544366530549395456,"media_url":"http:\/\/pbs.twimg.com\/media\/B436ebECMAAwmVj.jpg"}]}}