{"contributors":null,"truncated":false,"text":"@MickSweetman @TheThirdPew @MichaelDalynyc this is insane?? wtf man","in_reply_to_status_id":500290464621559808,"id":500307051374215168,"favorite_count":0,"source":"<a href=\"http:\/\/twitter.com\/download\/android\" rel=\"nofollow\">Twitter for Android<\/a>","retweeted":false,"coordinates":null,"entities":{"symbols":[],"user_mentions":[{"id":16593816,"indices":[0,13],"id_str":"16593816","screen_name":"MickSweetman","name":"Mick Sweetman"},{"id":421830010,"indices":[14,26],"id_str":"421830010","screen_name":"TheThirdPew","name":"Nathan Z."},{"id":28149699,"indices":[27,42],"id_str":"28149699","screen_name":"MichaelDalynyc","name":"michael daly"}],"hashtags":[],"urls":[]},"in_reply_to_screen_name":"MickSweetman","id_str":"500307051374215168","retweet_count":0,"in_reply_to_user_id":16593816,"favorited":false,"user":{"follow_request_sent":false,"profile_use_background_image":true,"default_profile_image":false,"id":2360365609,"profile_background_image_url_https":"https:\/\/pbs.twimg.com\/profile_background_images\/457549054667284481\/fwGh6ev7.jpeg","verified":false,"profile_text_color":"333333","profile_image_url_https":"https:\/\/pbs.twimg.com\/profile_images\/589926394378858496\/Ij7p9E9w_normal.jpg","profile_sidebar_fill_color":"DDEEF6","entities":{"url":{"urls":[{"url":"http:\/\/t.co\/EPsNzz2oiW","indices":[0,22],"expanded_url":"http:\/\/dragonballer.tumblr.com","display_url":"dragonballer.tumblr.com"}]},"description":{"urls":[]}},"followers_count":98,"profile_sidebar_border_color":"000000","id_str":"2360365609","profile_background_color":"C0DEED","listed_count":0,"is_translation_enabled":false,"utc_offset":-18000,"statuses_count":4250,"description":"save the whales","friends_count":90,"location":"","profile_link_color":"F082F0","profile_image_url":"http:\/\/pbs.twimg.com\/profile_images\/589926394378858496\/Ij7p9E9w_normal.jpg","following":false,"geo_enabled":false,"profile_banner_url":"https:\/\/pbs.twimg.com\/profile_banners\/2360365609\/1409918996","profile_background_image_url":"http:\/\/pbs.twimg.com\/profile_background_images\/457549054667284481\/fwGh6ev7.jpeg","screen_name":"dragonbalIer","lang":"en","profile_background_tile":true,"favourites_count":7233,"name":"amnit rehill \u0ca5\u203f\u0ca5","notifications":false,"url":"http:\/\/t.co\/EPsNzz2oiW","created_at":"Tue Feb 25 02:28:57 +0000 2014","contributors_enabled":false,"time_zone":"Central Time (US & Canada)","protected":false,"default_profile":false,"is_translator":false},"geo":null,"in_reply_to_user_id_str":"16593816","lang":"en","created_at":"Fri Aug 15 15:44:30 +0000 2014","in_reply_to_status_id_str":"500290464621559808","place":null}