{"contributors":null,"truncated":false,"text":"Man..\u201c@MickSweetman: #Ferguson cops beat innocent man then charged him for bleeding on them: http:\/\/t.co\/quHNBcuTz9  http:\/\/t.co\/WmWnoUWs2u\u201d","in_reply_to_status_id":500290464621559808,"id":500314007195381760,"favorite_count":1,"source":"<a href=\"http:\/\/twitter.com\/download\/iphone\" rel=\"nofollow\">Twitter for iPhone<\/a>","retweeted":false,"coordinates":null,"entities":{"symbols":[],"user_mentions":[{"id":16593816,"indices":[6,19],"id_str":"16593816","screen_name":"MickSweetman","name":"Mick Sweetman"}],"hashtags":[{"indices":[21,30],"text":"Ferguson"}],"urls":[{"url":"http:\/\/t.co\/quHNBcuTz9","indices":[93,115],"expanded_url":"http:\/\/shar.es\/1njjWT","display_url":"shar.es\/1njjWT"}],"media":[{"source_status_id_str":"500290464621559808","expanded_url":"http:\/\/twitter.com\/MickSweetman\/status\/500290464621559808\/photo\/1","display_url":"pic.twitter.com\/WmWnoUWs2u","url":"http:\/\/t.co\/WmWnoUWs2u","media_url_https":"https:\/\/pbs.twimg.com\/media\/BvFjhp0IMAAqVR9.jpg","source_status_id":500290464621559808,"id_str":"500290463426162688","sizes":{"small":{"h":213,"resize":"fit","w":340},"large":{"h":500,"resize":"fit","w":800},"medium":{"h":375,"resize":"fit","w":600},"thumb":{"h":150,"resize":"crop","w":150}},"indices":[117,139],"type":"photo","id":500290463426162688,"media_url":"http:\/\/pbs.twimg.com\/media\/BvFjhp0IMAAqVR9.jpg"}]},"in_reply_to_screen_name":"MickSweetman","id_str":"500314007195381760","retweet_count":1,"in_reply_to_user_id":16593816,"favorited":false,"user":{"follow_request_sent":false,"profile_use_background_image":true,"default_profile_image":false,"id":254433701,"profile_background_image_url_https":"https:\/\/pbs.twimg.com\/profile_background_images\/378800000033346301\/d5ab57ec9e32beacaf13ea371daed5f8.jpeg","verified":false,"profile_text_color":"F2EDF2","profile_image_url_https":"https:\/\/pbs.twimg.com\/profile_images\/587670313439203328\/obyY6YOw_normal.jpg","profile_sidebar_fill_color":"5C585C","entities":{"url":{"urls":[{"url":"http:\/\/t.co\/qXLYFCyxCc","indices":[0,22],"expanded_url":"http:\/\/WatchingJessicasDMs.com","display_url":"WatchingJessicasDMs.com"}]},"description":{"urls":[]}},"followers_count":1808,"profile_sidebar_border_color":"FFFFFF","id_str":"254433701","profile_background_color":"050505","listed_count":17,"is_translation_enabled":false,"utc_offset":-14400,"statuses_count":41840,"description":".Redemption is not located under a Church Steeple. \u2721\u262a\u262f\u271e\u2625\u2641","friends_count":867,"location":"\u212celow The \u210beavens- vermont av","profile_link_color":"828285","profile_image_url":"http:\/\/pbs.twimg.com\/profile_images\/587670313439203328\/obyY6YOw_normal.jpg","following":false,"geo_enabled":true,"profile_banner_url":"https:\/\/pbs.twimg.com\/profile_banners\/254433701\/1409786727","profile_background_image_url":"http:\/\/pbs.twimg.com\/profile_background_images\/378800000033346301\/d5ab57ec9e32beacaf13ea371daed5f8.jpeg","screen_name":"modd25","lang":"en","profile_background_tile":true,"favourites_count":21387,"name":"jackie","notifications":false,"url":"http:\/\/t.co\/qXLYFCyxCc","created_at":"Sat Feb 19 07:55:35 +0000 2011","contributors_enabled":false,"time_zone":"Eastern Time (US & Canada)","protected":false,"default_profile":false,"is_translator":false},"geo":null,"in_reply_to_user_id_str":"16593816","possibly_sensitive":false,"lang":"en","created_at":"Fri Aug 15 16:12:09 +0000 2014","in_reply_to_status_id_str":"500290464621559808","place":null,"extended_entities":{"media":[{"source_status_id_str":"500290464621559808","expanded_url":"http:\/\/twitter.com\/MickSweetman\/status\/500290464621559808\/photo\/1","display_url":"pic.twitter.com\/WmWnoUWs2u","url":"http:\/\/t.co\/WmWnoUWs2u","media_url_https":"https:\/\/pbs.twimg.com\/media\/BvFjhp0IMAAqVR9.jpg","source_status_id":500290464621559808,"id_str":"500290463426162688","sizes":{"small":{"h":213,"resize":"fit","w":340},"large":{"h":500,"resize":"fit","w":800},"medium":{"h":375,"resize":"fit","w":600},"thumb":{"h":150,"resize":"crop","w":150}},"indices":[117,139],"type":"photo","id":500290463426162688,"media_url":"http:\/\/pbs.twimg.com\/media\/BvFjhp0IMAAqVR9.jpg"}]}}