{"contributors": null, "truncated": false, "text": "@AaronDinkins @MichaelDalynyc Did you read the story?", "in_reply_to_status_id": 500341593162149888, "id": 500363067990233088, "favorite_count": 0, "source": "<a href=\"http://twitter.com\" rel=\"nofollow\">Twitter Web Client</a>", "retweeted": false, "coordinates": null, "entities": {"symbols": [], "user_mentions": [{"id": 330733471, "indices": [0, 13], "id_str": "330733471", "screen_name": "AaronDinkins", "name": "aaron dinkins"}, {"id": 28149699, "indices": [14, 29], "id_str": "28149699", "screen_name": "MichaelDalynyc", "name": "michael daly"}], "hashtags": [], "urls": []}, "in_reply_to_screen_name": "AaronDinkins", "id_str": "500363067990233088", "retweet_count": 0, "in_reply_to_user_id": 330733471, "favorited": false, "user": {"follow_request_sent": false, "profile_use_background_image": true, "default_profile_image": false, "id": 16593816, "profile_background_image_url_https": "https://pbs.twimg.com/profile_background_images/378800000020600378/2835047fec1b5383bdd66f3d3feab9e1.jpeg", "verified": false, "profile_text_color": "333333", "profile_image_url_https": "https://pbs.twimg.com/profile_images/477545307907964928/PTv_TwPs_normal.jpeg", "profile_sidebar_fill_color": "F3F3F3", "entities": {"description": {"urls": []}}, "followers_count": 1423, "profile_sidebar_border_color": "FFFFFF", "id_str": "16593816", "profile_background_color": "EBEBEB", "listed_count": 77, "is_translation_enabled": false, "utc_offset": -14400, "statuses_count": 8363, "description": "Managing editor of @DialogGBC | Chair of the board & Ontario Rep. of @canunipress | @TorontoFC supporter | #BikeTO/Dufferin bus survivor. | #canlab #cdnpse etc.", "friends_count": 1575, "location": "Toronto 'til I die", "profile_link_color": "990000", "profile_image_url": "http://pbs.twimg.com/profile_images/477545307907964928/PTv_TwPs_normal.jpeg", "following": false, "geo_enabled": true, "profile_banner_url": "https://pbs.twimg.com/profile_banners/16593816/1402293294", "profile_background_image_url": "http://pbs.twimg.com/profile_background_images/378800000020600378/2835047fec1b5383bdd66f3d3feab9e1.jpeg", "screen_name": "MickSweetman", "lang": "en", "profile_background_tile": false, "favourites_count": 2208, "name": "Mick Sweetman", "notifications": false, "url": null, "created_at": "Sat Oct 04 18:31:31 +0000 2008", "contributors_enabled": false, "time_zone": "Eastern Time (US & Canada)", "protected": false, "default_profile": false, "is_translator": false}, "geo": null, "in_reply_to_user_id_str": "330733471", "lang": "en", "created_at": "Fri Aug 15 19:27:06 +0000 2014", "in_reply_to_status_id_str": "500341593162149888", "place": null}
