{"contributors": null, "truncated": false, "text": "@MickSweetman @MichaelDalynyc wtf? Ugh \ud83d\ude12", "in_reply_to_status_id": 500290464621559808, "id": 500307682880811008, "favorite_count": 0, "source": "<a href=\"http://twitter.com/#!/download/ipad\" rel=\"nofollow\">Twitter for iPad</a>", "retweeted": false, "coordinates": null, "entities": {"symbols": [], "user_mentions": [{"id": 16593816, "indices": [0, 13], "id_str": "16593816", "screen_name": "MickSweetman", "name": "Mick Sweetman"}, {"id": 28149699, "indices": [14, 29], "id_str": "28149699", "screen_name": "MichaelDalynyc", "name": "michael daly"}], "hashtags": [], "urls": []}, "in_reply_to_screen_name": "MickSweetman", "id_str": "500307682880811008", "retweet_count": 0, "in_reply_to_user_id": 16593816, "favorited": false, "user": {"follow_request_sent": false, "profile_use_background_image": true, "default_profile_image": false, "id": 1705813135, "profile_background_image_url_https": "https://abs.twimg.com/images/themes/theme14/bg.gif", "verified": false, "profile_text_color": "333333", "profile_image_url_https": "https://pbs.twimg.com/profile_images/465970722989674496/VLFzgZjX_normal.jpeg", "profile_sidebar_fill_color": "EFEFEF", "entities": {"description": {"urls": []}}, "followers_count": 137, "profile_sidebar_border_color": "EEEEEE", "id_str": "1705813135", "profile_background_color": "131516", "listed_count": 1, "is_translation_enabled": false, "utc_offset": -18000, "statuses_count": 2348, "description": "I'm a Sim from the @TheSims. I'm a bisexual Sim & I'm currently taken by Kai Leiko. I do support Gay Rights. \u2728\u2728\u2728RP ACCOUNT!\u2728\u2728\u2728", "friends_count": 169, "location": "Starlight Shores", "profile_link_color": "009999", "profile_image_url": "http://pbs.twimg.com/profile_images/465970722989674496/VLFzgZjX_normal.jpeg", "following": false, "geo_enabled": false, "profile_banner_url": "https://pbs.twimg.com/profile_banners/1705813135/1396290808", "profile_background_image_url": "http://abs.twimg.com/images/themes/theme14/bg.gif", "screen_name": "CalebTheSim", "lang": "en", "profile_background_tile": true, "favourites_count": 575, "name": "Caleb Stark", "notifications": false, "url": null, "created_at": "Tue Aug 27 22:53:06 +0000 2013", "contributors_enabled": false, "time_zone": "Central Time (US & Canada)", "protected": false, "default_profile": false, "is_translator": false}, "geo": null, "in_reply_to_user_id_str": "16593816", "lang": "en", "created_at": "Fri Aug 15 15:47:01 +0000 2014", "in_reply_to_status_id_str": "500290464621559808", "place": null}
