{"contributors":null,"truncated":false,"text":"Wow!\u201c@MickSweetman: #Ferguson cops beat innocent man then charged him for bleeding on them: http:\/\/t.co\/7xtZGmIVEs  http:\/\/t.co\/qRoCS5IsnU\u201d","in_reply_to_status_id":500290464621559808,"id":500327255525298176,"favorite_count":0,"source":"<a href=\"http:\/\/twitter.com\/download\/iphone\" rel=\"nofollow\">Twitter for iPhone<\/a>","retweeted":false,"coordinates":null,"entities":{"symbols":[],"user_mentions":[{"id":16593816,"indices":[5,18],"id_str":"16593816","screen_name":"MickSweetman","name":"Mick Sweetman"}],"hashtags":[{"indices":[20,29],"text":"Ferguson"}],"urls":[{"url":"http:\/\/t.co\/7xtZGmIVEs","indices":[92,114],"expanded_url":"http:\/\/shar.es\/1njjWT","display_url":"shar.es\/1njjWT"}],"media":[{"source_status_id_str":"500290464621559808","expanded_url":"http:\/\/twitter.com\/MickSweetman\/status\/500290464621559808\/photo\/1","display_url":"pic.twitter.com\/qRoCS5IsnU","url":"http:\/\/t.co\/qRoCS5IsnU","media_url_https":"https:\/\/pbs.twimg.com\/media\/BvFjhp0IMAAqVR9.jpg","source_status_id":500290464621559808,"id_str":"500290463426162688","sizes":{"small":{"h":213,"resize":"fit","w":340},"large":{"h":500,"resize":"fit","w":800},"medium":{"h":375,"resize":"fit","w":600},"thumb":{"h":150,"resize":"crop","w":150}},"indices":[116,138],"type":"photo","id":500290463426162688,"media_url":"http:\/\/pbs.twimg.com\/media\/BvFjhp0IMAAqVR9.jpg"}]},"in_reply_to_screen_name":"MickSweetman","id_str":"500327255525298176","retweet_count":4,"in_reply_to_user_id":16593816,"favorited":false,"user":{"follow_request_sent":false,"profile_use_background_image":true,"default_profile_image":false,"id":325753392,"profile_background_image_url_https":"https:\/\/abs.twimg.com\/images\/themes\/theme14\/bg.gif","verified":false,"profile_text_color":"333333","profile_image_url_https":"https:\/\/pbs.twimg.com\/profile_images\/572113145734430722\/1klHrIAL_normal.jpeg","profile_sidebar_fill_color":"EFEFEF","entities":{"description":{"urls":[]}},"followers_count":1110,"profile_sidebar_border_color":"EEEEEE","id_str":"325753392","profile_background_color":"131516","listed_count":5,"is_translation_enabled":false,"utc_offset":-25200,"statuses_count":54265,"description":"I don't favorite my tweets \nI'm not in black twitter","friends_count":841,"location":"the upper room","profile_link_color":"009999","profile_image_url":"http:\/\/pbs.twimg.com\/profile_images\/572113145734430722\/1klHrIAL_normal.jpeg","following":false,"geo_enabled":true,"profile_banner_url":"https:\/\/pbs.twimg.com\/profile_banners\/325753392\/1408913374","profile_background_image_url":"http:\/\/abs.twimg.com\/images\/themes\/theme14\/bg.gif","screen_name":"Mevin_Tiller","lang":"en","profile_background_tile":true,"favourites_count":353,"name":"partynexttoyobitch","notifications":false,"url":null,"created_at":"Tue Jun 28 20:22:18 +0000 2011","contributors_enabled":false,"time_zone":"Pacific Time (US & Canada)","protected":false,"default_profile":false,"is_translator":false},"geo":null,"in_reply_to_user_id_str":"16593816","possibly_sensitive":false,"lang":"en","created_at":"Fri Aug 15 17:04:48 +0000 2014","in_reply_to_status_id_str":"500290464621559808","place":null,"extended_entities":{"media":[{"source_status_id_str":"500290464621559808","expanded_url":"http:\/\/twitter.com\/MickSweetman\/status\/500290464621559808\/photo\/1","display_url":"pic.twitter.com\/qRoCS5IsnU","url":"http:\/\/t.co\/qRoCS5IsnU","media_url_https":"https:\/\/pbs.twimg.com\/media\/BvFjhp0IMAAqVR9.jpg","source_status_id":500290464621559808,"id_str":"500290463426162688","sizes":{"small":{"h":213,"resize":"fit","w":340},"large":{"h":500,"resize":"fit","w":800},"medium":{"h":375,"resize":"fit","w":600},"thumb":{"h":150,"resize":"crop","w":150}},"indices":[116,138],"type":"photo","id":500290463426162688,"media_url":"http:\/\/pbs.twimg.com\/media\/BvFjhp0IMAAqVR9.jpg"}]}}