{"contributors": null, "truncated": false, "text": "@MickSweetman @MichaelDalynyc not even close to being cool", "in_reply_to_status_id": 500290464621559808, "id": 500355426287112193, "favorite_count": 0, "source": "<a href=\"https://mobile.twitter.com\" rel=\"nofollow\">Mobile Web (M5)</a>", "retweeted": false, "coordinates": null, "entities": {"symbols": [], "user_mentions": [{"id": 16593816, "indices": [0, 13], "id_str": "16593816", "screen_name": "MickSweetman", "name": "Mick Sweetman"}, {"id": 28149699, "indices": [14, 29], "id_str": "28149699", "screen_name": "MichaelDalynyc", "name": "michael daly"}], "hashtags": [], "urls": []}, "in_reply_to_screen_name": "MickSweetman", "id_str": "500355426287112193", "retweet_count": 0, "in_reply_to_user_id": 16593816, "favorited": false, "user": {"follow_request_sent": false, "profile_use_background_image": true, "default_profile_image": false, "id": 31617405, "profile_background_image_url_https": "https://abs.twimg.com/images/themes/theme7/bg.gif", "verified": false, "profile_text_color": "333333", "profile_image_url_https": "https://pbs.twimg.com/profile_images/148914987/joy_normal.PNG", "profile_sidebar_fill_color": "F3F3F3", "entities": {"description": {"urls": []}}, "followers_count": 8, "profile_sidebar_border_color": "DFDFDF", "id_str": "31617405", "profile_background_color": "EBEBEB", "listed_count": 0, "is_translation_enabled": false, "utc_offset": -18000, "statuses_count": 14, "description": "You Just Never Know!", "friends_count": 76, "location": "Kissimmee; Orlando", "profile_link_color": "990000", "profile_image_url": "http://pbs.twimg.com/profile_images/148914987/joy_normal.PNG", "following": false, "geo_enabled": false, "profile_background_image_url": "http://abs.twimg.com/images/themes/theme7/bg.gif", "screen_name": "sweetfaith28", "lang": "en", "profile_background_tile": false, "favourites_count": 0, "name": "faith", "notifications": false, "url": null, "created_at": "Thu Apr 16 02:57:15 +0000 2009", "contributors_enabled": false, "time_zone": "Central Time (US & Canada)", "protected": false, "default_profile": false, "is_translator": false}, "geo": null, "in_reply_to_user_id_str": "16593816", "lang": "en", "created_at": "Fri Aug 15 18:56:44 +0000 2014", "in_reply_to_status_id_str": "500290464621559808", "place": null}
