{"contributors": null, "truncated": false, "text": "@MickSweetman @TheThirdPew @MichaelDalynyc The world we live in today... :/", "in_reply_to_status_id": 500290464621559808, "id": 500307879786991616, "favorite_count": 0, "source": "<a href=\"http://twitter.com\" rel=\"nofollow\">Twitter Web Client</a>", "retweeted": false, "coordinates": null, "entities": {"symbols": [], "user_mentions": [{"id": 16593816, "indices": [0, 13], "id_str": "16593816", "screen_name": "MickSweetman", "name": "Mick Sweetman"}, {"id": 421830010, "indices": [14, 26], "id_str": "421830010", "screen_name": "TheThirdPew", "name": "Nathan Z."}, {"id": 28149699, "indices": [27, 42], "id_str": "28149699", "screen_name": "MichaelDalynyc", "name": "michael daly"}], "hashtags": [], "urls": []}, "in_reply_to_screen_name": "MickSweetman", "id_str": "500307879786991616", "retweet_count": 0, "in_reply_to_user_id": 16593816, "favorited": false, "user": {"follow_request_sent": false, "profile_use_background_image": true, "default_profile_image": false, "id": 2596477542, "profile_background_image_url_https": "https://pbs.twimg.com/profile_background_images/485172840006561792/-GZkdnNC.jpeg", "verified": false, "profile_text_color": "333333", "profile_image_url_https": "https://pbs.twimg.com/profile_images/483628485512929280/qSOiO2Bb_normal.jpeg", "profile_sidebar_fill_color": "DDEEF6", "entities": {"description": {"urls": []}}, "followers_count": 26, "profile_sidebar_border_color": "FFFFFF", "id_str": "2596477542", "profile_background_color": "BDB937", "listed_count": 0, "is_translation_enabled": false, "utc_offset": null, "statuses_count": 123, "description": "PIZZA.", "friends_count": 108, "location": "", "profile_link_color": "1CBF32", "profile_image_url": "http://pbs.twimg.com/profile_images/483628485512929280/qSOiO2Bb_normal.jpeg", "following": false, "geo_enabled": false, "profile_banner_url": "https://pbs.twimg.com/profile_banners/2596477542/1404510250", "profile_background_image_url": "http://pbs.twimg.com/profile_background_images/485172840006561792/-GZkdnNC.jpeg", "screen_name": "BFBShelley", "lang": "en", "profile_background_tile": false, "favourites_count": 34, "name": "Shelley", "notifications": false, "url": null, "created_at": "Mon Jun 30 15:06:32 +0000 2014", "contributors_enabled": false, "time_zone": null, "protected": false, "default_profile": false, "is_translator": false}, "geo": null, "in_reply_to_user_id_str": "16593816", "lang": "en", "created_at": "Fri Aug 15 15:47:48 +0000 2014", "in_reply_to_status_id_str": "500290464621559808", "place": null}
