{"contributors":null,"truncated":false,"text":"@MickSweetman this is where you cross the line \ud83d\ude10","in_reply_to_status_id":500290464621559808,"id":500329423481368576,"favorite_count":0,"source":"<a href=\"http:\/\/twitter.com\/download\/iphone\" rel=\"nofollow\">Twitter for iPhone<\/a>","retweeted":false,"coordinates":null,"entities":{"symbols":[],"user_mentions":[{"id":16593816,"indices":[0,13],"id_str":"16593816","screen_name":"MickSweetman","name":"Mick Sweetman"}],"hashtags":[],"urls":[]},"in_reply_to_screen_name":"MickSweetman","id_str":"500329423481368576","retweet_count":0,"in_reply_to_user_id":16593816,"favorited":false,"user":{"follow_request_sent":false,"profile_use_background_image":true,"default_profile_image":false,"id":430100415,"profile_background_image_url_https":"https:\/\/abs.twimg.com\/images\/themes\/theme1\/bg.png","verified":false,"profile_text_color":"333333","profile_image_url_https":"https:\/\/pbs.twimg.com\/profile_images\/587256690208284673\/6i4LGRur_normal.jpg","profile_sidebar_fill_color":"DDEEF6","entities":{"description":{"urls":[]}},"followers_count":3530,"profile_sidebar_border_color":"C0DEED","id_str":"430100415","profile_background_color":"C0DEED","listed_count":1,"is_translation_enabled":false,"utc_offset":-25200,"statuses_count":39230,"description":"People get what they get, not necessarily what they deserve - Gregory House M.D.","friends_count":935,"location":"Village Hidden in the Stars","profile_link_color":"0084B4","profile_image_url":"http:\/\/pbs.twimg.com\/profile_images\/587256690208284673\/6i4LGRur_normal.jpg","following":false,"geo_enabled":false,"profile_banner_url":"https:\/\/pbs.twimg.com\/profile_banners\/430100415\/1406582058","profile_background_image_url":"http:\/\/abs.twimg.com\/images\/themes\/theme1\/bg.png","screen_name":"TheRealEfrainJr","lang":"en","profile_background_tile":false,"favourites_count":11200,"name":"Efrain Jr.","notifications":false,"url":null,"created_at":"Tue Dec 06 19:24:15 +0000 2011","contributors_enabled":false,"time_zone":"Pacific Time (US & Canada)","protected":false,"default_profile":true,"is_translator":false},"geo":null,"in_reply_to_user_id_str":"16593816","lang":"en","created_at":"Fri Aug 15 17:13:24 +0000 2014","in_reply_to_status_id_str":"500290464621559808","place":null}