{"contributors": null, "truncated": false, "text": "@MickSweetman @MichaelDalynyc wtf :/", "in_reply_to_status_id": 500290464621559808, "id": 500340246178172928, "favorite_count": 0, "source": "<a href=\"http://twitter.com/download/iphone\" rel=\"nofollow\">Twitter for iPhone</a>", "retweeted": false, "coordinates": null, "entities": {"symbols": [], "user_mentions": [{"id": 16593816, "indices": [0, 13], "id_str": "16593816", "screen_name": "MickSweetman", "name": "Mick Sweetman"}, {"id": 28149699, "indices": [14, 29], "id_str": "28149699", "screen_name": "MichaelDalynyc", "name": "michael daly"}], "hashtags": [], "urls": []}, "in_reply_to_screen_name": "MickSweetman", "id_str": "500340246178172928", "retweet_count": 0, "in_reply_to_user_id": 16593816, "favorited": false, "user": {"follow_request_sent": false, "profile_use_background_image": true, "default_profile_image": false, "id": 1477517324, "profile_background_image_url_https": "https://abs.twimg.com/images/themes/theme14/bg.gif", "verified": false, "profile_text_color": "333333", "profile_image_url_https": "https://pbs.twimg.com/profile_images/499275159304679424/YU7pnE2F_normal.jpeg", "profile_sidebar_fill_color": "EFEFEF", "entities": {"description": {"urls": []}}, "followers_count": 178, "profile_sidebar_border_color": "EEEEEE", "id_str": "1477517324", "profile_background_color": "131516", "listed_count": 0, "is_translation_enabled": false, "utc_offset": -14400, "statuses_count": 895, "description": "", "friends_count": 138, "location": "", "profile_link_color": "009999", "profile_image_url": "http://pbs.twimg.com/profile_images/499275159304679424/YU7pnE2F_normal.jpeg", "following": false, "geo_enabled": false, "profile_banner_url": "https://pbs.twimg.com/profile_banners/1477517324/1407871448", "profile_background_image_url": "http://abs.twimg.com/images/themes/theme14/bg.gif", "screen_name": "ontariostrap", "lang": "en", "profile_background_tile": true, "favourites_count": 146, "name": "-", "notifications": false, "url": null, "created_at": "Sun Jun 02 15:06:34 +0000 2013", "contributors_enabled": false, "time_zone": "Eastern Time (US & Canada)", "protected": false, "default_profile": false, "is_translator": false}, "geo": null, "in_reply_to_user_id_str": "16593816", "lang": "und", "created_at": "Fri Aug 15 17:56:25 +0000 2014", "in_reply_to_status_id_str": "500290464621559808", "place": null}
