{"contributors": null, "truncated": false, "text": "@MickSweetman Congrats on your 250\u2605 tweet! http://t.co/2FznPD1TkE", "in_reply_to_status_id": 500290464621559808, "id": 500375923783245826, "favorite_count": 0, "source": "<a href=\"http://favstar.fm\" rel=\"nofollow\">Favstar.FM</a>", "retweeted": false, "coordinates": null, "entities": {"symbols": [], "user_mentions": [{"id": 16593816, "indices": [0, 13], "id_str": "16593816", "screen_name": "MickSweetman", "name": "Mick Sweetman"}], "hashtags": [], "urls": [{"url": "http://t.co/2FznPD1TkE", "indices": [43, 65], "expanded_url": "http://favstar.fm/t/500290464621559808", "display_url": "favstar.fm/t/500290464621\u2026"}]}, "in_reply_to_screen_name": "MickSweetman", "id_str": "500375923783245826", "retweet_count": 0, "in_reply_to_user_id": 16593816, "favorited": false, "user": {"follow_request_sent": false, "profile_use_background_image": true, "default_profile_image": false, "id": 404460410, "profile_background_image_url_https": "https://abs.twimg.com/images/themes/theme1/bg.png", "verified": false, "profile_text_color": "333333", "profile_image_url_https": "https://pbs.twimg.com/profile_images/2610821608/ou5xrev3n3mcru4dx0fj_normal.png", "profile_sidebar_fill_color": "DDEEF6", "entities": {"url": {"urls": [{"url": "http://t.co/ht9Ek28LJ2", "indices": [0, 22], "expanded_url": "http://favstar.fm", "display_url": "favstar.fm"}]}, "description": {"urls": []}}, "followers_count": 8006, "profile_sidebar_border_color": "C0DEED", "id_str": "404460410", "profile_background_color": "C0DEED", "listed_count": 213, "is_translation_enabled": false, "utc_offset": -25200, "statuses_count": 1005546, "description": "Sign in to favstar.fm to have it collect your favs and retweets instantly.  Ask @favstar if you have questions.  Enjoy!", "friends_count": 0, "location": "", "profile_link_color": "0084B4", "profile_image_url": "http://pbs.twimg.com/profile_images/2610821608/ou5xrev3n3mcru4dx0fj_normal.png", "following": false, "geo_enabled": false, "profile_background_image_url": "http://abs.twimg.com/images/themes/theme1/bg.png", "screen_name": "Favstar250", "lang": "en", "profile_background_tile": false, "favourites_count": 0, "name": "Favstar.fm 250\u2605's", "notifications": false, "url": "http://t.co/ht9Ek28LJ2", "created_at": "Thu Nov 03 23:30:00 +0000 2011", "contributors_enabled": false, "time_zone": "Pacific Time (US & Canada)", "protected": false, "default_profile": true, "is_translator": false}, "geo": null, "in_reply_to_user_id_str": "16593816", "possibly_sensitive": false, "lang": "en", "created_at": "Fri Aug 15 20:18:11 +0000 2014", "in_reply_to_status_id_str": "500290464621559808", "place": null}
