{"contributors":null,"truncated":false,"text":"@MickSweetman @MichaelDalynyc and they want us to believe their bullshit story","in_reply_to_status_id":500290464621559808,"id":500334403449802753,"favorite_count":0,"source":"<a href=\"http:\/\/twitter.com\/download\/iphone\" rel=\"nofollow\">Twitter for iPhone<\/a>","retweeted":false,"coordinates":null,"entities":{"symbols":[],"user_mentions":[{"id":16593816,"indices":[0,13],"id_str":"16593816","screen_name":"MickSweetman","name":"Mick Sweetman"},{"id":28149699,"indices":[14,29],"id_str":"28149699","screen_name":"MichaelDalynyc","name":"michael daly"}],"hashtags":[],"urls":[]},"in_reply_to_screen_name":"MickSweetman","id_str":"500334403449802753","retweet_count":0,"in_reply_to_user_id":16593816,"favorited":false,"user":{"follow_request_sent":false,"profile_use_background_image":true,"default_profile_image":false,"id":2430108250,"profile_background_image_url_https":"https:\/\/pbs.twimg.com\/profile_background_images\/508033316243521536\/5lGtz-Bj.jpeg","verified":false,"profile_text_color":"000000","profile_image_url_https":"https:\/\/pbs.twimg.com\/profile_images\/538376623482236928\/yaNEPoPE_normal.jpeg","profile_sidebar_fill_color":"000000","entities":{"description":{"urls":[]}},"followers_count":209,"profile_sidebar_border_color":"000000","id_str":"2430108250","profile_background_color":"000000","listed_count":3,"is_translation_enabled":false,"utc_offset":-25200,"statuses_count":2439,"description":"Prayers Wont Solve Anything.. Bleeding heart liberal!! militant left..love trolling thoese far right.lulz!!","friends_count":409,"location":"somewhere in europe","profile_link_color":"4A913C","profile_image_url":"http:\/\/pbs.twimg.com\/profile_images\/538376623482236928\/yaNEPoPE_normal.jpeg","following":false,"geo_enabled":false,"profile_banner_url":"https:\/\/pbs.twimg.com\/profile_banners\/2430108250\/1409587934","profile_background_image_url":"http:\/\/pbs.twimg.com\/profile_background_images\/508033316243521536\/5lGtz-Bj.jpeg","screen_name":"Psycho__Bastard","lang":"en","profile_background_tile":false,"favourites_count":465,"name":"Psychopath\u262f","notifications":false,"url":null,"created_at":"Sun Mar 23 02:57:33 +0000 2014","contributors_enabled":false,"time_zone":"Arizona","protected":false,"default_profile":false,"is_translator":false},"geo":null,"in_reply_to_user_id_str":"16593816","lang":"en","created_at":"Fri Aug 15 17:33:12 +0000 2014","in_reply_to_status_id_str":"500290464621559808","place":null}