{"contributors":null,"truncated":false,"text":"@MickSweetman @MichaelDalynyc #cops getting out of  control","in_reply_to_status_id":500290464621559808,"id":500360998306717696,"favorite_count":0,"source":"<a href=\"http:\/\/www.twitter.com\" rel=\"nofollow\">Twitter for Windows Phone<\/a>","retweeted":false,"coordinates":null,"entities":{"symbols":[],"user_mentions":[{"id":16593816,"indices":[0,13],"id_str":"16593816","screen_name":"MickSweetman","name":"Mick Sweetman"},{"id":28149699,"indices":[14,29],"id_str":"28149699","screen_name":"MichaelDalynyc","name":"michael daly"}],"hashtags":[{"indices":[30,35],"text":"cops"}],"urls":[]},"in_reply_to_screen_name":"MickSweetman","id_str":"500360998306717696","retweet_count":0,"in_reply_to_user_id":16593816,"favorited":false,"user":{"follow_request_sent":false,"profile_use_background_image":true,"default_profile_image":false,"id":2284527516,"profile_background_image_url_https":"https:\/\/abs.twimg.com\/images\/themes\/theme1\/bg.png","verified":false,"profile_text_color":"333333","profile_image_url_https":"https:\/\/pbs.twimg.com\/profile_images\/509955907661627392\/tUqG92il_normal.jpeg","profile_sidebar_fill_color":"DDEEF6","entities":{"description":{"urls":[]}},"followers_count":60,"profile_sidebar_border_color":"C0DEED","id_str":"2284527516","profile_background_color":"C0DEED","listed_count":0,"is_translation_enabled":false,"utc_offset":null,"statuses_count":34,"description":"bfabb\r\nlove to explore\r\nrandom pictures\r\nexotic places\r\nexotic outfits","friends_count":295,"location":"","profile_link_color":"0084B4","profile_image_url":"http:\/\/pbs.twimg.com\/profile_images\/509955907661627392\/tUqG92il_normal.jpeg","following":false,"geo_enabled":false,"profile_background_image_url":"http:\/\/abs.twimg.com\/images\/themes\/theme1\/bg.png","screen_name":"Sup3rBadP00h","lang":"en","profile_background_tile":false,"favourites_count":9,"name":"arianna bispham","notifications":false,"url":null,"created_at":"Fri Jan 10 04:32:08 +0000 2014","contributors_enabled":false,"time_zone":null,"protected":false,"default_profile":true,"is_translator":false},"geo":null,"in_reply_to_user_id_str":"16593816","lang":"en","created_at":"Fri Aug 15 19:18:52 +0000 2014","in_reply_to_status_id_str":"500290464621559808","place":null}