{"contributors":null,"truncated":false,"text":"@MickSweetman @MichaelDalynyc ????","in_reply_to_status_id":500290464621559808,"id":500306189750906882,"favorite_count":0,"source":"<a href=\"http:\/\/twitter.com\/download\/iphone\" rel=\"nofollow\">Twitter for iPhone<\/a>","retweeted":false,"coordinates":null,"entities":{"symbols":[],"user_mentions":[{"id":16593816,"indices":[0,13],"id_str":"16593816","screen_name":"MickSweetman","name":"Mick Sweetman"},{"id":28149699,"indices":[14,29],"id_str":"28149699","screen_name":"MichaelDalynyc","name":"michael daly"}],"hashtags":[],"urls":[]},"in_reply_to_screen_name":"MickSweetman","id_str":"500306189750906882","retweet_count":0,"in_reply_to_user_id":16593816,"favorited":false,"user":{"follow_request_sent":false,"profile_use_background_image":true,"default_profile_image":false,"id":421830010,"profile_background_image_url_https":"https:\/\/abs.twimg.com\/images\/themes\/theme1\/bg.png","verified":false,"profile_text_color":"333333","profile_image_url_https":"https:\/\/pbs.twimg.com\/profile_images\/584340425806315520\/ggQP_lfp_normal.jpg","profile_sidebar_fill_color":"DDEEF6","entities":{"url":{"urls":[{"url":"https:\/\/t.co\/DkxApdckQ9","indices":[0,23],"expanded_url":"https:\/\/www.youtube.com\/watch?v=y-u_gw8jIWE","display_url":"youtube.com\/watch?v=y-u_gw\u2026"}]},"description":{"urls":[]}},"followers_count":24196,"profile_sidebar_border_color":"C0DEED","id_str":"421830010","profile_background_color":"C0DEED","listed_count":90,"is_translation_enabled":false,"utc_offset":null,"statuses_count":12113,"description":"WHY DO YOUTUBERS ALWAYS PUT my mom thinks im funny IN THEIR BIOS LIKE NO YA MOM THINKS YOU'RE TRASH TOO (Contact: zednathan@gmail.com)","friends_count":884,"location":"Newest Video","profile_link_color":"0084B4","profile_image_url":"http:\/\/pbs.twimg.com\/profile_images\/584340425806315520\/ggQP_lfp_normal.jpg","following":false,"geo_enabled":true,"profile_banner_url":"https:\/\/pbs.twimg.com\/profile_banners\/421830010\/1394493321","profile_background_image_url":"http:\/\/abs.twimg.com\/images\/themes\/theme1\/bg.png","screen_name":"TheThirdPew","lang":"en","profile_background_tile":false,"favourites_count":20627,"name":"Nathan Z.","notifications":false,"url":"https:\/\/t.co\/DkxApdckQ9","created_at":"Sat Nov 26 12:46:26 +0000 2011","contributors_enabled":false,"time_zone":null,"protected":false,"default_profile":true,"is_translator":false},"geo":null,"in_reply_to_user_id_str":"16593816","lang":"und","created_at":"Fri Aug 15 15:41:05 +0000 2014","in_reply_to_status_id_str":"500290464621559808","place":null}