{"contributors":null,"truncated":false,"text":"@MickSweetman @MichaelDalynyc fuck everything I mean really","in_reply_to_status_id":500290464621559808,"id":500306121387958272,"favorite_count":2,"source":"<a href=\"http:\/\/twitter.com\" rel=\"nofollow\">Twitter Web Client<\/a>","retweeted":false,"coordinates":null,"entities":{"symbols":[],"user_mentions":[{"id":16593816,"indices":[0,13],"id_str":"16593816","screen_name":"MickSweetman","name":"Mick Sweetman"},{"id":28149699,"indices":[14,29],"id_str":"28149699","screen_name":"MichaelDalynyc","name":"michael daly"}],"hashtags":[],"urls":[]},"in_reply_to_screen_name":"MickSweetman","id_str":"500306121387958272","retweet_count":0,"in_reply_to_user_id":16593816,"favorited":false,"user":{"follow_request_sent":false,"profile_use_background_image":true,"default_profile_image":false,"id":2212984384,"profile_background_image_url_https":"https:\/\/abs.twimg.com\/images\/themes\/theme1\/bg.png","verified":false,"profile_text_color":"333333","profile_image_url_https":"https:\/\/pbs.twimg.com\/profile_images\/556587126544801793\/Z_02ahze_normal.jpeg","profile_sidebar_fill_color":"DDEEF6","entities":{"url":{"urls":[{"url":"http:\/\/t.co\/H12X7KPpZM","indices":[0,22],"expanded_url":"http:\/\/www.youtube.com\/user\/hellooohanna","display_url":"youtube.com\/user\/helloooha\u2026"}]},"description":{"urls":[]}},"followers_count":93,"profile_sidebar_border_color":"C0DEED","id_str":"2212984384","profile_background_color":"C0DEED","listed_count":0,"is_translation_enabled":false,"utc_offset":null,"statuses_count":398,"description":"Go make me breakfast please.","friends_count":181,"location":"","profile_link_color":"8FB8C4","profile_image_url":"http:\/\/pbs.twimg.com\/profile_images\/556587126544801793\/Z_02ahze_normal.jpeg","following":false,"geo_enabled":false,"profile_banner_url":"https:\/\/pbs.twimg.com\/profile_banners\/2212984384\/1388378313","profile_background_image_url":"http:\/\/abs.twimg.com\/images\/themes\/theme1\/bg.png","screen_name":"HannaOneilio","lang":"en","profile_background_tile":false,"favourites_count":346,"name":"Hanna O'Neil","notifications":false,"url":"http:\/\/t.co\/H12X7KPpZM","created_at":"Sat Dec 07 22:44:54 +0000 2013","contributors_enabled":false,"time_zone":null,"protected":false,"default_profile":false,"is_translator":false},"geo":null,"in_reply_to_user_id_str":"16593816","lang":"en","created_at":"Fri Aug 15 15:40:49 +0000 2014","in_reply_to_status_id_str":"500290464621559808","place":null}