{"contributors":null,"truncated":false,"text":"@MickSweetman @MichaelDalynyc Wow....fuck everything really. This is so fucking sad","in_reply_to_status_id":500290464621559808,"id":500318978158632960,"favorite_count":0,"source":"<a href=\"http:\/\/twitter.com\/download\/android\" rel=\"nofollow\">Twitter for Android<\/a>","retweeted":false,"coordinates":null,"entities":{"symbols":[],"user_mentions":[{"id":16593816,"indices":[0,13],"id_str":"16593816","screen_name":"MickSweetman","name":"Mick Sweetman"},{"id":28149699,"indices":[14,29],"id_str":"28149699","screen_name":"MichaelDalynyc","name":"michael daly"}],"hashtags":[],"urls":[]},"in_reply_to_screen_name":"MickSweetman","id_str":"500318978158632960","retweet_count":0,"in_reply_to_user_id":16593816,"favorited":false,"user":{"follow_request_sent":false,"profile_use_background_image":true,"default_profile_image":false,"id":2436992873,"profile_background_image_url_https":"https:\/\/abs.twimg.com\/images\/themes\/theme1\/bg.png","verified":false,"profile_text_color":"333333","profile_image_url_https":"https:\/\/pbs.twimg.com\/profile_images\/513510496893693954\/Nd4OsDIH_normal.jpeg","profile_sidebar_fill_color":"DDEEF6","entities":{"description":{"urls":[]}},"followers_count":1204,"profile_sidebar_border_color":"C0DEED","id_str":"2436992873","profile_background_color":"C0DEED","listed_count":7,"is_translation_enabled":false,"utc_offset":null,"statuses_count":12102,"description":"First thing first I'm the realest. Being a belieber is something I will never stop being. I made a promise to stay by his side and I'm not breaking it.","friends_count":1990,"location":"Been a belieber since 2009","profile_link_color":"0084B4","profile_image_url":"http:\/\/pbs.twimg.com\/profile_images\/513510496893693954\/Nd4OsDIH_normal.jpeg","following":false,"geo_enabled":false,"profile_banner_url":"https:\/\/pbs.twimg.com\/profile_banners\/2436992873\/1407454024","profile_background_image_url":"http:\/\/abs.twimg.com\/images\/themes\/theme1\/bg.png","screen_name":"lovelyxdrxws","lang":"en","profile_background_tile":false,"favourites_count":1205,"name":"Elly ","notifications":false,"url":null,"created_at":"Wed Mar 26 02:28:16 +0000 2014","contributors_enabled":false,"time_zone":null,"protected":false,"default_profile":true,"is_translator":false},"geo":null,"in_reply_to_user_id_str":"16593816","lang":"en","created_at":"Fri Aug 15 16:31:54 +0000 2014","in_reply_to_status_id_str":"500290464621559808","place":null}