{"contributors":null,"truncated":false,"text":"LMFAO SO petty! RT @MickSweetman: #Ferguson cops beat innocent man then charged him for bleeding on them","in_reply_to_status_id":500290464621559808,"id":500316224396738561,"favorite_count":0,"source":"<a href=\"http:\/\/twitter.com\/download\/iphone\" rel=\"nofollow\">Twitter for iPhone<\/a>","retweeted":false,"coordinates":null,"entities":{"symbols":[],"user_mentions":[{"id":16593816,"indices":[19,32],"id_str":"16593816","screen_name":"MickSweetman","name":"Mick Sweetman"}],"hashtags":[{"indices":[34,43],"text":"Ferguson"}],"urls":[]},"in_reply_to_screen_name":"MickSweetman","id_str":"500316224396738561","retweet_count":0,"in_reply_to_user_id":16593816,"favorited":false,"user":{"follow_request_sent":false,"profile_use_background_image":true,"default_profile_image":false,"id":2697547547,"profile_background_image_url_https":"https:\/\/abs.twimg.com\/images\/themes\/theme1\/bg.png","verified":false,"profile_text_color":"333333","profile_image_url_https":"https:\/\/pbs.twimg.com\/profile_images\/582547866238976000\/zDmwkKLu_normal.jpg","profile_sidebar_fill_color":"DDEEF6","entities":{"description":{"urls":[]}},"followers_count":106,"profile_sidebar_border_color":"C0DEED","id_str":"2697547547","profile_background_color":"C0DEED","listed_count":1,"is_translation_enabled":false,"utc_offset":null,"statuses_count":1228,"description":"I stan for Bey + Nicki","friends_count":137,"location":"","profile_link_color":"0084B4","profile_image_url":"http:\/\/pbs.twimg.com\/profile_images\/582547866238976000\/zDmwkKLu_normal.jpg","following":false,"geo_enabled":false,"profile_banner_url":"https:\/\/pbs.twimg.com\/profile_banners\/2697547547\/1407910884","profile_background_image_url":"http:\/\/abs.twimg.com\/images\/themes\/theme1\/bg.png","screen_name":"_FuckMeOnika","lang":"en","profile_background_tile":false,"favourites_count":127,"name":"killa","notifications":false,"url":null,"created_at":"Fri Jul 11 04:10:49 +0000 2014","contributors_enabled":false,"time_zone":null,"protected":false,"default_profile":true,"is_translator":false},"geo":null,"in_reply_to_user_id_str":"16593816","lang":"en","created_at":"Fri Aug 15 16:20:57 +0000 2014","in_reply_to_status_id_str":"500290464621559808","place":null}