{"contributors":null,"truncated":false,"text":"@MickSweetman @MichaelDalynyc wtf man","in_reply_to_status_id":500290464621559808,"id":500320045076328448,"favorite_count":0,"source":"<a href=\"http:\/\/twitter.com\/download\/iphone\" rel=\"nofollow\">Twitter for iPhone<\/a>","retweeted":false,"coordinates":null,"entities":{"symbols":[],"user_mentions":[{"id":16593816,"indices":[0,13],"id_str":"16593816","screen_name":"MickSweetman","name":"Mick Sweetman"},{"id":28149699,"indices":[14,29],"id_str":"28149699","screen_name":"MichaelDalynyc","name":"michael daly"}],"hashtags":[],"urls":[]},"in_reply_to_screen_name":"MickSweetman","id_str":"500320045076328448","retweet_count":0,"in_reply_to_user_id":16593816,"favorited":false,"user":{"follow_request_sent":false,"profile_use_background_image":true,"default_profile_image":false,"id":792360433,"profile_background_image_url_https":"https:\/\/pbs.twimg.com\/profile_background_images\/378800000171060322\/rQLSMAqb.jpeg","verified":false,"profile_text_color":"333333","profile_image_url_https":"https:\/\/pbs.twimg.com\/profile_images\/575425995584376832\/n9hUrdrr_normal.png","profile_sidebar_fill_color":"DDEEF6","entities":{"url":{"urls":[{"url":"http:\/\/t.co\/ABAGBT5BEw","indices":[0,22],"expanded_url":"http:\/\/goldeyeliner.tumblr.com","display_url":"goldeyeliner.tumblr.com"}]},"description":{"urls":[]}},"followers_count":911,"profile_sidebar_border_color":"000000","id_str":"792360433","profile_background_color":"FFFFFF","listed_count":11,"is_translation_enabled":false,"utc_offset":-14400,"statuses_count":29274,"description":"Jill is bae\u2022Justin Bieber\u2022Ariana Grande\u2022Janoskians\u2022Cody Simpson\u2022 5sos\u2022 The Hunger Games\u2022Teen Wolf\u2022 Divergent\u2022 The Maze Runner\u2022 TFIOS\u2022 James followed 8\/22\/13","friends_count":1252,"location":"Beacon Hills","profile_link_color":"4E00B3","profile_image_url":"http:\/\/pbs.twimg.com\/profile_images\/575425995584376832\/n9hUrdrr_normal.png","following":false,"geo_enabled":false,"profile_banner_url":"https:\/\/pbs.twimg.com\/profile_banners\/792360433\/1405175740","profile_background_image_url":"http:\/\/pbs.twimg.com\/profile_background_images\/378800000171060322\/rQLSMAqb.jpeg","screen_name":"avonssgrande","lang":"en","profile_background_tile":true,"favourites_count":2041,"name":"Justin Bieber \u534c","notifications":false,"url":"http:\/\/t.co\/ABAGBT5BEw","created_at":"Thu Aug 30 20:40:33 +0000 2012","contributors_enabled":false,"time_zone":"Eastern Time (US & Canada)","protected":false,"default_profile":false,"is_translator":false},"geo":null,"in_reply_to_user_id_str":"16593816","lang":"en","created_at":"Fri Aug 15 16:36:08 +0000 2014","in_reply_to_status_id_str":"500290464621559808","place":null}