{"contributors":null,"truncated":false,"text":"MORE: Police surround kosher grocery store in eastern Paris where armed man is holding hostage http:\/\/t.co\/cI8cztQjE6 http:\/\/t.co\/BAwGOO5Wn3","in_reply_to_status_id":null,"id":553535221828964352,"favorite_count":23,"source":"<a href=\"http:\/\/twitter.com\" rel=\"nofollow\">Twitter Web Client<\/a>","retweeted":false,"coordinates":null,"entities":{"symbols":[],"media":[{"expanded_url":"http:\/\/twitter.com\/RT_com\/status\/553535221828964352\/photo\/1","display_url":"pic.twitter.com\/BAwGOO5Wn3","url":"http:\/\/t.co\/BAwGOO5Wn3","media_url_https":"https:\/\/pbs.twimg.com\/media\/B66NWW_IUAEGGwa.png","id_str":"553535219480154113","sizes":{"small":{"h":192,"resize":"fit","w":340},"large":{"h":326,"resize":"fit","w":576},"medium":{"h":326,"resize":"fit","w":576},"thumb":{"h":150,"resize":"crop","w":150}},"indices":[118,140],"type":"photo","id":553535219480154113,"media_url":"http:\/\/pbs.twimg.com\/media\/B66NWW_IUAEGGwa.png"}],"hashtags":[],"user_mentions":[],"trends":[],"urls":[{"url":"http:\/\/t.co\/cI8cztQjE6","indices":[95,117],"expanded_url":"http:\/\/on.rt.com\/ycbp8f","display_url":"on.rt.com\/ycbp8f"}]},"in_reply_to_screen_name":null,"id_str":"553535221828964352","retweet_count":135,"in_reply_to_user_id":null,"favorited":false,"user":{"follow_request_sent":null,"profile_use_background_image":true,"default_profile_image":false,"id":64643056,"verified":true,"profile_image_url_https":"https:\/\/pbs.twimg.com\/profile_images\/423103093069205504\/eTXULFRS_normal.png","profile_sidebar_fill_color":"EBEBEB","profile_text_color":"000000","followers_count":843487,"profile_sidebar_border_color":"FFFFFF","id_str":"64643056","profile_background_color":"1D1D1D","listed_count":13606,"profile_background_image_url_https":"https:\/\/pbs.twimg.com\/profile_background_images\/448107225769193472\/16jIvlg2.jpeg","utc_offset":14400,"statuses_count":105141,"description":"RT, the global news network, broadcasts from Moscow, London and Washington studios to over 100 countries.","friends_count":460,"location":"","profile_link_color":"3D990F","profile_image_url":"http:\/\/pbs.twimg.com\/profile_images\/423103093069205504\/eTXULFRS_normal.png","following":null,"geo_enabled":false,"profile_banner_url":"https:\/\/pbs.twimg.com\/profile_banners\/64643056\/1409741388","profile_background_image_url":"http:\/\/pbs.twimg.com\/profile_background_images\/448107225769193472\/16jIvlg2.jpeg","name":"RT","lang":"en","profile_background_tile":false,"favourites_count":26,"screen_name":"RT_com","notifications":null,"url":"http:\/\/RT.com","created_at":"Tue Aug 11 06:12:45 +0000 2009","contributors_enabled":false,"time_zone":"Moscow","protected":false,"default_profile":false,"is_translator":false},"geo":null,"in_reply_to_user_id_str":null,"possibly_sensitive":false,"lang":"en","created_at":"Fri Jan 09 12:54:15 +0000 2015","filter_level":"low","in_reply_to_status_id_str":null,"place":null,"extended_entities":{"media":[{"expanded_url":"http:\/\/twitter.com\/RT_com\/status\/553535221828964352\/photo\/1","display_url":"pic.twitter.com\/BAwGOO5Wn3","url":"http:\/\/t.co\/BAwGOO5Wn3","media_url_https":"https:\/\/pbs.twimg.com\/media\/B66NWW_IUAEGGwa.png","id_str":"553535219480154113","sizes":{"small":{"h":192,"resize":"fit","w":340},"large":{"h":326,"resize":"fit","w":576},"medium":{"h":326,"resize":"fit","w":576},"thumb":{"h":150,"resize":"crop","w":150}},"indices":[118,140],"type":"photo","id":553535219480154113,"media_url":"http:\/\/pbs.twimg.com\/media\/B66NWW_IUAEGGwa.png"}]}}