{"contributors":null,"truncated":false,"text":"The first person killed in Charlie Hebdo attacks was Muslim police officer http:\/\/t.co\/9LUWBZ9SbC http:\/\/t.co\/ulTAJHywnK","in_reply_to_status_id":null,"id":553137849663361024,"favorite_count":109,"source":"<a href=\"https:\/\/about.twitter.com\/products\/tweetdeck\" rel=\"nofollow\">TweetDeck<\/a>","retweeted":false,"coordinates":null,"entities":{"symbols":[],"media":[{"expanded_url":"http:\/\/twitter.com\/Independent\/status\/553137849663361024\/photo\/1","display_url":"pic.twitter.com\/ulTAJHywnK","url":"http:\/\/t.co\/ulTAJHywnK","media_url_https":"https:\/\/pbs.twimg.com\/media\/B60iC1tCQAAyvC1.jpg","id_str":"553135761407492096","sizes":{"small":{"h":255,"resize":"fit","w":340},"large":{"h":465,"resize":"fit","w":620},"medium":{"h":450,"resize":"fit","w":600},"thumb":{"h":150,"resize":"crop","w":150}},"indices":[98,120],"type":"photo","id":553135761407492096,"media_url":"http:\/\/pbs.twimg.com\/media\/B60iC1tCQAAyvC1.jpg"}],"hashtags":[],"user_mentions":[],"trends":[],"urls":[{"url":"http:\/\/t.co\/9LUWBZ9SbC","indices":[75,97],"expanded_url":"http:\/\/ind.pn\/1yE1GTq","display_url":"ind.pn\/1yE1GTq"}]},"in_reply_to_screen_name":null,"id_str":"553137849663361024","retweet_count":494,"in_reply_to_user_id":null,"favorited":false,"user":{"follow_request_sent":null,"profile_use_background_image":true,"default_profile_image":false,"id":16973333,"verified":true,"profile_image_url_https":"https:\/\/pbs.twimg.com\/profile_images\/583628771972018176\/ztJn926g_normal.png","profile_sidebar_fill_color":"FFFFFF","profile_text_color":"333333","followers_count":972105,"profile_sidebar_border_color":"FFFFFF","id_str":"16973333","profile_background_color":"EBEBEB","listed_count":11762,"profile_background_image_url_https":"https:\/\/pbs.twimg.com\/profile_background_images\/378800000119288704\/4ac964c83462c88837dc1e735aa1a45e.png","utc_offset":0,"statuses_count":123890,"description":"News, comment and features from The Independent. Also follow: @IndyVoices, \r\n@IndyPolitics, @IndyWorld and our journalists at http:\/\/ind.pn\/Wdlm9a","friends_count":1763,"location":"London, United Kingdom","profile_link_color":"FC051A","profile_image_url":"http:\/\/pbs.twimg.com\/profile_images\/583628771972018176\/ztJn926g_normal.png","following":null,"geo_enabled":false,"profile_background_image_url":"http:\/\/pbs.twimg.com\/profile_background_images\/378800000119288704\/4ac964c83462c88837dc1e735aa1a45e.png","name":"The Independent","lang":"en","profile_background_tile":true,"favourites_count":39,"screen_name":"Independent","notifications":null,"url":"http:\/\/www.independent.co.uk","created_at":"Sun Oct 26 00:00:29 +0000 2008","contributors_enabled":false,"time_zone":"London","protected":false,"default_profile":false,"is_translator":false},"geo":null,"in_reply_to_user_id_str":null,"possibly_sensitive":false,"lang":"en","created_at":"Thu Jan 08 10:35:14 +0000 2015","filter_level":"low","in_reply_to_status_id_str":null,"place":null,"extended_entities":{"media":[{"expanded_url":"http:\/\/twitter.com\/Independent\/status\/553137849663361024\/photo\/1","display_url":"pic.twitter.com\/ulTAJHywnK","url":"http:\/\/t.co\/ulTAJHywnK","media_url_https":"https:\/\/pbs.twimg.com\/media\/B60iC1tCQAAyvC1.jpg","id_str":"553135761407492096","sizes":{"small":{"h":255,"resize":"fit","w":340},"large":{"h":465,"resize":"fit","w":620},"medium":{"h":450,"resize":"fit","w":600},"thumb":{"h":150,"resize":"crop","w":150}},"indices":[98,120],"type":"photo","id":553135761407492096,"media_url":"http:\/\/pbs.twimg.com\/media\/B60iC1tCQAAyvC1.jpg"}]}}