{"contributors": null, "truncated": false, "text": "@France24_en BREAKING - Germanwings plane crashes in France, up to 150 believed dead\nhttp://t.co/HWyOPGobie", "in_reply_to_status_id": 580330369603366913, "id": 580333583648231426, "favorite_count": 0, "source": "<a href=\"http://twitter.com\" rel=\"nofollow\">Twitter Web Client</a>", "retweeted": false, "coordinates": null, "entities": {"symbols": [], "user_mentions": [{"id": 25049056, "indices": [0, 12], "id_str": "25049056", "screen_name": "France24_en", "name": "FRANCE 24 English"}], "hashtags": [], "urls": [{"url": "http://t.co/HWyOPGobie", "indices": [85, 107], "expanded_url": "http://bit.ly/1GP1cKz", "display_url": "bit.ly/1GP1cKz"}]}, "in_reply_to_screen_name": "France24_en", "id_str": "580333583648231426", "retweet_count": 0, "in_reply_to_user_id": 25049056, "favorited": false, "user": {"follow_request_sent": false, "profile_use_background_image": true, "profile_text_color": "333333", "default_profile_image": false, "id": 2459278543, "profile_background_image_url_https": "https://abs.twimg.com/images/themes/theme1/bg.png", "verified": false, "profile_location": null, "profile_image_url_https": "https://pbs.twimg.com/profile_images/458850626038804480/cBq6N-Su_normal.jpeg", "profile_sidebar_fill_color": "DDEEF6", "entities": {"url": {"urls": [{"url": "http://t.co/bsIPaa3KKW", "indices": [0, 22], "expanded_url": "http://de.awdnews.com", "display_url": "de.awdnews.com"}]}, "description": {"urls": []}}, "followers_count": 518, "profile_sidebar_border_color": "C0DEED", "id_str": "2459278543", "profile_background_color": "C0DEED", "listed_count": 20, "is_translation_enabled": false, "utc_offset": null, "statuses_count": 15607, "description": "Herzlich Willkommen auf der offiziellen Twitter-Seite der AWDNEWS. \nAktuelle Nachrichten aus Politik, Wirtschaft, Kultur und Sport.", "friends_count": 1532, "location": "London, United Kingdom", "profile_link_color": "186BC4", "profile_image_url": "http://pbs.twimg.com/profile_images/458850626038804480/cBq6N-Su_normal.jpeg", "following": false, "geo_enabled": false, "profile_banner_url": "https://pbs.twimg.com/profile_banners/2459278543/1398233649", "profile_background_image_url": "http://abs.twimg.com/images/themes/theme1/bg.png", "name": "awdnews german", "lang": "en", "profile_background_tile": false, "favourites_count": 219, "screen_name": "awdnewsgerman", "notifications": false, "url": "http://t.co/bsIPaa3KKW", "created_at": "Wed Apr 23 06:01:00 +0000 2014", "contributors_enabled": false, "time_zone": null, "protected": false, "default_profile": false, "is_translator": false}, "geo": null, "in_reply_to_user_id_str": "25049056", "possibly_sensitive": false, "possibly_sensitive_appealable": false, "lang": "en", "created_at": "Tue Mar 24 11:41:23 +0000 2015", "in_reply_to_status_id_str": "580330369603366913", "place": null}
