{"contributors":null,"truncated":false,"text":"\u201c@Liberata017: @WI4Palin @PzFeed old news? You have more timely info?\u201d Twitter search #Sydney #sydneysiege #sydneycafe","in_reply_to_status_id":544307232444538880,"id":544307710272212992,"favorite_count":0,"source":"<a href=\"http:\/\/twitter.com\/download\/iphone\" rel=\"nofollow\">Twitter for iPhone<\/a>","retweeted":false,"coordinates":{"type":"Point","coordinates":[-87.80876337,42.78297383]},"entities":{"symbols":[],"user_mentions":[{"id":2654901794,"indices":[1,13],"id_str":"2654901794","screen_name":"Liberata017","name":"HotHeaded \u02c8z\u00e4mb\u0113"},{"id":297369350,"indices":[15,24],"id_str":"297369350","screen_name":"WI4Palin","name":"WI4Palin"},{"id":292777349,"indices":[25,32],"id_str":"292777349","screen_name":"PzFeed","name":"PzFeed Top News"}],"hashtags":[{"indices":[86,93],"text":"Sydney"},{"indices":[94,106],"text":"sydneysiege"},{"indices":[107,118],"text":"sydneycafe"}],"urls":[]},"in_reply_to_screen_name":"Liberata017","id_str":"544307710272212992","retweet_count":0,"in_reply_to_user_id":2654901794,"favorited":false,"user":{"follow_request_sent":false,"profile_use_background_image":true,"profile_text_color":"333333","default_profile_image":false,"id":297369350,"profile_background_image_url_https":"https:\/\/pbs.twimg.com\/profile_background_images\/459074366752301056\/qjfIU1M2.jpeg","verified":false,"profile_location":null,"profile_image_url_https":"https:\/\/pbs.twimg.com\/profile_images\/583600886993268736\/4cbyg5V1_normal.jpg","profile_sidebar_fill_color":"DDEEF6","entities":{"url":{"urls":[{"url":"http:\/\/t.co\/UMJq8CNZMT","indices":[0,22],"expanded_url":"http:\/\/www.wisconsin4palin.com","display_url":"wisconsin4palin.com"}]},"description":{"urls":[]}},"followers_count":5555,"profile_sidebar_border_color":"FFFFFF","id_str":"297369350","profile_background_color":"131516","listed_count":132,"is_translation_enabled":false,"utc_offset":-21600,"statuses_count":65575,"description":"WI O4P Coordinator - Activist - Get it Done Kind of Guy, creator #WIRising hashtag. RTdoesNOT = endorsement NOW also tweeting is Stephanie Abbott","friends_count":4544,"location":"Wisconsin, USA","profile_link_color":"009999","profile_image_url":"http:\/\/pbs.twimg.com\/profile_images\/583600886993268736\/4cbyg5V1_normal.jpg","following":false,"geo_enabled":true,"profile_banner_url":"https:\/\/pbs.twimg.com\/profile_banners\/297369350\/1418009375","profile_background_image_url":"http:\/\/pbs.twimg.com\/profile_background_images\/459074366752301056\/qjfIU1M2.jpeg","name":"WI4Palin","lang":"en","profile_background_tile":true,"favourites_count":27838,"screen_name":"WI4Palin","notifications":false,"url":"http:\/\/t.co\/UMJq8CNZMT","created_at":"Thu May 12 12:04:03 +0000 2011","contributors_enabled":false,"time_zone":"Central Time (US & Canada)","protected":false,"default_profile":false,"is_translator":false},"geo":{"type":"Point","coordinates":[42.78297383,-87.80876337]},"in_reply_to_user_id_str":"2654901794","lang":"en","created_at":"Mon Dec 15 01:47:25 +0000 2014","in_reply_to_status_id_str":"544307232444538880","place":{"full_name":"Wind Point, WI","url":"https:\/\/api.twitter.com\/1.1\/geo\/id\/003a2486189b91a6.json","country":"United States","place_type":"city","bounding_box":{"type":"Polygon","coordinates":[[[-87.8390766,42.769771],[-87.757534,42.769771],[-87.757534,42.821738],[-87.8390766,42.821738]]]},"contained_within":[],"country_code":"US","attributes":{},"id":"003a2486189b91a6","name":"Wind Point"}}