{"contributors": null, "truncated": false, "text": "@PzFeed @dahboo7 Did they say there was a black flag with arab writing? ISIS supporter? or soldier?", "in_reply_to_status_id": 544307040932601857, "id": 544308218525396993, "favorite_count": 0, "source": "<a href=\"http://twitter.com\" rel=\"nofollow\">Twitter Web Client</a>", "retweeted": false, "coordinates": null, "entities": {"symbols": [], "user_mentions": [{"id": 292777349, "indices": [0, 7], "id_str": "292777349", "screen_name": "PzFeed", "name": "PzFeed Top News"}, {"id": 1411455757, "indices": [8, 16], "id_str": "1411455757", "screen_name": "dahboo7", "name": "Dahboo7"}], "hashtags": [], "urls": []}, "in_reply_to_screen_name": "PzFeed", "id_str": "544308218525396993", "retweet_count": 0, "in_reply_to_user_id": 292777349, "favorited": false, "user": {"follow_request_sent": false, "profile_use_background_image": true, "profile_text_color": "333333", "default_profile_image": false, "id": 2861968850, "profile_background_image_url_https": "https://abs.twimg.com/images/themes/theme14/bg.gif", "verified": false, "profile_location": null, "profile_image_url_https": "https://pbs.twimg.com/profile_images/545111209406496768/w6JkgAyW_normal.jpeg", "profile_sidebar_fill_color": "EFEFEF", "entities": {"url": {"urls": [{"url": "http://t.co/vakPjdYmvj", "indices": [0, 22], "expanded_url": "http://www.barenakedislam.com/2014/09/26/in-a-fit-of-rage-obama-snaps-at-u-s-military-brass-dont-you", "display_url": "barenakedislam.com/2014/09/26/in-\u2026"}]}, "description": {"urls": []}}, "followers_count": 241, "profile_sidebar_border_color": "EEEEEE", "id_str": "2861968850", "profile_background_color": "131516", "listed_count": 1, "is_translation_enabled": false, "utc_offset": -21600, "statuses_count": 277, "description": "Crusaders Against Islamic Radicalism / 2nd Amendemnt / Freedom of Speech", "friends_count": 355, "location": "Texas, USA", "profile_link_color": "009999", "profile_image_url": "http://pbs.twimg.com/profile_images/545111209406496768/w6JkgAyW_normal.jpeg", "following": false, "geo_enabled": false, "profile_banner_url": "https://pbs.twimg.com/profile_banners/2861968850/1417531738", "profile_background_image_url": "http://abs.twimg.com/images/themes/theme14/bg.gif", "name": "Ground_Thumpers", "lang": "en", "profile_background_tile": true, "favourites_count": 111, "screen_name": "Anon_Fringe", "notifications": false, "url": "http://t.co/vakPjdYmvj", "created_at": "Sat Oct 18 05:45:01 +0000 2014", "contributors_enabled": false, "time_zone": "Central Time (US & Canada)", "protected": false, "default_profile": false, "is_translator": false}, "geo": null, "in_reply_to_user_id_str": "292777349", "lang": "en", "created_at": "Mon Dec 15 01:49:26 +0000 2014", "in_reply_to_status_id_str": "544307040932601857", "place": null}
