{"contributors":null,"truncated":false,"text":"\u201c@PzFeed: BREAKING NEWS: UP TO 50 PEOPLE BEING HELD HOSTAGE IN SYDNEY. 7NEWS\u201d wtf?","in_reply_to_status_id":544307040932601857,"id":544307126080794624,"favorite_count":0,"source":"<a href=\"http:\/\/twitter.com\/download\/iphone\" rel=\"nofollow\">Twitter for iPhone<\/a>","retweeted":false,"coordinates":null,"entities":{"symbols":[],"user_mentions":[{"id":292777349,"indices":[1,8],"id_str":"292777349","screen_name":"PzFeed","name":"PzFeed Top News"}],"hashtags":[],"urls":[]},"in_reply_to_screen_name":"PzFeed","id_str":"544307126080794624","retweet_count":0,"in_reply_to_user_id":292777349,"favorited":false,"user":{"follow_request_sent":false,"profile_use_background_image":true,"profile_text_color":"333333","default_profile_image":false,"id":339394522,"profile_background_image_url_https":"https:\/\/pbs.twimg.com\/profile_background_images\/305083643\/tumblr_lmcm0fZKjC1ql44loo1_500.png","verified":false,"profile_location":null,"profile_image_url_https":"https:\/\/pbs.twimg.com\/profile_images\/584610145415467008\/lYodOLiq_normal.jpg","profile_sidebar_fill_color":"DDEEF6","entities":{"description":{"urls":[]}},"followers_count":366,"profile_sidebar_border_color":"C0DEED","id_str":"339394522","profile_background_color":"C0DEED","listed_count":2,"is_translation_enabled":false,"utc_offset":-28800,"statuses_count":65984,"description":"love yourz","friends_count":256,"location":"AV","profile_link_color":"0084B4","profile_image_url":"http:\/\/pbs.twimg.com\/profile_images\/584610145415467008\/lYodOLiq_normal.jpg","following":false,"geo_enabled":true,"profile_banner_url":"https:\/\/pbs.twimg.com\/profile_banners\/339394522\/1417678637","profile_background_image_url":"http:\/\/pbs.twimg.com\/profile_background_images\/305083643\/tumblr_lmcm0fZKjC1ql44loo1_500.png","name":"kev","lang":"en","profile_background_tile":false,"favourites_count":4740,"screen_name":"kevin_OMO","notifications":false,"url":null,"created_at":"Thu Jul 21 01:33:44 +0000 2011","contributors_enabled":false,"time_zone":"Pacific Time (US & Canada)","protected":false,"default_profile":false,"is_translator":false},"geo":null,"in_reply_to_user_id_str":"292777349","lang":"en","created_at":"Mon Dec 15 01:45:06 +0000 2014","in_reply_to_status_id_str":"544307040932601857","place":null}