{"contributors": null, "truncated": false, "text": "\u201c@PzFeed: BREAKING NEWS: UP TO 50 PEOPLE BEING HELD HOSTAGE IN SYDNEY. 7NEWS\u201d well let them go @syd_lang", "in_reply_to_status_id": 544307040932601857, "id": 544310472254582785, "favorite_count": 2, "source": "<a href=\"http://twitter.com/download/iphone\" rel=\"nofollow\">Twitter for iPhone</a>", "retweeted": false, "coordinates": null, "entities": {"symbols": [], "user_mentions": [{"id": 292777349, "indices": [1, 8], "id_str": "292777349", "screen_name": "PzFeed", "name": "PzFeed Top News"}, {"id": 293235060, "indices": [95, 104], "id_str": "293235060", "screen_name": "syd_lang", "name": "Sydney Langeler\u2728"}], "hashtags": [], "urls": []}, "in_reply_to_screen_name": "PzFeed", "id_str": "544310472254582785", "retweet_count": 0, "in_reply_to_user_id": 292777349, "favorited": false, "user": {"follow_request_sent": false, "profile_use_background_image": true, "profile_text_color": "333333", "default_profile_image": false, "id": 440357927, "profile_background_image_url_https": "https://abs.twimg.com/images/themes/theme1/bg.png", "verified": false, "profile_location": null, "profile_image_url_https": "https://pbs.twimg.com/profile_images/438146557947310080/Ox4RG_G8_normal.jpeg", "profile_sidebar_fill_color": "DDEEF6", "entities": {"description": {"urls": []}}, "followers_count": 301, "profile_sidebar_border_color": "C0DEED", "id_str": "440357927", "profile_background_color": "C0DEED", "listed_count": 0, "is_translation_enabled": false, "utc_offset": null, "statuses_count": 7566, "description": "Girl we're both gamblin', but im playin for keeps", "friends_count": 410, "location": "", "profile_link_color": "0084B4", "profile_image_url": "http://pbs.twimg.com/profile_images/438146557947310080/Ox4RG_G8_normal.jpeg", "following": false, "geo_enabled": true, "profile_background_image_url": "http://abs.twimg.com/images/themes/theme1/bg.png", "name": "Jake Widgeon", "lang": "en", "profile_background_tile": false, "favourites_count": 915, "screen_name": "Widgeon819", "notifications": false, "url": null, "created_at": "Sun Dec 18 22:09:39 +0000 2011", "contributors_enabled": false, "time_zone": null, "protected": false, "default_profile": true, "is_translator": false}, "geo": null, "in_reply_to_user_id_str": "292777349", "lang": "en", "created_at": "Mon Dec 15 01:58:24 +0000 2014", "in_reply_to_status_id_str": "544307040932601857", "place": null}
