{"contributors":null,"truncated":false,"text":"@Saintsupurdome @PzFeed isis took over a cafe","in_reply_to_status_id":544307161195884546,"id":544307225007640576,"favorite_count":0,"source":"<a href=\"http:\/\/twitter.com\" rel=\"nofollow\">Twitter Web Client<\/a>","retweeted":false,"coordinates":null,"entities":{"symbols":[],"user_mentions":[{"id":1925401974,"indices":[0,15],"id_str":"1925401974","screen_name":"Saintsupurdome","name":"Tyler"},{"id":292777349,"indices":[16,23],"id_str":"292777349","screen_name":"PzFeed","name":"PzFeed Top News"}],"hashtags":[],"urls":[]},"in_reply_to_screen_name":"Saintsupurdome","id_str":"544307225007640576","retweet_count":0,"in_reply_to_user_id":1925401974,"favorited":false,"user":{"follow_request_sent":false,"profile_use_background_image":true,"profile_text_color":"333333","default_profile_image":false,"id":2303718997,"profile_background_image_url_https":"https:\/\/abs.twimg.com\/images\/themes\/theme1\/bg.png","verified":false,"profile_location":null,"profile_image_url_https":"https:\/\/pbs.twimg.com\/profile_images\/585655517026091010\/QFiAzctr_normal.jpg","profile_sidebar_fill_color":"DDEEF6","entities":{"description":{"urls":[]}},"followers_count":1363,"profile_sidebar_border_color":"C0DEED","id_str":"2303718997","profile_background_color":"C0DEED","listed_count":4,"is_translation_enabled":false,"utc_offset":-28800,"statuses_count":32866,"description":"#WHODATNATION Dodgers, Saints, UCLA and Lakers PSN: joshuabruin @trustedtrademut silver tier, Owner of @MUTBETS365","friends_count":314,"location":"Los Angeles, CA","profile_link_color":"46B4F0","profile_image_url":"http:\/\/pbs.twimg.com\/profile_images\/585655517026091010\/QFiAzctr_normal.jpg","following":false,"geo_enabled":false,"profile_banner_url":"https:\/\/pbs.twimg.com\/profile_banners\/2303718997\/1393900062","profile_background_image_url":"http:\/\/abs.twimg.com\/images\/themes\/theme1\/bg.png","name":"Bulbasaur ","lang":"en","profile_background_tile":false,"favourites_count":2616,"screen_name":"joshuabruin","notifications":false,"url":null,"created_at":"Tue Jan 21 21:09:30 +0000 2014","contributors_enabled":false,"time_zone":"Pacific Time (US & Canada)","protected":false,"default_profile":false,"is_translator":false},"geo":null,"in_reply_to_user_id_str":"1925401974","lang":"en","created_at":"Mon Dec 15 01:45:29 +0000 2014","in_reply_to_status_id_str":"544307161195884546","place":null}