{"contributors":null,"truncated":false,"text":"\u201c@PzFeed: BREAKING NEWS: UP TO 50 PEOPLE BEING HELD HOSTAGE IN SYDNEY. 7NEWS\u201d \ud83d\ude15","in_reply_to_status_id":544307040932601857,"id":544307242330488833,"favorite_count":0,"source":"<a href=\"http:\/\/twitter.com\/download\/iphone\" rel=\"nofollow\">Twitter for iPhone<\/a>","retweeted":false,"coordinates":null,"entities":{"symbols":[],"user_mentions":[{"id":292777349,"indices":[1,8],"id_str":"292777349","screen_name":"PzFeed","name":"PzFeed Top News"}],"hashtags":[],"urls":[]},"in_reply_to_screen_name":"PzFeed","id_str":"544307242330488833","retweet_count":0,"in_reply_to_user_id":292777349,"favorited":false,"user":{"follow_request_sent":false,"profile_use_background_image":true,"profile_text_color":"333333","default_profile_image":false,"id":206904125,"profile_background_image_url_https":"https:\/\/abs.twimg.com\/images\/themes\/theme7\/bg.gif","verified":false,"profile_location":null,"profile_image_url_https":"https:\/\/pbs.twimg.com\/profile_images\/578876093970542592\/KwLH2SSs_normal.jpeg","profile_sidebar_fill_color":"F3F3F3","entities":{"description":{"urls":[]}},"followers_count":1086,"profile_sidebar_border_color":"DFDFDF","id_str":"206904125","profile_background_color":"EBEBEB","listed_count":56,"is_translation_enabled":false,"utc_offset":-18000,"statuses_count":22374,"description":"26","friends_count":392,"location":"DMV to Florida ","profile_link_color":"990000","profile_image_url":"http:\/\/pbs.twimg.com\/profile_images\/578876093970542592\/KwLH2SSs_normal.jpeg","following":false,"geo_enabled":false,"profile_background_image_url":"http:\/\/abs.twimg.com\/images\/themes\/theme7\/bg.gif","name":"Miss Claus ","lang":"en","profile_background_tile":false,"favourites_count":36,"screen_name":"youloveLola","notifications":false,"url":null,"created_at":"Sun Oct 24 01:02:31 +0000 2010","contributors_enabled":false,"time_zone":"Eastern Time (US & Canada)","protected":false,"default_profile":false,"is_translator":false},"geo":null,"in_reply_to_user_id_str":"292777349","lang":"en","created_at":"Mon Dec 15 01:45:33 +0000 2014","in_reply_to_status_id_str":"544307040932601857","place":null}