{"contributors":null,"truncated":false,"text":"The number keeps growing ??? @PzFeed","in_reply_to_status_id":544307040932601857,"id":544307166304559104,"favorite_count":0,"source":"<a href=\"http:\/\/twitter.com\" rel=\"nofollow\">Twitter Web Client<\/a>","retweeted":false,"coordinates":null,"entities":{"symbols":[],"user_mentions":[{"id":292777349,"indices":[29,36],"id_str":"292777349","screen_name":"PzFeed","name":"PzFeed Top News"}],"hashtags":[],"urls":[]},"in_reply_to_screen_name":"PzFeed","id_str":"544307166304559104","retweet_count":0,"in_reply_to_user_id":292777349,"favorited":false,"user":{"follow_request_sent":false,"profile_use_background_image":true,"profile_text_color":"8A8A8A","default_profile_image":false,"id":27122356,"profile_background_image_url_https":"https:\/\/pbs.twimg.com\/profile_background_images\/713635832\/151ae02dee58e8792373701f766a224c.jpeg","verified":false,"profile_location":null,"profile_image_url_https":"https:\/\/pbs.twimg.com\/profile_images\/574768959272038400\/0ACkDlTU_normal.jpeg","profile_sidebar_fill_color":"000000","entities":{"description":{"urls":[]}},"followers_count":2953,"profile_sidebar_border_color":"FFFFFF","id_str":"27122356","profile_background_color":"000000","listed_count":68,"is_translation_enabled":false,"utc_offset":-21600,"statuses_count":29798,"description":"Tech Support - vegetarian & huge Collective Soul fan ; \u264e","friends_count":2491,"location":"","profile_link_color":"2C4F59","profile_image_url":"http:\/\/pbs.twimg.com\/profile_images\/574768959272038400\/0ACkDlTU_normal.jpeg","following":false,"geo_enabled":false,"profile_banner_url":"https:\/\/pbs.twimg.com\/profile_banners\/27122356\/1401111387","profile_background_image_url":"http:\/\/pbs.twimg.com\/profile_background_images\/713635832\/151ae02dee58e8792373701f766a224c.jpeg","name":"Lily ","lang":"en","profile_background_tile":false,"favourites_count":12553,"screen_name":"odajoe","notifications":false,"url":null,"created_at":"Fri Mar 27 23:07:32 +0000 2009","contributors_enabled":false,"time_zone":"Central Time (US & Canada)","protected":false,"default_profile":false,"is_translator":false},"geo":null,"in_reply_to_user_id_str":"292777349","lang":"en","created_at":"Mon Dec 15 01:45:15 +0000 2014","in_reply_to_status_id_str":"544307040932601857","place":null}