{"contributors": null, "truncated": false, "text": "@joshuabruin @PzFeed ik that but only 13 ppl what about these other ones", "in_reply_to_status_id": 544307225007640576, "id": 544307326438895616, "favorite_count": 0, "source": "<a href=\"http://twitter.com/download/android\" rel=\"nofollow\">Twitter for Android</a>", "retweeted": false, "coordinates": null, "entities": {"symbols": [], "user_mentions": [{"id": 2303718997, "indices": [0, 12], "id_str": "2303718997", "screen_name": "joshuabruin", "name": "Bulbasaur "}, {"id": 292777349, "indices": [13, 20], "id_str": "292777349", "screen_name": "PzFeed", "name": "PzFeed Top News"}], "hashtags": [], "urls": []}, "in_reply_to_screen_name": "joshuabruin", "id_str": "544307326438895616", "retweet_count": 0, "in_reply_to_user_id": 2303718997, "favorited": false, "user": {"follow_request_sent": false, "profile_use_background_image": true, "profile_text_color": "333333", "default_profile_image": false, "id": 1925401974, "profile_background_image_url_https": "https://abs.twimg.com/images/themes/theme1/bg.png", "verified": false, "profile_location": null, "profile_image_url_https": "https://pbs.twimg.com/profile_images/537489918185205760/bM3AtFNj_normal.jpeg", "profile_sidebar_fill_color": "DDEEF6", "entities": {"description": {"urls": []}}, "followers_count": 204, "profile_sidebar_border_color": "C0DEED", "id_str": "1925401974", "profile_background_color": "C0DEED", "listed_count": 0, "is_translation_enabled": false, "utc_offset": null, "statuses_count": 13599, "description": "Member of Legit MUT Wagers PS4 ONLY                            owner of the Thabeet Community.", "friends_count": 88, "location": "", "profile_link_color": "0084B4", "profile_image_url": "http://pbs.twimg.com/profile_images/537489918185205760/bM3AtFNj_normal.jpeg", "following": false, "geo_enabled": false, "profile_background_image_url": "http://abs.twimg.com/images/themes/theme1/bg.png", "name": "Tyler", "lang": "en", "profile_background_tile": false, "favourites_count": 1060, "screen_name": "Saintsupurdome", "notifications": false, "url": null, "created_at": "Wed Oct 02 02:55:53 +0000 2013", "contributors_enabled": false, "time_zone": null, "protected": false, "default_profile": true, "is_translator": false}, "geo": null, "in_reply_to_user_id_str": "2303718997", "lang": "en", "created_at": "Mon Dec 15 01:45:54 +0000 2014", "in_reply_to_status_id_str": "544307225007640576", "place": null}
