{"contributors": null, "truncated": false, "text": "@PzFeed From 20, to 13, and now 50. What's with the changes?", "in_reply_to_status_id": 544307040932601857, "id": 544308051336232962, "favorite_count": 0, "source": "<a href=\"http://twitter.com/#!/download/ipad\" rel=\"nofollow\">Twitter for iPad</a>", "retweeted": false, "coordinates": null, "entities": {"symbols": [], "user_mentions": [{"id": 292777349, "indices": [0, 7], "id_str": "292777349", "screen_name": "PzFeed", "name": "PzFeed Top News"}], "hashtags": [], "urls": []}, "in_reply_to_screen_name": "PzFeed", "id_str": "544308051336232962", "retweet_count": 0, "in_reply_to_user_id": 292777349, "favorited": false, "user": {"follow_request_sent": false, "profile_use_background_image": true, "profile_text_color": "383838", "default_profile_image": false, "id": 142503277, "profile_background_image_url_https": "https://pbs.twimg.com/profile_background_images/445088125384028160/-aExPcOp.jpeg", "verified": false, "profile_location": null, "profile_image_url_https": "https://pbs.twimg.com/profile_images/544364166564552704/PBSa5bw3_normal.jpeg", "profile_sidebar_fill_color": "000000", "entities": {"description": {"urls": []}}, "followers_count": 446, "profile_sidebar_border_color": "000000", "id_str": "142503277", "profile_background_color": "131516", "listed_count": 12, "is_translation_enabled": false, "utc_offset": -10800, "statuses_count": 48106, "description": "Brasileira&Espa\u00f1ola", "friends_count": 294, "location": "Euskal Herria", "profile_link_color": "FF0000", "profile_image_url": "http://pbs.twimg.com/profile_images/544364166564552704/PBSa5bw3_normal.jpeg", "following": false, "geo_enabled": false, "profile_banner_url": "https://pbs.twimg.com/profile_banners/142503277/1413339283", "profile_background_image_url": "http://pbs.twimg.com/profile_background_images/445088125384028160/-aExPcOp.jpeg", "name": "Mait\u00ea", "lang": "en-gb", "profile_background_tile": true, "favourites_count": 3255, "screen_name": "NHLDevil", "notifications": false, "url": null, "created_at": "Tue May 11 01:55:00 +0000 2010", "contributors_enabled": false, "time_zone": "Santiago", "protected": false, "default_profile": false, "is_translator": false}, "geo": null, "in_reply_to_user_id_str": "292777349", "lang": "en", "created_at": "Mon Dec 15 01:48:46 +0000 2014", "in_reply_to_status_id_str": "544307040932601857", "place": null}
