{"contributors": null, "truncated": false, "text": "@MichaelLFC28 @PzFeed they don't have a clue. 13 to 50 is a big difference", "in_reply_to_status_id": 544307195115229184, "id": 544307478029434880, "favorite_count": 1, "source": "<a href=\"http://twitter.com/download/iphone\" rel=\"nofollow\">Twitter for iPhone</a>", "retweeted": false, "coordinates": null, "entities": {"symbols": [], "user_mentions": [{"id": 105098954, "indices": [0, 13], "id_str": "105098954", "screen_name": "MichaelLFC28", "name": "Michael"}, {"id": 292777349, "indices": [14, 21], "id_str": "292777349", "screen_name": "PzFeed", "name": "PzFeed Top News"}], "hashtags": [], "urls": []}, "in_reply_to_screen_name": "MichaelLFC28", "id_str": "544307478029434880", "retweet_count": 0, "in_reply_to_user_id": 105098954, "favorited": false, "user": {"follow_request_sent": false, "profile_use_background_image": true, "profile_text_color": "333333", "default_profile_image": false, "id": 1334659567, "profile_background_image_url_https": "https://abs.twimg.com/images/themes/theme6/bg.gif", "verified": false, "profile_location": null, "profile_image_url_https": "https://pbs.twimg.com/profile_images/545282070453305344/I7jShvfa_normal.jpeg", "profile_sidebar_fill_color": "A0C5C7", "entities": {"description": {"urls": []}}, "followers_count": 827, "profile_sidebar_border_color": "86A4A6", "id_str": "1334659567", "profile_background_color": "709397", "listed_count": 3, "is_translation_enabled": false, "utc_offset": 3600, "statuses_count": 6713, "description": "Besiktas, Sevilla, Porto, Rayo, Everton. Sports Punter.", "friends_count": 1895, "location": "", "profile_link_color": "FF3300", "profile_image_url": "http://pbs.twimg.com/profile_images/545282070453305344/I7jShvfa_normal.jpeg", "following": false, "geo_enabled": false, "profile_banner_url": "https://pbs.twimg.com/profile_banners/1334659567/1418770755", "profile_background_image_url": "http://abs.twimg.com/images/themes/theme6/bg.gif", "name": ".", "lang": "en", "profile_background_tile": false, "favourites_count": 5569, "screen_name": "SteOK23", "notifications": false, "url": null, "created_at": "Sun Apr 07 17:22:25 +0000 2013", "contributors_enabled": false, "time_zone": "Amsterdam", "protected": false, "default_profile": false, "is_translator": false}, "geo": null, "in_reply_to_user_id_str": "105098954", "lang": "en", "created_at": "Mon Dec 15 01:46:30 +0000 2014", "in_reply_to_status_id_str": "544307195115229184", "place": null}
