{"contributors":null,"truncated":false,"text":"@WI4Palin @PzFeed thanks!","in_reply_to_status_id":544307710272212992,"id":544308077147983873,"favorite_count":0,"source":"<a href=\"http:\/\/twitter.com\/#!\/download\/ipad\" rel=\"nofollow\">Twitter for iPad<\/a>","retweeted":false,"coordinates":null,"entities":{"symbols":[],"user_mentions":[{"id":297369350,"indices":[0,9],"id_str":"297369350","screen_name":"WI4Palin","name":"WI4Palin"},{"id":292777349,"indices":[10,17],"id_str":"292777349","screen_name":"PzFeed","name":"PzFeed Top News"}],"hashtags":[],"urls":[]},"in_reply_to_screen_name":"WI4Palin","id_str":"544308077147983873","retweet_count":1,"in_reply_to_user_id":297369350,"favorited":false,"user":{"follow_request_sent":false,"profile_use_background_image":true,"profile_text_color":"333333","default_profile_image":false,"id":2654901794,"profile_background_image_url_https":"https:\/\/abs.twimg.com\/images\/themes\/theme1\/bg.png","verified":false,"profile_location":null,"profile_image_url_https":"https:\/\/pbs.twimg.com\/profile_images\/588786980487573504\/6kSnoBcB_normal.jpg","profile_sidebar_fill_color":"DDEEF6","entities":{"url":{"urls":[{"url":"https:\/\/t.co\/rsvffcnOax","indices":[0,23],"expanded_url":"https:\/\/twitter.com\/liberata017\/status\/542525109156577280","display_url":"twitter.com\/liberata017\/st\u2026"}]},"description":{"urls":[]}},"followers_count":0,"profile_sidebar_border_color":"C0DEED","id_str":"2654901794","profile_background_color":"C0DEED","listed_count":0,"is_translation_enabled":false,"utc_offset":-18000,"statuses_count":5844,"description":"Love is my Sin ....... #BulliesSuck","friends_count":0,"location":"in Molly's Head","profile_link_color":"0084B4","profile_image_url":"http:\/\/pbs.twimg.com\/profile_images\/588786980487573504\/6kSnoBcB_normal.jpg","following":false,"geo_enabled":false,"profile_banner_url":"https:\/\/pbs.twimg.com\/profile_banners\/2654901794\/1418414726","profile_background_image_url":"http:\/\/abs.twimg.com\/images\/themes\/theme1\/bg.png","name":"HotHeaded \u02c8z\u00e4mb\u0113","lang":"en","profile_background_tile":false,"favourites_count":0,"screen_name":"Liberata017","notifications":false,"url":"https:\/\/t.co\/rsvffcnOax","created_at":"Thu Jul 17 21:03:40 +0000 2014","contributors_enabled":false,"time_zone":"Eastern Time (US & Canada)","protected":false,"default_profile":true,"is_translator":false},"geo":null,"in_reply_to_user_id_str":"297369350","lang":"en","created_at":"Mon Dec 15 01:48:53 +0000 2014","in_reply_to_status_id_str":"544307710272212992","place":null}