{"contributors":null,"truncated":false,"text":"@Liberata017  get http:\/\/t.co\/l56buQ9O1E","in_reply_to_status_id":544308077147983873,"id":544308298967953408,"favorite_count":0,"source":"<a href=\"http:\/\/twitter.com\/#!\/download\/ipad\" rel=\"nofollow\">Twitter for iPad<\/a>","retweeted":false,"coordinates":null,"entities":{"symbols":[],"user_mentions":[{"id":2654901794,"indices":[0,12],"id_str":"2654901794","screen_name":"Liberata017","name":"HotHeaded \u02c8z\u00e4mb\u0113"}],"hashtags":[],"urls":[{"url":"http:\/\/t.co\/l56buQ9O1E","indices":[18,40],"expanded_url":"http:\/\/Tweetdeck.com","display_url":"Tweetdeck.com"}]},"in_reply_to_screen_name":"Liberata017","id_str":"544308298967953408","retweet_count":0,"in_reply_to_user_id":2654901794,"favorited":false,"user":{"follow_request_sent":false,"profile_use_background_image":true,"profile_text_color":"333333","default_profile_image":false,"id":297369350,"profile_background_image_url_https":"https:\/\/pbs.twimg.com\/profile_background_images\/459074366752301056\/qjfIU1M2.jpeg","verified":false,"profile_location":null,"profile_image_url_https":"https:\/\/pbs.twimg.com\/profile_images\/583600886993268736\/4cbyg5V1_normal.jpg","profile_sidebar_fill_color":"DDEEF6","entities":{"url":{"urls":[{"url":"http:\/\/t.co\/UMJq8CNZMT","indices":[0,22],"expanded_url":"http:\/\/www.wisconsin4palin.com","display_url":"wisconsin4palin.com"}]},"description":{"urls":[]}},"followers_count":5555,"profile_sidebar_border_color":"FFFFFF","id_str":"297369350","profile_background_color":"131516","listed_count":132,"is_translation_enabled":false,"utc_offset":-21600,"statuses_count":65575,"description":"WI O4P Coordinator - Activist - Get it Done Kind of Guy, creator #WIRising hashtag. RTdoesNOT = endorsement NOW also tweeting is Stephanie Abbott","friends_count":4544,"location":"Wisconsin, USA","profile_link_color":"009999","profile_image_url":"http:\/\/pbs.twimg.com\/profile_images\/583600886993268736\/4cbyg5V1_normal.jpg","following":false,"geo_enabled":true,"profile_banner_url":"https:\/\/pbs.twimg.com\/profile_banners\/297369350\/1418009375","profile_background_image_url":"http:\/\/pbs.twimg.com\/profile_background_images\/459074366752301056\/qjfIU1M2.jpeg","name":"WI4Palin","lang":"en","profile_background_tile":true,"favourites_count":27838,"screen_name":"WI4Palin","notifications":false,"url":"http:\/\/t.co\/UMJq8CNZMT","created_at":"Thu May 12 12:04:03 +0000 2011","contributors_enabled":false,"time_zone":"Central Time (US & Canada)","protected":false,"default_profile":false,"is_translator":false},"geo":null,"in_reply_to_user_id_str":"2654901794","possibly_sensitive":false,"lang":"und","created_at":"Mon Dec 15 01:49:45 +0000 2014","in_reply_to_status_id_str":"544308077147983873","place":null}