{"contributors":null,"truncated":false,"text":"\u201c@PzFeed: BREAKING NEWS: UP TO 50 PEOPLE BEING HELD HOSTAGE IN SYDNEY. 7NEWS\u201d @DRUDGE_REPORT","in_reply_to_status_id":544307040932601857,"id":544310190368362496,"favorite_count":0,"source":"<a href=\"http:\/\/twitter.com\/download\/iphone\" rel=\"nofollow\">Twitter for iPhone<\/a>","retweeted":false,"coordinates":null,"entities":{"symbols":[],"user_mentions":[{"id":292777349,"indices":[1,8],"id_str":"292777349","screen_name":"PzFeed","name":"PzFeed Top News"},{"id":14669951,"indices":[78,92],"id_str":"14669951","screen_name":"DRUDGE_REPORT","name":"DRUDGE REPORT"}],"hashtags":[],"urls":[]},"in_reply_to_screen_name":"PzFeed","id_str":"544310190368362496","retweet_count":0,"in_reply_to_user_id":292777349,"favorited":false,"user":{"follow_request_sent":false,"profile_use_background_image":true,"profile_text_color":"333333","default_profile_image":false,"id":738723848,"profile_background_image_url_https":"https:\/\/pbs.twimg.com\/profile_background_images\/819449182\/9a90cd256cead947fe87a7c7990329cc.jpeg","verified":false,"profile_location":null,"profile_image_url_https":"https:\/\/pbs.twimg.com\/profile_images\/550104395501682688\/-sdTZOCi_normal.jpeg","profile_sidebar_fill_color":"DDEEF6","entities":{"url":{"urls":[{"url":"http:\/\/t.co\/2z9fZn4Nii","indices":[0,22],"expanded_url":"http:\/\/facebook.com\/williamsroom","display_url":"facebook.com\/williamsroom"}]},"description":{"urls":[]}},"followers_count":217,"profile_sidebar_border_color":"FFFFFF","id_str":"738723848","profile_background_color":"396AD4","listed_count":5,"is_translation_enabled":false,"utc_offset":-14400,"statuses_count":6451,"description":"The New Media; News, Sports, and Technology. #williamsroom Faith Looks Forward.","friends_count":175,"location":"\u00dcT: 35.7806\u00b0, 78.6389\u00b0 ","profile_link_color":"1D2A7A","profile_image_url":"http:\/\/pbs.twimg.com\/profile_images\/550104395501682688\/-sdTZOCi_normal.jpeg","following":false,"geo_enabled":false,"profile_banner_url":"https:\/\/pbs.twimg.com\/profile_banners\/738723848\/1411954238","profile_background_image_url":"http:\/\/pbs.twimg.com\/profile_background_images\/819449182\/9a90cd256cead947fe87a7c7990329cc.jpeg","name":"WilliamsRoom","lang":"en","profile_background_tile":false,"favourites_count":3082,"screen_name":"williamsroom","notifications":false,"url":"http:\/\/t.co\/2z9fZn4Nii","created_at":"Sun Aug 05 15:02:57 +0000 2012","contributors_enabled":false,"time_zone":"Atlantic Time (Canada)","protected":false,"default_profile":false,"is_translator":false},"geo":null,"in_reply_to_user_id_str":"292777349","lang":"en","created_at":"Mon Dec 15 01:57:16 +0000 2014","in_reply_to_status_id_str":"544307040932601857","place":null}