{"contributors":null,"truncated":false,"text":"@ctvottawa @DerianPlouffe","in_reply_to_status_id":524950899899113473,"id":524954849637847040,"favorite_count":0,"source":"<a href=\"http:\/\/twitter.com\/download\/iphone\" rel=\"nofollow\">Twitter for iPhone<\/a>","retweeted":false,"coordinates":null,"entities":{"symbols":[],"user_mentions":[{"id":21212604,"indices":[0,10],"id_str":"21212604","screen_name":"ctvottawa","name":"CTV Ottawa "},{"id":406341342,"indices":[11,25],"id_str":"406341342","screen_name":"DerianPlouffe","name":"Derian Plouffe"}],"hashtags":[],"urls":[]},"in_reply_to_screen_name":"ctvottawa","id_str":"524954849637847040","retweet_count":0,"in_reply_to_user_id":21212604,"favorited":false,"user":{"follow_request_sent":false,"profile_use_background_image":false,"default_profile_image":false,"id":989327822,"profile_background_image_url_https":"https:\/\/pbs.twimg.com\/profile_background_images\/784139247\/a67ff1519a28d2ef95fdc1fc0019a8d4.jpeg","verified":false,"profile_text_color":"333333","profile_image_url_https":"https:\/\/pbs.twimg.com\/profile_images\/559870706809602048\/0M4s7Oea_normal.jpeg","profile_sidebar_fill_color":"DDEEF6","entities":{"description":{"urls":[]}},"followers_count":139,"profile_sidebar_border_color":"000000","id_str":"989327822","profile_background_color":"E87BD8","listed_count":0,"is_translation_enabled":false,"utc_offset":-14400,"statuses_count":962,"description":"canada","friends_count":130,"location":"","profile_link_color":"D9207A","profile_image_url":"http:\/\/pbs.twimg.com\/profile_images\/559870706809602048\/0M4s7Oea_normal.jpeg","following":false,"geo_enabled":false,"profile_banner_url":"https:\/\/pbs.twimg.com\/profile_banners\/989327822\/1407806446","profile_background_image_url":"http:\/\/pbs.twimg.com\/profile_background_images\/784139247\/a67ff1519a28d2ef95fdc1fc0019a8d4.jpeg","screen_name":"erinkavanaggh","lang":"en","profile_background_tile":true,"favourites_count":1444,"name":"Erin","notifications":false,"url":null,"created_at":"Tue Dec 04 18:35:49 +0000 2012","contributors_enabled":false,"time_zone":"Eastern Time (US & Canada)","protected":false,"default_profile":false,"is_translator":false},"geo":null,"in_reply_to_user_id_str":"21212604","lang":"und","created_at":"Wed Oct 22 16:06:04 +0000 2014","in_reply_to_status_id_str":"524950899899113473","place":null}