{"contributors":null,"truncated":false,"text":"@ctvottawa cool!","in_reply_to_status_id":524950899899113473,"id":524973422682853376,"favorite_count":0,"source":"<a href=\"http:\/\/twitter.com\/download\/android\" rel=\"nofollow\">Twitter for Android<\/a>","retweeted":false,"coordinates":null,"entities":{"symbols":[],"user_mentions":[{"id":21212604,"indices":[0,10],"id_str":"21212604","screen_name":"ctvottawa","name":"CTV Ottawa "}],"hashtags":[],"urls":[]},"in_reply_to_screen_name":"ctvottawa","id_str":"524973422682853376","retweet_count":0,"in_reply_to_user_id":21212604,"favorited":false,"user":{"follow_request_sent":false,"profile_use_background_image":true,"default_profile_image":false,"id":87055066,"profile_background_image_url_https":"https:\/\/pbs.twimg.com\/profile_background_images\/647329658\/903e0p4wlg4tdsw2nxhb.jpeg","verified":false,"profile_text_color":"333333","profile_image_url_https":"https:\/\/pbs.twimg.com\/profile_images\/564704328871473152\/8L8EVn0z_normal.jpeg","profile_sidebar_fill_color":"DDEEF6","entities":{"description":{"urls":[]}},"followers_count":76,"profile_sidebar_border_color":"C0DEED","id_str":"87055066","profile_background_color":"C0DEED","listed_count":2,"is_translation_enabled":false,"utc_offset":-18000,"statuses_count":13260,"description":"Tattoos how I break the news","friends_count":135,"location":"","profile_link_color":"0084B4","profile_image_url":"http:\/\/pbs.twimg.com\/profile_images\/564704328871473152\/8L8EVn0z_normal.jpeg","following":false,"geo_enabled":false,"profile_banner_url":"https:\/\/pbs.twimg.com\/profile_banners\/87055066\/1379391781","profile_background_image_url":"http:\/\/pbs.twimg.com\/profile_background_images\/647329658\/903e0p4wlg4tdsw2nxhb.jpeg","screen_name":"Ez_mo_bee","lang":"en","profile_background_tile":true,"favourites_count":2085,"name":"Da\u044fk Sh\u03b1\u200edes\u221eE\u03b1\u200ezy \u03b5","notifications":false,"url":null,"created_at":"Mon Nov 02 23:13:58 +0000 2009","contributors_enabled":false,"time_zone":"Central Time (US & Canada)","protected":false,"default_profile":false,"is_translator":false},"geo":null,"in_reply_to_user_id_str":"21212604","lang":"en","created_at":"Wed Oct 22 17:19:52 +0000 2014","in_reply_to_status_id_str":"524950899899113473","place":null}