{"contributors":null,"truncated":false,"text":"@ctvottawa this is so scary!","in_reply_to_status_id":524950899899113473,"id":524953369719627778,"favorite_count":0,"source":"<a href=\"http:\/\/twitter.com\" rel=\"nofollow\">Twitter Web Client<\/a>","retweeted":false,"coordinates":null,"entities":{"symbols":[],"user_mentions":[{"id":21212604,"indices":[0,10],"id_str":"21212604","screen_name":"ctvottawa","name":"CTV Ottawa "}],"hashtags":[],"urls":[]},"in_reply_to_screen_name":"ctvottawa","id_str":"524953369719627778","retweet_count":0,"in_reply_to_user_id":21212604,"favorited":false,"user":{"follow_request_sent":false,"profile_use_background_image":true,"default_profile_image":false,"id":770481672,"profile_background_image_url_https":"https:\/\/pbs.twimg.com\/profile_background_images\/456594637323370496\/bRp8nWrb.png","verified":false,"profile_text_color":"333333","profile_image_url_https":"https:\/\/pbs.twimg.com\/profile_images\/545406697418661888\/BlzzG6DK_normal.jpeg","profile_sidebar_fill_color":"DDEEF6","entities":{"description":{"urls":[]}},"followers_count":98,"profile_sidebar_border_color":"FFFFFF","id_str":"770481672","profile_background_color":"7A7A7A","listed_count":3,"is_translation_enabled":false,"utc_offset":-10800,"statuses_count":2602,"description":"A Raven and a Ram","friends_count":154,"location":"","profile_link_color":"00FF00","profile_image_url":"http:\/\/pbs.twimg.com\/profile_images\/545406697418661888\/BlzzG6DK_normal.jpeg","following":false,"geo_enabled":false,"profile_banner_url":"https:\/\/pbs.twimg.com\/profile_banners\/770481672\/1397695675","profile_background_image_url":"http:\/\/pbs.twimg.com\/profile_background_images\/456594637323370496\/bRp8nWrb.png","screen_name":"cdgirard7","lang":"en","profile_background_tile":false,"favourites_count":8,"name":"chelsey","notifications":false,"url":null,"created_at":"Tue Aug 21 00:16:38 +0000 2012","contributors_enabled":false,"time_zone":"Atlantic Time (Canada)","protected":false,"default_profile":false,"is_translator":false},"geo":null,"in_reply_to_user_id_str":"21212604","lang":"en","created_at":"Wed Oct 22 16:00:11 +0000 2014","in_reply_to_status_id_str":"524950899899113473","place":null}