{"contributors": null, "truncated": false, "text": "RT @ctvottawa EXTENDED: Dramatic video of gunfire inside hallways of Parliament Hill. (The Globe and Mail) http://t.co/6wjreJMf9a \u2026", "in_reply_to_status_id": 524950899899113473, "id": 524951548460552192, "favorite_count": 2, "source": "<a href=\"http://twitter.com\" rel=\"nofollow\">Twitter Web Client</a>", "retweeted": false, "coordinates": null, "entities": {"symbols": [], "user_mentions": [{"id": 21212604, "indices": [3, 13], "id_str": "21212604", "screen_name": "ctvottawa", "name": "CTV Ottawa "}], "hashtags": [], "urls": [{"url": "http://t.co/6wjreJMf9a", "indices": [107, 129], "expanded_url": "http://www.ctvnews.ca/video?clipId=472781&playlistId=1.2065440&binId=1.810401&playlistPageNum=1&binPageNum=1", "display_url": "ctvnews.ca/video?clipId=4\u2026"}]}, "in_reply_to_screen_name": "ctvottawa", "id_str": "524951548460552192", "retweet_count": 16, "in_reply_to_user_id": 21212604, "favorited": false, "user": {"follow_request_sent": false, "profile_use_background_image": true, "default_profile_image": false, "id": 21110041, "profile_background_image_url_https": "https://pbs.twimg.com/profile_background_images/440957424212520960/gc8z0u3D.jpeg", "verified": false, "profile_text_color": "000000", "profile_image_url_https": "https://pbs.twimg.com/profile_images/440958221923012608/Gsg9RIFF_normal.png", "profile_sidebar_fill_color": "E3E3E3", "entities": {"url": {"urls": [{"url": "http://t.co/VTzStC4d3m", "indices": [0, 22], "expanded_url": "http://winnipeg.ctvnews.ca/", "display_url": "winnipeg.ctvnews.ca"}]}, "description": {"urls": []}}, "followers_count": 34578, "profile_sidebar_border_color": "FFFFFF", "id_str": "21110041", "profile_background_color": "F6F6F6", "listed_count": 629, "is_translation_enabled": false, "utc_offset": -18000, "statuses_count": 47154, "description": "The day's top news, plus your Skywatch weather forecast.", "friends_count": 80, "location": "Winnipeg, Manitoba, Canada", "profile_link_color": "CC0000", "profile_image_url": "http://pbs.twimg.com/profile_images/440958221923012608/Gsg9RIFF_normal.png", "following": false, "geo_enabled": false, "profile_banner_url": "https://pbs.twimg.com/profile_banners/21110041/1406061876", "profile_background_image_url": "http://pbs.twimg.com/profile_background_images/440957424212520960/gc8z0u3D.jpeg", "screen_name": "ctvwinnipeg", "lang": "en", "profile_background_tile": false, "favourites_count": 9, "name": "CTV Winnipeg", "notifications": false, "url": "http://t.co/VTzStC4d3m", "created_at": "Tue Feb 17 17:44:30 +0000 2009", "contributors_enabled": false, "time_zone": "Central Time (US & Canada)", "protected": false, "default_profile": false, "is_translator": false}, "geo": null, "in_reply_to_user_id_str": "21212604", "possibly_sensitive": false, "lang": "en", "created_at": "Wed Oct 22 15:52:56 +0000 2014", "in_reply_to_status_id_str": "524950899899113473", "place": null}
