{"contributors":null,"truncated":false,"text":"@ctvottawa sounds like a shotgun blast followed by officers returning fire.","in_reply_to_status_id":524950899899113473,"id":524952361601859586,"favorite_count":0,"source":"<a href=\"https:\/\/twitter.com\/download\/android\" rel=\"nofollow\">Twitter for Android Tablets<\/a>","retweeted":false,"coordinates":null,"entities":{"symbols":[],"user_mentions":[{"id":21212604,"indices":[0,10],"id_str":"21212604","screen_name":"ctvottawa","name":"CTV Ottawa "}],"hashtags":[],"urls":[]},"in_reply_to_screen_name":"ctvottawa","id_str":"524952361601859586","retweet_count":0,"in_reply_to_user_id":21212604,"favorited":false,"user":{"follow_request_sent":false,"profile_use_background_image":true,"default_profile_image":false,"id":298806649,"profile_background_image_url_https":"https:\/\/abs.twimg.com\/images\/themes\/theme1\/bg.png","verified":false,"profile_text_color":"333333","profile_image_url_https":"https:\/\/pbs.twimg.com\/profile_images\/536362544576081920\/_Za6CY7g_normal.jpeg","profile_sidebar_fill_color":"DDEEF6","entities":{"description":{"urls":[]}},"followers_count":51,"profile_sidebar_border_color":"C0DEED","id_str":"298806649","profile_background_color":"C0DEED","listed_count":0,"is_translation_enabled":false,"utc_offset":-18000,"statuses_count":1145,"description":"I sort mail and tell dick jokes.  Dicks are funny...especially mine.","friends_count":199,"location":"Ottawa","profile_link_color":"0027C2","profile_image_url":"http:\/\/pbs.twimg.com\/profile_images\/536362544576081920\/_Za6CY7g_normal.jpeg","following":false,"geo_enabled":false,"profile_banner_url":"https:\/\/pbs.twimg.com\/profile_banners\/298806649\/1414101768","profile_background_image_url":"http:\/\/abs.twimg.com\/images\/themes\/theme1\/bg.png","screen_name":"TheFunnyMailMan","lang":"en","profile_background_tile":false,"favourites_count":148,"name":"Joe King","notifications":false,"url":null,"created_at":"Sun May 15 00:01:53 +0000 2011","contributors_enabled":false,"time_zone":"Central Time (US & Canada)","protected":false,"default_profile":false,"is_translator":false},"geo":null,"in_reply_to_user_id_str":"21212604","lang":"en","created_at":"Wed Oct 22 15:56:10 +0000 2014","in_reply_to_status_id_str":"524950899899113473","place":null}