{"contributors":null,"truncated":false,"text":"@ctvottawa so proud of our parliament security police and military","in_reply_to_status_id":524950899899113473,"id":524957878768394240,"favorite_count":1,"source":"<a href=\"http:\/\/twitter.com\/download\/iphone\" rel=\"nofollow\">Twitter for iPhone<\/a>","retweeted":false,"coordinates":null,"entities":{"symbols":[],"user_mentions":[{"id":21212604,"indices":[0,10],"id_str":"21212604","screen_name":"ctvottawa","name":"CTV Ottawa "}],"hashtags":[],"urls":[]},"in_reply_to_screen_name":"ctvottawa","id_str":"524957878768394240","retweet_count":0,"in_reply_to_user_id":21212604,"favorited":false,"user":{"follow_request_sent":false,"profile_use_background_image":true,"default_profile_image":false,"id":909226608,"profile_background_image_url_https":"https:\/\/abs.twimg.com\/images\/themes\/theme1\/bg.png","verified":false,"profile_text_color":"333333","profile_image_url_https":"https:\/\/pbs.twimg.com\/profile_images\/587333359438802944\/KT0dy9ji_normal.jpg","profile_sidebar_fill_color":"DDEEF6","entities":{"description":{"urls":[]}},"followers_count":147,"profile_sidebar_border_color":"C0DEED","id_str":"909226608","profile_background_color":"C0DEED","listed_count":1,"is_translation_enabled":false,"utc_offset":null,"statuses_count":5272,"description":"Everyday I compete against myself to make a better me...","friends_count":160,"location":"","profile_link_color":"0084B4","profile_image_url":"http:\/\/pbs.twimg.com\/profile_images\/587333359438802944\/KT0dy9ji_normal.jpg","following":false,"geo_enabled":false,"profile_banner_url":"https:\/\/pbs.twimg.com\/profile_banners\/909226608\/1411762928","profile_background_image_url":"http:\/\/abs.twimg.com\/images\/themes\/theme1\/bg.png","screen_name":"boucher_lori","lang":"en","profile_background_tile":false,"favourites_count":573,"name":"WonderWomanLori","notifications":false,"url":null,"created_at":"Sun Oct 28 00:56:18 +0000 2012","contributors_enabled":false,"time_zone":null,"protected":false,"default_profile":true,"is_translator":false},"geo":null,"in_reply_to_user_id_str":"21212604","lang":"en","created_at":"Wed Oct 22 16:18:06 +0000 2014","in_reply_to_status_id_str":"524950899899113473","place":null}