{"contributors":null,"truncated":false,"text":"@htchngs yeah, thanks girl \u2764\ufe0f","in_reply_to_status_id":524966168772485120,"id":524985155858231296,"favorite_count":0,"source":"<a href=\"http:\/\/twitter.com\/download\/iphone\" rel=\"nofollow\">Twitter for iPhone<\/a>","retweeted":false,"coordinates":null,"entities":{"symbols":[],"user_mentions":[{"id":1564054608,"indices":[0,8],"id_str":"1564054608","screen_name":"htchngs","name":"lisa\u264b"}],"hashtags":[],"urls":[]},"in_reply_to_screen_name":"htchngs","id_str":"524985155858231296","retweet_count":0,"in_reply_to_user_id":1564054608,"favorited":false,"user":{"follow_request_sent":false,"profile_use_background_image":true,"default_profile_image":false,"id":49216439,"profile_background_image_url_https":"https:\/\/pbs.twimg.com\/profile_background_images\/289140037\/summer.jpg","verified":false,"profile_text_color":"333333","profile_image_url_https":"https:\/\/pbs.twimg.com\/profile_images\/588541294114373633\/t8_RehMC_normal.jpg","profile_sidebar_fill_color":"DDFFCC","entities":{"description":{"urls":[]}},"followers_count":1086,"profile_sidebar_border_color":"FFFFFF","id_str":"49216439","profile_background_color":"E69AD4","listed_count":8,"is_translation_enabled":false,"utc_offset":-18000,"statuses_count":41891,"description":"what chu want?","friends_count":480,"location":"","profile_link_color":"CC215A","profile_image_url":"http:\/\/pbs.twimg.com\/profile_images\/588541294114373633\/t8_RehMC_normal.jpg","following":false,"geo_enabled":true,"profile_banner_url":"https:\/\/pbs.twimg.com\/profile_banners\/49216439\/1403380930","profile_background_image_url":"http:\/\/pbs.twimg.com\/profile_background_images\/289140037\/summer.jpg","screen_name":"Tthaixo","lang":"en","profile_background_tile":true,"favourites_count":5565,"name":"a s i a","notifications":false,"url":null,"created_at":"Sun Jun 21 03:24:02 +0000 2009","contributors_enabled":false,"time_zone":"Quito","protected":false,"default_profile":false,"is_translator":false},"geo":null,"in_reply_to_user_id_str":"1564054608","lang":"en","created_at":"Wed Oct 22 18:06:29 +0000 2014","in_reply_to_status_id_str":"524966168772485120","place":null}