{"contributors":null,"truncated":false,"text":"\u201c@ctvottawa: Gunfire inside hallways of Parliament Hill.\u201d GIRL ARE YOU GOOD @Tthaixo","in_reply_to_status_id":524950899899113473,"id":524966168772485120,"favorite_count":0,"source":"<a href=\"http:\/\/twitter.com\/download\/iphone\" rel=\"nofollow\">Twitter for iPhone<\/a>","retweeted":false,"coordinates":null,"entities":{"symbols":[],"user_mentions":[{"id":21212604,"indices":[1,11],"id_str":"21212604","screen_name":"ctvottawa","name":"CTV Ottawa "},{"id":49216439,"indices":[76,84],"id_str":"49216439","screen_name":"Tthaixo","name":"a s i a"}],"hashtags":[],"urls":[]},"in_reply_to_screen_name":"ctvottawa","id_str":"524966168772485120","retweet_count":0,"in_reply_to_user_id":21212604,"favorited":false,"user":{"follow_request_sent":false,"profile_use_background_image":true,"default_profile_image":false,"id":1564054608,"profile_background_image_url_https":"https:\/\/pbs.twimg.com\/profile_background_images\/491078137074040832\/l4Emad80.jpeg","verified":false,"profile_text_color":"000000","profile_image_url_https":"https:\/\/pbs.twimg.com\/profile_images\/586217367341903872\/Dinam1R7_normal.jpg","profile_sidebar_fill_color":"000000","entities":{"url":{"urls":[{"url":"http:\/\/t.co\/Lbyl4B4Sdj","indices":[0,22],"expanded_url":"http:\/\/skinnedmoans.tumblr.com","display_url":"skinnedmoans.tumblr.com"}]},"description":{"urls":[]}},"followers_count":287,"profile_sidebar_border_color":"000000","id_str":"1564054608","profile_background_color":"131516","listed_count":1,"is_translation_enabled":false,"utc_offset":-10800,"statuses_count":5532,"description":"KPH \/ Raw& uncut","friends_count":389,"location":"toronto","profile_link_color":"ABB8C2","profile_image_url":"http:\/\/pbs.twimg.com\/profile_images\/586217367341903872\/Dinam1R7_normal.jpg","following":false,"geo_enabled":true,"profile_banner_url":"https:\/\/pbs.twimg.com\/profile_banners\/1564054608\/1413831829","profile_background_image_url":"http:\/\/pbs.twimg.com\/profile_background_images\/491078137074040832\/l4Emad80.jpeg","screen_name":"htchngs","lang":"en","profile_background_tile":true,"favourites_count":2321,"name":"lisa\u264b","notifications":false,"url":"http:\/\/t.co\/Lbyl4B4Sdj","created_at":"Tue Jul 02 20:46:32 +0000 2013","contributors_enabled":false,"time_zone":"Atlantic Time (Canada)","protected":false,"default_profile":false,"is_translator":false},"geo":null,"in_reply_to_user_id_str":"21212604","lang":"en","created_at":"Wed Oct 22 16:51:02 +0000 2014","in_reply_to_status_id_str":"524950899899113473","place":null}