{"contributors": null, "truncated": false, "text": "@ctvottawa @Mr_Burundi", "in_reply_to_status_id": 524950899899113473, "id": 524984876874080257, "favorite_count": 0, "source": "<a href=\"http://twitter.com/download/iphone\" rel=\"nofollow\">Twitter for iPhone</a>", "retweeted": false, "coordinates": null, "entities": {"symbols": [], "user_mentions": [{"id": 21212604, "indices": [0, 10], "id_str": "21212604", "screen_name": "ctvottawa", "name": "CTV Ottawa "}, {"id": 338950649, "indices": [11, 22], "id_str": "338950649", "screen_name": "Mr_Burundi", "name": "KRis Nsabiyumva"}], "hashtags": [], "urls": []}, "in_reply_to_screen_name": "ctvottawa", "id_str": "524984876874080257", "retweet_count": 0, "in_reply_to_user_id": 21212604, "favorited": false, "user": {"follow_request_sent": false, "profile_use_background_image": true, "default_profile_image": false, "id": 25605030, "profile_background_image_url_https": "https://abs.twimg.com/images/themes/theme14/bg.gif", "verified": false, "profile_text_color": "333333", "profile_image_url_https": "https://pbs.twimg.com/profile_images/3781055470/f74434309384dc35b463da8ffceb22d0_normal.jpeg", "profile_sidebar_fill_color": "EFEFEF", "entities": {"description": {"urls": []}}, "followers_count": 248, "profile_sidebar_border_color": "EEEEEE", "id_str": "25605030", "profile_background_color": "131516", "listed_count": 1, "is_translation_enabled": false, "utc_offset": -18000, "statuses_count": 653, "description": "Push it to the limit", "friends_count": 256, "location": "MTL", "profile_link_color": "009999", "profile_image_url": "http://pbs.twimg.com/profile_images/3781055470/f74434309384dc35b463da8ffceb22d0_normal.jpeg", "following": false, "geo_enabled": true, "profile_banner_url": "https://pbs.twimg.com/profile_banners/25605030/1391194675", "profile_background_image_url": "http://abs.twimg.com/images/themes/theme14/bg.gif", "screen_name": "KanaABX", "lang": "en", "profile_background_tile": true, "favourites_count": 23, "name": "AchilleB", "notifications": false, "url": null, "created_at": "Sat Mar 21 00:08:34 +0000 2009", "contributors_enabled": false, "time_zone": "Quito", "protected": false, "default_profile": false, "is_translator": false}, "geo": null, "in_reply_to_user_id_str": "21212604", "lang": "und", "created_at": "Wed Oct 22 18:05:23 +0000 2014", "in_reply_to_status_id_str": "524950899899113473", "place": null}
