{"contributors": null, "truncated": false, "text": "@ctvottawa two attacks on CAF personnel in two days seems like more than a coincidence.", "in_reply_to_status_id": 524950899899113473, "id": 525005502468849664, "favorite_count": 0, "source": "<a href=\"http://twitter.com/download/android\" rel=\"nofollow\">Twitter for Android</a>", "retweeted": false, "coordinates": null, "entities": {"symbols": [], "user_mentions": [{"id": 21212604, "indices": [0, 10], "id_str": "21212604", "screen_name": "ctvottawa", "name": "CTV Ottawa "}], "hashtags": [], "urls": []}, "in_reply_to_screen_name": "ctvottawa", "id_str": "525005502468849664", "retweet_count": 0, "in_reply_to_user_id": 21212604, "favorited": false, "user": {"follow_request_sent": false, "profile_use_background_image": true, "default_profile_image": true, "id": 29210505, "profile_background_image_url_https": "https://abs.twimg.com/images/themes/theme1/bg.png", "verified": false, "profile_text_color": "333333", "profile_image_url_https": "https://abs.twimg.com/sticky/default_profile_images/default_profile_2_normal.png", "profile_sidebar_fill_color": "DDEEF6", "entities": {"description": {"urls": []}}, "followers_count": 2, "profile_sidebar_border_color": "C0DEED", "id_str": "29210505", "profile_background_color": "C0DEED", "listed_count": 0, "is_translation_enabled": false, "utc_offset": -14400, "statuses_count": 124, "description": "", "friends_count": 16, "location": "", "profile_link_color": "0084B4", "profile_image_url": "http://abs.twimg.com/sticky/default_profile_images/default_profile_2_normal.png", "following": false, "geo_enabled": true, "profile_background_image_url": "http://abs.twimg.com/images/themes/theme1/bg.png", "screen_name": "gaiusoftheiulii", "lang": "en", "profile_background_tile": false, "favourites_count": 20, "name": "Peter Easton", "notifications": false, "url": null, "created_at": "Mon Apr 06 14:33:21 +0000 2009", "contributors_enabled": false, "time_zone": "Eastern Time (US & Canada)", "protected": false, "default_profile": true, "is_translator": false}, "geo": null, "in_reply_to_user_id_str": "21212604", "lang": "en", "created_at": "Wed Oct 22 19:27:20 +0000 2014", "in_reply_to_status_id_str": "524950899899113473", "place": null}
