{"contributors":null,"truncated":false,"text":"@SkyNews @CNN @RT_com @FoxNews @BBCWorld @FrenchTV_ So the French do have Helicopters! #Doux","in_reply_to_status_id":553535221828964352,"id":553539749160689664,"favorite_count":0,"source":"<a href=\"https:\/\/mobile.twitter.com\" rel=\"nofollow\">Mobile Web (M5)<\/a>","retweeted":false,"coordinates":null,"entities":{"symbols":[],"user_mentions":[{"id":7587032,"indices":[0,8],"id_str":"7587032","screen_name":"SkyNews","name":"Sky News"},{"id":759251,"indices":[9,13],"id_str":"759251","screen_name":"CNN","name":"CNN"},{"id":64643056,"indices":[14,21],"id_str":"64643056","screen_name":"RT_com","name":"RT"},{"id":1367531,"indices":[22,30],"id_str":"1367531","screen_name":"FoxNews","name":"Fox News"},{"id":742143,"indices":[31,40],"id_str":"742143","screen_name":"BBCWorld","name":"BBC News (World)"},{"id":105779515,"indices":[41,51],"id_str":"105779515","screen_name":"FrenchTV_","name":"Mickey French"}],"hashtags":[{"indices":[87,92],"text":"Doux"}],"urls":[]},"in_reply_to_screen_name":"RT_com","id_str":"553539749160689664","retweet_count":0,"in_reply_to_user_id":64643056,"favorited":false,"user":{"follow_request_sent":false,"profile_use_background_image":true,"profile_text_color":"333333","default_profile_image":false,"id":899439308,"profile_background_image_url_https":"https:\/\/abs.twimg.com\/images\/themes\/theme1\/bg.png","verified":false,"profile_location":null,"profile_image_url_https":"https:\/\/pbs.twimg.com\/profile_images\/579371679668924416\/t5PmPnut_normal.jpg","profile_sidebar_fill_color":"DDEEF6","entities":{"description":{"urls":[{"url":"http:\/\/t.co\/8MKlBuKtCX","indices":[0,22],"expanded_url":"http:\/\/afruture.blogspot.com","display_url":"afruture.blogspot.com"}]}},"followers_count":572,"profile_sidebar_border_color":"C0DEED","id_str":"899439308","profile_background_color":"C0DEED","listed_count":2,"is_translation_enabled":false,"utc_offset":0,"statuses_count":18255,"description":"http:\/\/t.co\/8MKlBuKtCX","friends_count":1620,"location":"","profile_link_color":"0084B4","profile_image_url":"http:\/\/pbs.twimg.com\/profile_images\/579371679668924416\/t5PmPnut_normal.jpg","following":false,"geo_enabled":false,"profile_banner_url":"https:\/\/pbs.twimg.com\/profile_banners\/899439308\/1408849534","profile_background_image_url":"http:\/\/abs.twimg.com\/images\/themes\/theme1\/bg.png","name":"Afruture ","lang":"en","profile_background_tile":false,"favourites_count":72,"screen_name":"Afruture","notifications":false,"url":null,"created_at":"Tue Oct 23 07:36:04 +0000 2012","contributors_enabled":false,"time_zone":"London","protected":false,"default_profile":true,"is_translator":false},"geo":null,"in_reply_to_user_id_str":"64643056","lang":"en","created_at":"Fri Jan 09 13:12:15 +0000 2015","in_reply_to_status_id_str":"553535221828964352","place":null}