{"contributors": null, "truncated": false, "text": "Plice surround kosher grocey store in eastern Paris where armed man is holding hostage http://t.co/M2GQEwppfq http://t.co/hhgGLfTZoq @RT_com", "in_reply_to_status_id": 553535221828964352, "id": 553535600977281024, "favorite_count": 0, "source": "<a href=\"http://twitter.com/download/iphone\" rel=\"nofollow\">Twitter for iPhone</a>", "retweeted": false, "coordinates": null, "entities": {"symbols": [], "user_mentions": [{"id": 64643056, "indices": [133, 140], "id_str": "64643056", "screen_name": "RT_com", "name": "RT"}], "hashtags": [], "urls": [{"url": "http://t.co/M2GQEwppfq", "indices": [87, 109], "expanded_url": "http://on.rt.com/ycbp8f", "display_url": "on.rt.com/ycbp8f"}], "media": [{"source_user_id": 64643056, "source_status_id_str": "553535221828964352", "expanded_url": "http://twitter.com/RT_com/status/553535221828964352/photo/1", "display_url": "pic.twitter.com/hhgGLfTZoq", "url": "http://t.co/hhgGLfTZoq", "media_url_https": "https://pbs.twimg.com/media/B66NWW_IUAEGGwa.png", "source_user_id_str": "64643056", "source_status_id": 553535221828964352, "id_str": "553535219480154113", "sizes": {"small": {"h": 192, "resize": "fit", "w": 340}, "large": {"h": 326, "resize": "fit", "w": 576}, "medium": {"h": 326, "resize": "fit", "w": 576}, "thumb": {"h": 150, "resize": "crop", "w": 150}}, "indices": [110, 132], "type": "photo", "id": 553535219480154113, "media_url": "http://pbs.twimg.com/media/B66NWW_IUAEGGwa.png"}]}, "in_reply_to_screen_name": "RT_com", "id_str": "553535600977281024", "retweet_count": 1, "in_reply_to_user_id": 64643056, "favorited": false, "user": {"follow_request_sent": false, "profile_use_background_image": true, "profile_text_color": "333333", "default_profile_image": false, "id": 994722061, "profile_background_image_url_https": "https://abs.twimg.com/images/themes/theme1/bg.png", "verified": false, "profile_location": null, "profile_image_url_https": "https://pbs.twimg.com/profile_images/540075834636533761/JouU2EGl_normal.jpeg", "profile_sidebar_fill_color": "DDEEF6", "entities": {"description": {"urls": []}}, "followers_count": 110, "profile_sidebar_border_color": "C0DEED", "id_str": "994722061", "profile_background_color": "C0DEED", "listed_count": 1, "is_translation_enabled": false, "utc_offset": 3600, "statuses_count": 1619, "description": "PhD candidate Psychology", "friends_count": 504, "location": "Paris & New York", "profile_link_color": "0084B4", "profile_image_url": "http://pbs.twimg.com/profile_images/540075834636533761/JouU2EGl_normal.jpeg", "following": false, "geo_enabled": false, "profile_banner_url": "https://pbs.twimg.com/profile_banners/994722061/1418070544", "profile_background_image_url": "http://abs.twimg.com/images/themes/theme1/bg.png", "name": "poyraz sahin", "lang": "fr", "profile_background_tile": false, "favourites_count": 95, "screen_name": "poyrazsahin75", "notifications": false, "url": null, "created_at": "Fri Dec 07 09:45:32 +0000 2012", "contributors_enabled": false, "time_zone": "Amsterdam", "protected": false, "default_profile": true, "is_translator": false}, "geo": null, "in_reply_to_user_id_str": "64643056", "possibly_sensitive": false, "lang": "en", "created_at": "Fri Jan 09 12:55:46 +0000 2015", "in_reply_to_status_id_str": "553535221828964352", "place": null, "extended_entities": {"media": [{"source_user_id": 64643056, "source_status_id_str": "553535221828964352", "expanded_url": "http://twitter.com/RT_com/status/553535221828964352/photo/1", "display_url": "pic.twitter.com/hhgGLfTZoq", "url": "http://t.co/hhgGLfTZoq", "media_url_https": "https://pbs.twimg.com/media/B66NWW_IUAEGGwa.png", "source_user_id_str": "64643056", "source_status_id": 553535221828964352, "id_str": "553535219480154113", "sizes": {"small": {"h": 192, "resize": "fit", "w": 340}, "large": {"h": 326, "resize": "fit", "w": 576}, "medium": {"h": 326, "resize": "fit", "w": 576}, "thumb": {"h": 150, "resize": "crop", "w": 150}}, "indices": [110, 132], "type": "photo", "id": 553535219480154113, "media_url": "http://pbs.twimg.com/media/B66NWW_IUAEGGwa.png"}]}}
