{"contributors": null, "truncated": false, "text": "@RT_com dasyatnya", "in_reply_to_status_id": 553535221828964352, "id": 553565117774700545, "favorite_count": 0, "source": "<a href=\"http://twitter.com/download/android\" rel=\"nofollow\">Twitter for Android</a>", "retweeted": false, "coordinates": null, "entities": {"symbols": [], "user_mentions": [{"id": 64643056, "indices": [0, 7], "id_str": "64643056", "screen_name": "RT_com", "name": "RT"}], "hashtags": [], "urls": []}, "in_reply_to_screen_name": "RT_com", "id_str": "553565117774700545", "retweet_count": 0, "in_reply_to_user_id": 64643056, "favorited": false, "user": {"follow_request_sent": false, "profile_use_background_image": true, "profile_text_color": "333333", "default_profile_image": false, "id": 2336626717, "profile_background_image_url_https": "https://abs.twimg.com/images/themes/theme1/bg.png", "verified": false, "profile_location": null, "profile_image_url_https": "https://pbs.twimg.com/profile_images/433752974871887872/YrtWQRLq_normal.jpeg", "profile_sidebar_fill_color": "DDEEF6", "entities": {"description": {"urls": []}}, "followers_count": 9, "profile_sidebar_border_color": "C0DEED", "id_str": "2336626717", "profile_background_color": "C0DEED", "listed_count": 0, "is_translation_enabled": false, "utc_offset": null, "statuses_count": 35, "description": "", "friends_count": 74, "location": "KUALA LUMPUR ", "profile_link_color": "0084B4", "profile_image_url": "http://pbs.twimg.com/profile_images/433752974871887872/YrtWQRLq_normal.jpeg", "following": false, "geo_enabled": true, "profile_banner_url": "https://pbs.twimg.com/profile_banners/2336626717/1392249732", "profile_background_image_url": "http://abs.twimg.com/images/themes/theme1/bg.png", "name": "Muhammad Nasruddin", "lang": "en", "profile_background_tile": false, "favourites_count": 11, "screen_name": "m_nasruddin1987", "notifications": false, "url": null, "created_at": "Mon Feb 10 12:41:48 +0000 2014", "contributors_enabled": false, "time_zone": null, "protected": false, "default_profile": true, "is_translator": false}, "geo": null, "in_reply_to_user_id_str": "64643056", "lang": "in", "created_at": "Fri Jan 09 14:53:03 +0000 2015", "in_reply_to_status_id_str": "553535221828964352", "place": null}
