{"contributors": null, "truncated": false, "text": "@RT_com So not just any store. A kosher store. That's handy for the media machine.", "in_reply_to_status_id": 553535221828964352, "id": 553536158198947842, "favorite_count": 1, "source": "<a href=\"http://twitter.com/download/android\" rel=\"nofollow\">Twitter for Android</a>", "retweeted": false, "coordinates": null, "entities": {"symbols": [], "user_mentions": [{"id": 64643056, "indices": [0, 7], "id_str": "64643056", "screen_name": "RT_com", "name": "RT"}], "hashtags": [], "urls": []}, "in_reply_to_screen_name": "RT_com", "id_str": "553536158198947842", "retweet_count": 1, "in_reply_to_user_id": 64643056, "favorited": false, "user": {"follow_request_sent": false, "profile_use_background_image": false, "profile_text_color": "000000", "default_profile_image": false, "id": 2785154331, "profile_background_image_url_https": "https://abs.twimg.com/images/themes/theme1/bg.png", "verified": false, "profile_location": null, "profile_image_url_https": "https://pbs.twimg.com/profile_images/545970785899126785/XYhprefa_normal.jpeg", "profile_sidebar_fill_color": "000000", "entities": {"url": {"urls": [{"url": "http://t.co/LxSWMZiE7Q", "indices": [0, 22], "expanded_url": "http://www.ihateolives.com", "display_url": "ihateolives.com"}]}, "description": {"urls": []}}, "followers_count": 24, "profile_sidebar_border_color": "000000", "id_str": "2785154331", "profile_background_color": "000000", "listed_count": 0, "is_translation_enabled": false, "utc_offset": 0, "statuses_count": 72, "description": "", "friends_count": 61, "location": "", "profile_link_color": "4A913C", "profile_image_url": "http://pbs.twimg.com/profile_images/545970785899126785/XYhprefa_normal.jpeg", "following": false, "geo_enabled": false, "profile_banner_url": "https://pbs.twimg.com/profile_banners/2785154331/1412324745", "profile_background_image_url": "http://abs.twimg.com/images/themes/theme1/bg.png", "name": "alex rodrigues", "lang": "en-gb", "profile_background_tile": false, "favourites_count": 12, "screen_name": "biggreenmouse", "notifications": false, "url": "http://t.co/LxSWMZiE7Q", "created_at": "Fri Sep 26 09:23:42 +0000 2014", "contributors_enabled": false, "time_zone": "London", "protected": false, "default_profile": false, "is_translator": false}, "geo": null, "in_reply_to_user_id_str": "64643056", "lang": "en", "created_at": "Fri Jan 09 12:57:58 +0000 2015", "in_reply_to_status_id_str": "553535221828964352", "place": null}
