{"contributors": null, "truncated": false, "text": "@RT_com of course and its shabbat time. Its all about oil shares", "in_reply_to_status_id": 553535221828964352, "id": 553537728181067777, "favorite_count": 0, "source": "<a href=\"https://mobile.twitter.com\" rel=\"nofollow\">Mobile Web (M5)</a>", "retweeted": false, "coordinates": null, "entities": {"symbols": [], "user_mentions": [{"id": 64643056, "indices": [0, 7], "id_str": "64643056", "screen_name": "RT_com", "name": "RT"}], "hashtags": [], "urls": []}, "in_reply_to_screen_name": "RT_com", "id_str": "553537728181067777", "retweet_count": 0, "in_reply_to_user_id": 64643056, "favorited": false, "user": {"follow_request_sent": false, "profile_use_background_image": true, "profile_text_color": "333333", "default_profile_image": false, "id": 179102510, "profile_background_image_url_https": "https://pbs.twimg.com/profile_background_images/460293851895169024/S1RAzUTe.jpeg", "verified": false, "profile_location": null, "profile_image_url_https": "https://pbs.twimg.com/profile_images/460294165847236608/PjqUWUZI_normal.jpeg", "profile_sidebar_fill_color": "DDEEF6", "entities": {"url": {"urls": [{"url": "http://t.co/Y3rlNdktLC", "indices": [0, 22], "expanded_url": "http://shamikh1.info/vb/", "display_url": "shamikh1.info/vb/"}]}, "description": {"urls": []}}, "followers_count": 77, "profile_sidebar_border_color": "FFFFFF", "id_str": "179102510", "profile_background_color": "C0DEED", "listed_count": 0, "is_translation_enabled": false, "utc_offset": -36000, "statuses_count": 922, "description": "Army carrying black flags'll  come from Khorasan to Jerusalem.", "friends_count": 368, "location": "Government's watch list", "profile_link_color": "0084B4", "profile_image_url": "http://pbs.twimg.com/profile_images/460294165847236608/PjqUWUZI_normal.jpeg", "following": false, "geo_enabled": false, "profile_background_image_url": "http://pbs.twimg.com/profile_background_images/460293851895169024/S1RAzUTe.jpeg", "name": "Zahava_ISIS", "lang": "en", "profile_background_tile": false, "favourites_count": 515, "screen_name": "zahava_isis", "notifications": false, "url": "http://t.co/Y3rlNdktLC", "created_at": "Mon Aug 16 14:24:15 +0000 2010", "contributors_enabled": false, "time_zone": "Hawaii", "protected": false, "default_profile": false, "is_translator": false}, "geo": null, "in_reply_to_user_id_str": "64643056", "lang": "en", "created_at": "Fri Jan 09 13:04:13 +0000 2015", "in_reply_to_status_id_str": "553535221828964352", "place": null}
