{"contributors": null, "truncated": false, "text": "@RT_com @paolavela https://t.co/Beehnoo6p5", "in_reply_to_status_id": 553535221828964352, "id": 553542537181290496, "favorite_count": 0, "source": "<a href=\"https://about.twitter.com/products/tweetdeck\" rel=\"nofollow\">TweetDeck</a>", "retweeted": false, "coordinates": null, "entities": {"symbols": [], "user_mentions": [{"id": 64643056, "indices": [0, 7], "id_str": "64643056", "screen_name": "RT_com", "name": "RT"}, {"id": 29598780, "indices": [8, 18], "id_str": "29598780", "screen_name": "paolavela", "name": "Paola Vela"}], "hashtags": [], "urls": [{"url": "https://t.co/Beehnoo6p5", "indices": [19, 42], "expanded_url": "https://www.youtube.com/watch?v=-N5miX0rj6I", "display_url": "youtube.com/watch?v=-N5miX\u2026"}]}, "in_reply_to_screen_name": "RT_com", "id_str": "553542537181290496", "retweet_count": 0, "in_reply_to_user_id": 64643056, "favorited": false, "user": {"follow_request_sent": false, "profile_use_background_image": true, "profile_text_color": "FF0000", "default_profile_image": false, "id": 13003922, "profile_background_image_url_https": "https://pbs.twimg.com/profile_background_images/233964464/color-smoke-3d-other.jpg", "verified": false, "profile_location": null, "profile_image_url_https": "https://pbs.twimg.com/profile_images/1487587692/284368_2314009487944_1180641814_32857133_1536430_n_normal.jpg", "profile_sidebar_fill_color": "050505", "entities": {"url": {"urls": [{"url": "http://t.co/fMNNhKhu", "indices": [0, 20], "expanded_url": "http://about.me/chrisairwolf", "display_url": "about.me/chrisairwolf"}]}, "description": {"urls": []}}, "followers_count": 1047, "profile_sidebar_border_color": "FFFFFF", "id_str": "13003922", "profile_background_color": "000000", "listed_count": 19, "is_translation_enabled": false, "utc_offset": -32400, "statuses_count": 33366, "description": "I'm chris i am from Federal way WA, In Seattle,  I'm Talent Scout, Business Promoter, Singer - SongWriter, pop culture, Journalist, Animations, Entertainer", "friends_count": 1998, "location": "federal way wa", "profile_link_color": "0000FF", "profile_image_url": "http://pbs.twimg.com/profile_images/1487587692/284368_2314009487944_1180641814_32857133_1536430_n_normal.jpg", "following": false, "geo_enabled": true, "profile_banner_url": "https://pbs.twimg.com/profile_banners/13003922/1380718614", "profile_background_image_url": "http://pbs.twimg.com/profile_background_images/233964464/color-smoke-3d-other.jpg", "name": "chrisairwolf", "lang": "en", "profile_background_tile": true, "favourites_count": 245, "screen_name": "chrisairwolf", "notifications": false, "url": "http://t.co/fMNNhKhu", "created_at": "Sun Feb 03 07:55:47 +0000 2008", "contributors_enabled": false, "time_zone": "Alaska", "protected": false, "default_profile": false, "is_translator": false}, "geo": null, "in_reply_to_user_id_str": "64643056", "possibly_sensitive": false, "lang": "und", "created_at": "Fri Jan 09 13:23:19 +0000 2015", "in_reply_to_status_id_str": "553535221828964352", "place": null}
