{"contributors": null, "truncated": false, "text": "@RT_com I think Kenya managed the situation better #Westgate killings", "in_reply_to_status_id": 553535221828964352, "id": 553557063721172992, "favorite_count": 0, "source": "<a href=\"http://www.twitter.com\" rel=\"nofollow\">Twitter for Windows Phone</a>", "retweeted": false, "coordinates": null, "entities": {"symbols": [], "user_mentions": [{"id": 64643056, "indices": [0, 7], "id_str": "64643056", "screen_name": "RT_com", "name": "RT"}], "hashtags": [{"indices": [51, 60], "text": "Westgate"}], "urls": []}, "in_reply_to_screen_name": "RT_com", "id_str": "553557063721172992", "retweet_count": 0, "in_reply_to_user_id": 64643056, "favorited": false, "user": {"follow_request_sent": false, "profile_use_background_image": true, "profile_text_color": "333333", "default_profile_image": false, "id": 578756547, "profile_background_image_url_https": "https://abs.twimg.com/images/themes/theme1/bg.png", "verified": false, "profile_location": null, "profile_image_url_https": "https://pbs.twimg.com/profile_images/553553260947070976/ozR6Em5r_normal.jpeg", "profile_sidebar_fill_color": "DDEEF6", "entities": {"description": {"urls": []}}, "followers_count": 231, "profile_sidebar_border_color": "C0DEED", "id_str": "578756547", "profile_background_color": "C0DEED", "listed_count": 0, "is_translation_enabled": false, "utc_offset": null, "statuses_count": 1161, "description": "Don't over think. Don't regret. It's a waste of time.", "friends_count": 598, "location": "", "profile_link_color": "0084B4", "profile_image_url": "http://pbs.twimg.com/profile_images/553553260947070976/ozR6Em5r_normal.jpeg", "following": false, "geo_enabled": false, "profile_banner_url": "https://pbs.twimg.com/profile_banners/578756547/1419681414", "profile_background_image_url": "http://abs.twimg.com/images/themes/theme1/bg.png", "name": "Shelvin", "lang": "en", "profile_background_tile": false, "favourites_count": 135, "screen_name": "ShelvinAshimosi", "notifications": false, "url": null, "created_at": "Sun May 13 05:24:59 +0000 2012", "contributors_enabled": false, "time_zone": null, "protected": false, "default_profile": true, "is_translator": false}, "geo": null, "in_reply_to_user_id_str": "64643056", "lang": "en", "created_at": "Fri Jan 09 14:21:03 +0000 2015", "in_reply_to_status_id_str": "553535221828964352", "place": null}
