{"contributors": null, "truncated": false, "text": "*sigh* smh @RT_com MORE: Police surround kosher grocery store in eastern Paris where armed man is holding hostage http://t.co/rLBPCKYJiZ", "in_reply_to_status_id": 553535221828964352, "id": 553536054485979137, "favorite_count": 0, "source": "<a href=\"http://twitter.com\" rel=\"nofollow\">Twitter Web Client</a>", "retweeted": false, "coordinates": null, "entities": {"symbols": [], "user_mentions": [{"id": 64643056, "indices": [11, 18], "id_str": "64643056", "screen_name": "RT_com", "name": "RT"}], "hashtags": [], "urls": [{"url": "http://t.co/rLBPCKYJiZ", "indices": [114, 136], "expanded_url": "http://on.rt.com/ycbp8f", "display_url": "on.rt.com/ycbp8f"}]}, "in_reply_to_screen_name": "RT_com", "id_str": "553536054485979137", "retweet_count": 0, "in_reply_to_user_id": 64643056, "favorited": false, "user": {"follow_request_sent": false, "profile_use_background_image": true, "profile_text_color": "333333", "default_profile_image": false, "id": 484570092, "profile_background_image_url_https": "https://abs.twimg.com/images/themes/theme17/bg.gif", "verified": false, "profile_location": null, "profile_image_url_https": "https://pbs.twimg.com/profile_images/515742299397971969/p0Xf_CgN_normal.jpeg", "profile_sidebar_fill_color": "E6F6F9", "entities": {"description": {"urls": []}}, "followers_count": 85, "profile_sidebar_border_color": "DBE9ED", "id_str": "484570092", "profile_background_color": "DBE9ED", "listed_count": 2, "is_translation_enabled": false, "utc_offset": -18000, "statuses_count": 3005, "description": "I do this for my culture. RT \u2260 endorsement", "friends_count": 180, "location": "", "profile_link_color": "CC3366", "profile_image_url": "http://pbs.twimg.com/profile_images/515742299397971969/p0Xf_CgN_normal.jpeg", "following": false, "geo_enabled": false, "profile_banner_url": "https://pbs.twimg.com/profile_banners/484570092/1411798186", "profile_background_image_url": "http://abs.twimg.com/images/themes/theme17/bg.gif", "name": "Colisha Harris", "lang": "en", "profile_background_tile": false, "favourites_count": 1288, "screen_name": "sweet_coloosh", "notifications": false, "url": null, "created_at": "Mon Feb 06 07:58:54 +0000 2012", "contributors_enabled": false, "time_zone": "Eastern Time (US & Canada)", "protected": false, "default_profile": false, "is_translator": false}, "geo": null, "in_reply_to_user_id_str": "64643056", "possibly_sensitive": false, "lang": "en", "created_at": "Fri Jan 09 12:57:34 +0000 2015", "in_reply_to_status_id_str": "553535221828964352", "place": null}
