{"contributors": null, "truncated": false, "text": "@valeriehahn you\u2019re doing an awesome job", "in_reply_to_status_id": 499456913902284800, "id": 499460503950090240, "favorite_count": 0, "source": "<a href=\"http://www.hootsuite.com\" rel=\"nofollow\">Hootsuite</a>", "retweeted": false, "coordinates": null, "entities": {"symbols": [], "user_mentions": [{"id": 16936858, "indices": [0, 12], "id_str": "16936858", "screen_name": "valeriehahn", "name": "Valerie Schremp Hahn"}], "hashtags": [], "urls": []}, "in_reply_to_screen_name": "valeriehahn", "id_str": "499460503950090240", "retweet_count": 0, "in_reply_to_user_id": 16936858, "favorited": false, "user": {"follow_request_sent": false, "profile_use_background_image": true, "default_profile_image": false, "id": 56125732, "profile_background_image_url_https": "https://abs.twimg.com/images/themes/theme7/bg.gif", "verified": false, "profile_text_color": "333333", "profile_image_url_https": "https://pbs.twimg.com/profile_images/422452365/Canyonlands___CO_River_205a_normal.jpg", "profile_sidebar_fill_color": "F3F3F3", "entities": {"description": {"urls": []}}, "followers_count": 520, "profile_sidebar_border_color": "DFDFDF", "id_str": "56125732", "profile_background_color": "EBEBEB", "listed_count": 36, "is_translation_enabled": false, "utc_offset": -18000, "statuses_count": 2305, "description": "Stimulated by passions...Career. Family. My children. Media. Tech. My Weimies. Civic progress. History. Hometown sports. Faith. Music. Weather. Fresh air.", "friends_count": 397, "location": "St. Louis, MO, USA", "profile_link_color": "990000", "profile_image_url": "http://pbs.twimg.com/profile_images/422452365/Canyonlands___CO_River_205a_normal.jpg", "following": false, "geo_enabled": false, "profile_background_image_url": "http://abs.twimg.com/images/themes/theme7/bg.gif", "screen_name": "kerberpr", "lang": "en", "profile_background_tile": false, "favourites_count": 43, "name": "C Kerber Spellman", "notifications": false, "url": null, "created_at": "Sun Jul 12 16:17:31 +0000 2009", "contributors_enabled": false, "time_zone": "Central Time (US & Canada)", "protected": false, "default_profile": false, "is_translator": false}, "geo": null, "in_reply_to_user_id_str": "16936858", "lang": "en", "created_at": "Wed Aug 13 07:40:38 +0000 2014", "in_reply_to_status_id_str": "499456913902284800", "place": null}
