{"contributors": null, "truncated": false, "text": "@valeriehahn  if they would stay home and quit the chaos for fun, they would not get hurt. Now it will be the cops fault. smh", "in_reply_to_status_id": 499456913902284800, "id": 499458644954456064, "favorite_count": 0, "source": "<a href=\"http://twitter.com\" rel=\"nofollow\">Twitter Web Client</a>", "retweeted": false, "coordinates": null, "entities": {"symbols": [], "user_mentions": [{"id": 16936858, "indices": [0, 12], "id_str": "16936858", "screen_name": "valeriehahn", "name": "Valerie Schremp Hahn"}], "hashtags": [], "urls": []}, "in_reply_to_screen_name": "valeriehahn", "id_str": "499458644954456064", "retweet_count": 0, "in_reply_to_user_id": 16936858, "favorited": false, "user": {"follow_request_sent": false, "profile_use_background_image": true, "default_profile_image": false, "id": 911686213, "profile_background_image_url_https": "https://pbs.twimg.com/profile_background_images/844824370/9514e338801ee972cbb2d134d70305e6.jpeg", "verified": false, "profile_text_color": "333333", "profile_image_url_https": "https://pbs.twimg.com/profile_images/499440477859360768/vrFJWLYs_normal.jpeg", "profile_sidebar_fill_color": "DDEEF6", "entities": {"description": {"urls": []}}, "followers_count": 291, "profile_sidebar_border_color": "FFFFFF", "id_str": "911686213", "profile_background_color": "E9F2F0", "listed_count": 1, "is_translation_enabled": false, "utc_offset": -18000, "statuses_count": 4710, "description": "I follow bloggers and love saving money!", "friends_count": 2001, "location": "USA", "profile_link_color": "060A08", "profile_image_url": "http://pbs.twimg.com/profile_images/499440477859360768/vrFJWLYs_normal.jpeg", "following": false, "geo_enabled": false, "profile_banner_url": "https://pbs.twimg.com/profile_banners/911686213/1366127089", "profile_background_image_url": "http://pbs.twimg.com/profile_background_images/844824370/9514e338801ee972cbb2d134d70305e6.jpeg", "screen_name": "iamlivin4god", "lang": "en", "profile_background_tile": true, "favourites_count": 52, "name": "ibjenn", "notifications": false, "url": null, "created_at": "Mon Oct 29 03:46:01 +0000 2012", "contributors_enabled": false, "time_zone": "Central Time (US & Canada)", "protected": false, "default_profile": false, "is_translator": false}, "geo": null, "in_reply_to_user_id_str": "16936858", "lang": "en", "created_at": "Wed Aug 13 07:33:15 +0000 2014", "in_reply_to_status_id_str": "499456913902284800", "place": null}
