{"contributors": null, "truncated": false, "text": "\u201c@valeriehahn: It was a St. Louis County police officer who shot this man, according to PIO Brian Schellman. #ferguson\u201d another one shot :/", "in_reply_to_status_id": 499456913902284800, "id": 499457548135960576, "favorite_count": 1, "source": "<a href=\"http://twitter.com/download/iphone\" rel=\"nofollow\">Twitter for iPhone</a>", "retweeted": false, "coordinates": null, "entities": {"symbols": [], "user_mentions": [{"id": 16936858, "indices": [1, 13], "id_str": "16936858", "screen_name": "valeriehahn", "name": "Valerie Schremp Hahn"}], "hashtags": [{"indices": [109, 118], "text": "ferguson"}], "urls": []}, "in_reply_to_screen_name": "valeriehahn", "id_str": "499457548135960576", "retweet_count": 0, "in_reply_to_user_id": 16936858, "favorited": false, "user": {"follow_request_sent": false, "profile_use_background_image": true, "default_profile_image": false, "id": 73670444, "profile_background_image_url_https": "https://abs.twimg.com/images/themes/theme9/bg.gif", "verified": false, "profile_text_color": "666666", "profile_image_url_https": "https://pbs.twimg.com/profile_images/432380426263330817/5Ur9rUgA_normal.jpeg", "profile_sidebar_fill_color": "252429", "entities": {"description": {"urls": []}}, "followers_count": 290, "profile_sidebar_border_color": "181A1E", "id_str": "73670444", "profile_background_color": "1A1B1F", "listed_count": 2, "is_translation_enabled": false, "utc_offset": -21600, "statuses_count": 18462, "description": "Links/RT's are not endorsements nor my opinion.", "friends_count": 237, "location": "", "profile_link_color": "2FC2EF", "profile_image_url": "http://pbs.twimg.com/profile_images/432380426263330817/5Ur9rUgA_normal.jpeg", "following": false, "geo_enabled": true, "profile_banner_url": "https://pbs.twimg.com/profile_banners/73670444/1409032943", "profile_background_image_url": "http://abs.twimg.com/images/themes/theme9/bg.gif", "screen_name": "noahkutchin", "lang": "en", "profile_background_tile": false, "favourites_count": 530, "name": "\u05e0\u05d7", "notifications": false, "url": null, "created_at": "Sat Sep 12 15:54:24 +0000 2009", "contributors_enabled": false, "time_zone": "Mountain Time (US & Canada)", "protected": false, "default_profile": false, "is_translator": false}, "geo": null, "in_reply_to_user_id_str": "16936858", "lang": "en", "created_at": "Wed Aug 13 07:28:53 +0000 2014", "in_reply_to_status_id_str": "499456913902284800", "place": null}
