{"contributors": null, "truncated": false, "text": "@valeriehahn Surprise. :(", "in_reply_to_status_id": 499456913902284800, "id": 499458220285788160, "favorite_count": 0, "source": "<a href=\"http://twitter.com/download/android\" rel=\"nofollow\">Twitter for Android</a>", "retweeted": false, "coordinates": null, "entities": {"symbols": [], "user_mentions": [{"id": 16936858, "indices": [0, 12], "id_str": "16936858", "screen_name": "valeriehahn", "name": "Valerie Schremp Hahn"}], "hashtags": [], "urls": []}, "in_reply_to_screen_name": "valeriehahn", "id_str": "499458220285788160", "retweet_count": 0, "in_reply_to_user_id": 16936858, "favorited": false, "user": {"follow_request_sent": false, "profile_use_background_image": true, "default_profile_image": false, "id": 2741515180, "profile_background_image_url_https": "https://abs.twimg.com/images/themes/theme1/bg.png", "verified": false, "profile_text_color": "333333", "profile_image_url_https": "https://pbs.twimg.com/profile_images/499806694000844800/l9TZJ9Nq_normal.jpeg", "profile_sidebar_fill_color": "DDEEF6", "entities": {"description": {"urls": []}}, "followers_count": 5, "profile_sidebar_border_color": "C0DEED", "id_str": "2741515180", "profile_background_color": "C0DEED", "listed_count": 0, "is_translation_enabled": false, "utc_offset": null, "statuses_count": 201, "description": "I'm a Mom, make jewelry, love music, love cooking and love my amazing little man. :)", "friends_count": 33, "location": "", "profile_link_color": "0084B4", "profile_image_url": "http://pbs.twimg.com/profile_images/499806694000844800/l9TZJ9Nq_normal.jpeg", "following": false, "geo_enabled": false, "profile_banner_url": "https://pbs.twimg.com/profile_banners/2741515180/1407998175", "profile_background_image_url": "http://abs.twimg.com/images/themes/theme1/bg.png", "screen_name": "amberpwnzurface", "lang": "en", "profile_background_tile": false, "favourites_count": 283, "name": "Amber Ficquette", "notifications": false, "url": null, "created_at": "Wed Aug 13 05:45:11 +0000 2014", "contributors_enabled": false, "time_zone": null, "protected": false, "default_profile": true, "is_translator": false}, "geo": null, "in_reply_to_user_id_str": "16936858", "lang": "en", "created_at": "Wed Aug 13 07:31:33 +0000 2014", "in_reply_to_status_id_str": "499456913902284800", "place": null}
