{"contributors": null, "truncated": false, "text": "@iamlivin4god @valeriehahn yes \"they\" should really take advantage of their first amendment right to stay at home in fear of being shot", "in_reply_to_status_id": 499458644954456064, "id": 499522831647264769, "favorite_count": 3, "source": "<a href=\"http://twitter.com/download/iphone\" rel=\"nofollow\">Twitter for iPhone</a>", "retweeted": false, "coordinates": null, "entities": {"symbols": [], "user_mentions": [{"id": 911686213, "indices": [0, 13], "id_str": "911686213", "screen_name": "iamlivin4god", "name": "ibjenn"}, {"id": 16936858, "indices": [14, 26], "id_str": "16936858", "screen_name": "valeriehahn", "name": "Valerie Schremp Hahn"}], "hashtags": [], "urls": []}, "in_reply_to_screen_name": "iamlivin4god", "id_str": "499522831647264769", "retweet_count": 0, "in_reply_to_user_id": 911686213, "favorited": false, "user": {"follow_request_sent": false, "profile_use_background_image": true, "default_profile_image": false, "id": 326233503, "profile_background_image_url_https": "https://abs.twimg.com/images/themes/theme1/bg.png", "verified": false, "profile_text_color": "333333", "profile_image_url_https": "https://pbs.twimg.com/profile_images/378800000718960873/fd2a7430e5a8c6d723a296526e12d70d_normal.jpeg", "profile_sidebar_fill_color": "DDEEF6", "entities": {"description": {"urls": []}}, "followers_count": 63, "profile_sidebar_border_color": "C0DEED", "id_str": "326233503", "profile_background_color": "C0DEED", "listed_count": 0, "is_translation_enabled": false, "utc_offset": null, "statuses_count": 426, "description": "", "friends_count": 376, "location": "", "profile_link_color": "0084B4", "profile_image_url": "http://pbs.twimg.com/profile_images/378800000718960873/fd2a7430e5a8c6d723a296526e12d70d_normal.jpeg", "following": false, "geo_enabled": false, "profile_background_image_url": "http://abs.twimg.com/images/themes/theme1/bg.png", "screen_name": "adamjventura", "lang": "en", "profile_background_tile": false, "favourites_count": 22, "name": "Adam Ventura", "notifications": false, "url": null, "created_at": "Wed Jun 29 16:03:03 +0000 2011", "contributors_enabled": false, "time_zone": null, "protected": false, "default_profile": true, "is_translator": false}, "geo": null, "in_reply_to_user_id_str": "911686213", "lang": "en", "created_at": "Wed Aug 13 11:48:18 +0000 2014", "in_reply_to_status_id_str": "499458644954456064", "place": null}
