{"contributors":null,"truncated":false,"text":"@rui_xu @flavius217 They can't tie the two together cause they are separate issues. Releasing at different times puts distance between them.","in_reply_to_status_id":500310883684208640,"id":500313920301588480,"favorite_count":0,"source":"<a href=\"http:\/\/twitter.com\/download\/iphone\" rel=\"nofollow\">Twitter for iPhone<\/a>","retweeted":false,"coordinates":{"type":"Point","coordinates":[-90.77041633,38.75788895]},"entities":{"symbols":[],"user_mentions":[{"id":61799665,"indices":[0,7],"id_str":"61799665","screen_name":"rui_xu","name":"Rui Xu"},{"id":59042511,"indices":[8,19],"id_str":"59042511","screen_name":"flavius217","name":"Jeff"}],"hashtags":[],"urls":[]},"in_reply_to_screen_name":"rui_xu","id_str":"500313920301588480","retweet_count":0,"in_reply_to_user_id":61799665,"favorited":false,"user":{"follow_request_sent":false,"profile_use_background_image":true,"default_profile_image":false,"id":260250983,"profile_background_image_url_https":"https:\/\/abs.twimg.com\/images\/themes\/theme1\/bg.png","verified":false,"profile_text_color":"333333","profile_image_url_https":"https:\/\/pbs.twimg.com\/profile_images\/588034043729596417\/oKYAixRX_normal.jpg","profile_sidebar_fill_color":"DDEEF6","entities":{"description":{"urls":[]}},"followers_count":41,"profile_sidebar_border_color":"C0DEED","id_str":"260250983","profile_background_color":"C0DEED","listed_count":0,"is_translation_enabled":false,"utc_offset":-14400,"statuses_count":2630,"description":"","friends_count":150,"location":"Foristell Mo","profile_link_color":"0084B4","profile_image_url":"http:\/\/pbs.twimg.com\/profile_images\/588034043729596417\/oKYAixRX_normal.jpg","following":false,"geo_enabled":true,"profile_background_image_url":"http:\/\/abs.twimg.com\/images\/themes\/theme1\/bg.png","screen_name":"jlpauk","lang":"en","profile_background_tile":false,"favourites_count":29,"name":"Jonathan Pauk","notifications":false,"url":null,"created_at":"Thu Mar 03 14:17:19 +0000 2011","contributors_enabled":false,"time_zone":"Eastern Time (US & Canada)","protected":false,"default_profile":true,"is_translator":false},"geo":{"type":"Point","coordinates":[38.75788895,-90.77041633]},"in_reply_to_user_id_str":"61799665","lang":"en","created_at":"Fri Aug 15 16:11:48 +0000 2014","in_reply_to_status_id_str":"500310883684208640","place":{"full_name":"Lake St Louis, MO","url":"https:\/\/api.twitter.com\/1.1\/geo\/id\/49d90677d36d121f.json","country":"United States","place_type":"city","bounding_box":{"type":"Polygon","coordinates":[[[-90.827471,38.740475],[-90.745133,38.740475],[-90.745133,38.818803],[-90.827471,38.818803]]]},"contained_within":[],"country_code":"US","attributes":{},"id":"49d90677d36d121f","name":"Lake St Louis"}}