{"contributors":null,"truncated":false,"text":"@rui_xu @jlpauk @flavius217 What case? It's totally cool to shoot unarmed people suspected of a crime!","in_reply_to_status_id":500310883684208640,"id":500311506676756480,"favorite_count":1,"source":"<a href=\"https:\/\/about.twitter.com\/products\/tweetdeck\" rel=\"nofollow\">TweetDeck<\/a>","retweeted":false,"coordinates":null,"entities":{"symbols":[],"user_mentions":[{"id":61799665,"indices":[0,7],"id_str":"61799665","screen_name":"rui_xu","name":"Rui Xu"},{"id":260250983,"indices":[8,15],"id_str":"260250983","screen_name":"jlpauk","name":"Jonathan Pauk"},{"id":59042511,"indices":[16,27],"id_str":"59042511","screen_name":"flavius217","name":"Jeff"}],"hashtags":[],"urls":[]},"in_reply_to_screen_name":"rui_xu","id_str":"500311506676756480","retweet_count":0,"in_reply_to_user_id":61799665,"favorited":false,"user":{"follow_request_sent":false,"profile_use_background_image":true,"default_profile_image":false,"id":11394252,"profile_background_image_url_https":"https:\/\/pbs.twimg.com\/profile_background_images\/378800000181184747\/kSZ99s8j.jpeg","verified":false,"profile_text_color":"333333","profile_image_url_https":"https:\/\/pbs.twimg.com\/profile_images\/520779786881601536\/zyvncj3t_normal.jpeg","profile_sidebar_fill_color":"DDFFCC","entities":{"description":{"urls":[]}},"followers_count":371,"profile_sidebar_border_color":"FFFFFF","id_str":"11394252","profile_background_color":"1B6B6F","listed_count":26,"is_translation_enabled":false,"utc_offset":-18000,"statuses_count":39798,"description":"Classic underachiever.","friends_count":528,"location":"St. Louis","profile_link_color":"79C47D","profile_image_url":"http:\/\/pbs.twimg.com\/profile_images\/520779786881601536\/zyvncj3t_normal.jpeg","following":false,"geo_enabled":false,"profile_banner_url":"https:\/\/pbs.twimg.com\/profile_banners\/11394252\/1403585948","profile_background_image_url":"http:\/\/pbs.twimg.com\/profile_background_images\/378800000181184747\/kSZ99s8j.jpeg","screen_name":"spants","lang":"en","profile_background_tile":true,"favourites_count":25843,"name":"spants","notifications":false,"url":null,"created_at":"Fri Dec 21 04:07:58 +0000 2007","contributors_enabled":false,"time_zone":"Central Time (US & Canada)","protected":false,"default_profile":false,"is_translator":false},"geo":null,"in_reply_to_user_id_str":"61799665","lang":"en","created_at":"Fri Aug 15 16:02:13 +0000 2014","in_reply_to_status_id_str":"500310883684208640","place":null}