{"contributors":null,"truncated":false,"text":"@jlpauk @flavius217 They are releasing irrelevant info that doesn't affect the case of Michael Brown's shooting","in_reply_to_status_id":500310256598011904,"id":500310883684208640,"favorite_count":1,"source":"<a href=\"http:\/\/itunes.apple.com\/us\/app\/twitter\/id409789998?mt=12\" rel=\"nofollow\">Twitter for Mac<\/a>","retweeted":false,"coordinates":null,"entities":{"symbols":[],"user_mentions":[{"id":260250983,"indices":[0,7],"id_str":"260250983","screen_name":"jlpauk","name":"Jonathan Pauk"},{"id":59042511,"indices":[8,19],"id_str":"59042511","screen_name":"flavius217","name":"Jeff"}],"hashtags":[],"urls":[]},"in_reply_to_screen_name":"jlpauk","id_str":"500310883684208640","retweet_count":0,"in_reply_to_user_id":260250983,"favorited":false,"user":{"follow_request_sent":false,"profile_use_background_image":true,"default_profile_image":false,"id":61799665,"profile_background_image_url_https":"https:\/\/abs.twimg.com\/images\/themes\/theme15\/bg.png","verified":false,"profile_text_color":"333333","profile_image_url_https":"https:\/\/pbs.twimg.com\/profile_images\/527905684021465089\/gg8rUxq3_normal.jpeg","profile_sidebar_fill_color":"C0DFEC","entities":{"description":{"urls":[]}},"followers_count":1087,"profile_sidebar_border_color":"A8C7F7","id_str":"61799665","profile_background_color":"022330","listed_count":59,"is_translation_enabled":false,"utc_offset":-18000,"statuses_count":28795,"description":"Why are there pancakes in the silverware drawer?","friends_count":485,"location":"Kansas City, MO","profile_link_color":"0084B4","profile_image_url":"http:\/\/pbs.twimg.com\/profile_images\/527905684021465089\/gg8rUxq3_normal.jpeg","following":false,"geo_enabled":false,"profile_banner_url":"https:\/\/pbs.twimg.com\/profile_banners\/61799665\/1387310102","profile_background_image_url":"http:\/\/abs.twimg.com\/images\/themes\/theme15\/bg.png","screen_name":"rui_xu","lang":"en","profile_background_tile":false,"favourites_count":1732,"name":"Rui Xu","notifications":false,"url":null,"created_at":"Fri Jul 31 15:46:54 +0000 2009","contributors_enabled":false,"time_zone":"Central Time (US & Canada)","protected":false,"default_profile":false,"is_translator":false},"geo":null,"in_reply_to_user_id_str":"260250983","lang":"en","created_at":"Fri Aug 15 15:59:44 +0000 2014","in_reply_to_status_id_str":"500310256598011904","place":null}