{"contributors": null, "truncated": false, "text": "@flavius217 At least they are thorough.  @GenXMedia", "in_reply_to_status_id": 500307001629745152, "id": 500309015981989888, "favorite_count": 1, "source": "<a href=\"http://twitter.com\" rel=\"nofollow\">Twitter Web Client</a>", "retweeted": false, "coordinates": null, "entities": {"symbols": [], "user_mentions": [{"id": 59042511, "indices": [0, 11], "id_str": "59042511", "screen_name": "flavius217", "name": "Jeff"}, {"id": 512718393, "indices": [41, 51], "id_str": "512718393", "screen_name": "GenXMedia", "name": "."}], "hashtags": [], "urls": []}, "in_reply_to_screen_name": "flavius217", "id_str": "500309015981989888", "retweet_count": 0, "in_reply_to_user_id": 59042511, "favorited": false, "user": {"follow_request_sent": false, "profile_use_background_image": true, "default_profile_image": false, "id": 2364330254, "profile_background_image_url_https": "https://abs.twimg.com/images/themes/theme9/bg.gif", "verified": false, "profile_text_color": "666666", "profile_image_url_https": "https://pbs.twimg.com/profile_images/439065627580309504/xsTsBVuB_normal.jpeg", "profile_sidebar_fill_color": "252429", "entities": {"description": {"urls": []}}, "followers_count": 49, "profile_sidebar_border_color": "181A1E", "id_str": "2364330254", "profile_background_color": "1A1B1F", "listed_count": 3, "is_translation_enabled": false, "utc_offset": null, "statuses_count": 3235, "description": "My paradigm is shifty.", "friends_count": 103, "location": "", "profile_link_color": "040312", "profile_image_url": "http://pbs.twimg.com/profile_images/439065627580309504/xsTsBVuB_normal.jpeg", "following": false, "geo_enabled": false, "profile_banner_url": "https://pbs.twimg.com/profile_banners/2364330254/1398454169", "profile_background_image_url": "http://abs.twimg.com/images/themes/theme9/bg.gif", "screen_name": "Albino_Strings", "lang": "en", "profile_background_tile": false, "favourites_count": 85, "name": "Albino Strings", "notifications": false, "url": null, "created_at": "Thu Feb 27 15:31:56 +0000 2014", "contributors_enabled": false, "time_zone": null, "protected": false, "default_profile": false, "is_translator": false}, "geo": null, "in_reply_to_user_id_str": "59042511", "lang": "en", "created_at": "Fri Aug 15 15:52:19 +0000 2014", "in_reply_to_status_id_str": "500307001629745152", "place": null}
