{"contributors":null,"truncated":false,"text":"\u201c@flavius217: It appears that #Ferguson PD are trying to assassinate Mike Brown's character after literally assassinating Mike Brown.\u201d","in_reply_to_status_id":500307001629745152,"id":500315576460668929,"favorite_count":0,"source":"<a href=\"http:\/\/twitter.com\/download\/iphone\" rel=\"nofollow\">Twitter for iPhone<\/a>","retweeted":false,"coordinates":null,"entities":{"symbols":[],"user_mentions":[{"id":59042511,"indices":[1,12],"id_str":"59042511","screen_name":"flavius217","name":"Jeff"}],"hashtags":[{"indices":[30,39],"text":"Ferguson"}],"urls":[]},"in_reply_to_screen_name":"flavius217","id_str":"500315576460668929","retweet_count":0,"in_reply_to_user_id":59042511,"favorited":false,"user":{"follow_request_sent":false,"profile_use_background_image":true,"default_profile_image":false,"id":102177639,"profile_background_image_url_https":"https:\/\/pbs.twimg.com\/profile_background_images\/532290446\/gold-water.jpg","verified":false,"profile_text_color":"0A0101","profile_image_url_https":"https:\/\/pbs.twimg.com\/profile_images\/535657643495653376\/YB-oy4fF_normal.jpeg","profile_sidebar_fill_color":"F5EBEB","entities":{"url":{"urls":[{"url":"http:\/\/t.co\/4WX84gMfiJ","indices":[0,22],"expanded_url":"http:\/\/jadillaphotography.tumblr.com","display_url":"jadillaphotography.tumblr.com"}]},"description":{"urls":[]}},"followers_count":559,"profile_sidebar_border_color":"F20909","id_str":"102177639","profile_background_color":"0F0202","listed_count":0,"is_translation_enabled":false,"utc_offset":-28800,"statuses_count":18973,"description":"#TPH Follow my bestest friend @galiblaaahd Photographer for Creative Revolution Union IG: Jadillaa RIP Andy #DRO Avin","friends_count":488,"location":"I stays in the Nutty ","profile_link_color":"FA141F","profile_image_url":"http:\/\/pbs.twimg.com\/profile_images\/535657643495653376\/YB-oy4fF_normal.jpeg","following":false,"geo_enabled":false,"profile_banner_url":"https:\/\/pbs.twimg.com\/profile_banners\/102177639\/1353685233","profile_background_image_url":"http:\/\/pbs.twimg.com\/profile_background_images\/532290446\/gold-water.jpg","screen_name":"Jadeezzyy","lang":"en","profile_background_tile":true,"favourites_count":1732,"name":"JADILLA","notifications":false,"url":"http:\/\/t.co\/4WX84gMfiJ","created_at":"Tue Jan 05 21:59:27 +0000 2010","contributors_enabled":false,"time_zone":"Alaska","protected":false,"default_profile":false,"is_translator":false},"geo":null,"in_reply_to_user_id_str":"59042511","lang":"en","created_at":"Fri Aug 15 16:18:23 +0000 2014","in_reply_to_status_id_str":"500307001629745152","place":null}