{"contributors":null,"truncated":false,"text":"\u201c@flavius217: It appears that #Ferguson PD are trying to assassinate Mike Brown's character after literally assassinating Mike Brown.\u201d","in_reply_to_status_id":500307001629745152,"id":500319577268842496,"favorite_count":0,"source":"<a href=\"http:\/\/twitter.com\/download\/iphone\" rel=\"nofollow\">Twitter for iPhone<\/a>","retweeted":false,"coordinates":null,"entities":{"symbols":[],"user_mentions":[{"id":59042511,"indices":[1,12],"id_str":"59042511","screen_name":"flavius217","name":"Jeff"}],"hashtags":[{"indices":[30,39],"text":"Ferguson"}],"urls":[]},"in_reply_to_screen_name":"flavius217","id_str":"500319577268842496","retweet_count":2,"in_reply_to_user_id":59042511,"favorited":false,"user":{"follow_request_sent":false,"profile_use_background_image":true,"default_profile_image":false,"id":31058898,"profile_background_image_url_https":"https:\/\/pbs.twimg.com\/profile_background_images\/378800000055529926\/cc58aa458c1a09497d8cd51e301a1636.jpeg","verified":false,"profile_text_color":"3C3940","profile_image_url_https":"https:\/\/pbs.twimg.com\/profile_images\/587376497213759490\/JFYVFOz0_normal.jpg","profile_sidebar_fill_color":"95E8EC","entities":{"url":{"urls":[{"url":"http:\/\/t.co\/PLDOpERLz5","indices":[0,22],"expanded_url":"http:\/\/she-wantsthevic.tumblr.com","display_url":"she-wantsthevic.tumblr.com"}]},"description":{"urls":[]}},"followers_count":1854,"profile_sidebar_border_color":"FFFFFF","id_str":"31058898","profile_background_color":"0099B9","listed_count":29,"is_translation_enabled":false,"utc_offset":-14400,"statuses_count":58332,"description":"Are you not entertained? Is this not why you are here? Correcting spelling mistakes 1 tweet at a time. IG: @SheWantsTheVic #NaijaBoy #IgboBoy #BrokePhiBroke","friends_count":914,"location":"where the free food is","profile_link_color":"0099B9","profile_image_url":"http:\/\/pbs.twimg.com\/profile_images\/587376497213759490\/JFYVFOz0_normal.jpg","following":false,"geo_enabled":true,"profile_banner_url":"https:\/\/pbs.twimg.com\/profile_banners\/31058898\/1409497241","profile_background_image_url":"http:\/\/pbs.twimg.com\/profile_background_images\/378800000055529926\/cc58aa458c1a09497d8cd51e301a1636.jpeg","screen_name":"SheWantsTheVic","lang":"en","profile_background_tile":true,"favourites_count":12577,"name":"6'7 Igwe","notifications":false,"url":"http:\/\/t.co\/PLDOpERLz5","created_at":"Tue Apr 14 04:37:01 +0000 2009","contributors_enabled":false,"time_zone":"Eastern Time (US & Canada)","protected":false,"default_profile":false,"is_translator":false},"geo":null,"in_reply_to_user_id_str":"59042511","lang":"en","created_at":"Fri Aug 15 16:34:17 +0000 2014","in_reply_to_status_id_str":"500307001629745152","place":null}