{"contributors":null,"truncated":false,"text":"@Tom_sveb @spants @rui_xu @flavius217 Right there you just admired they are all bad witnesses if they have distrusts in cops.","in_reply_to_status_id":500383616283975680,"id":500385684285190144,"favorite_count":0,"source":"<a href=\"http:\/\/twitter.com\/download\/iphone\" rel=\"nofollow\">Twitter for iPhone<\/a>","retweeted":false,"coordinates":{"type":"Point","coordinates":[-90.80387543,38.76365253]},"entities":{"symbols":[],"user_mentions":[{"id":1605248876,"indices":[0,9],"id_str":"1605248876","screen_name":"Tom_sveb","name":"Tom_sveb"},{"id":11394252,"indices":[10,17],"id_str":"11394252","screen_name":"spants","name":"spants"},{"id":61799665,"indices":[18,25],"id_str":"61799665","screen_name":"rui_xu","name":"Rui Xu"},{"id":59042511,"indices":[26,37],"id_str":"59042511","screen_name":"flavius217","name":"Jeff"}],"hashtags":[],"urls":[]},"in_reply_to_screen_name":"Tom_sveb","id_str":"500385684285190144","retweet_count":0,"in_reply_to_user_id":1605248876,"favorited":false,"user":{"follow_request_sent":false,"profile_use_background_image":true,"default_profile_image":false,"id":260250983,"profile_background_image_url_https":"https:\/\/abs.twimg.com\/images\/themes\/theme1\/bg.png","verified":false,"profile_text_color":"333333","profile_image_url_https":"https:\/\/pbs.twimg.com\/profile_images\/588034043729596417\/oKYAixRX_normal.jpg","profile_sidebar_fill_color":"DDEEF6","entities":{"description":{"urls":[]}},"followers_count":41,"profile_sidebar_border_color":"C0DEED","id_str":"260250983","profile_background_color":"C0DEED","listed_count":0,"is_translation_enabled":false,"utc_offset":-14400,"statuses_count":2630,"description":"","friends_count":150,"location":"Foristell Mo","profile_link_color":"0084B4","profile_image_url":"http:\/\/pbs.twimg.com\/profile_images\/588034043729596417\/oKYAixRX_normal.jpg","following":false,"geo_enabled":true,"profile_background_image_url":"http:\/\/abs.twimg.com\/images\/themes\/theme1\/bg.png","screen_name":"jlpauk","lang":"en","profile_background_tile":false,"favourites_count":29,"name":"Jonathan Pauk","notifications":false,"url":null,"created_at":"Thu Mar 03 14:17:19 +0000 2011","contributors_enabled":false,"time_zone":"Eastern Time (US & Canada)","protected":false,"default_profile":true,"is_translator":false},"geo":{"type":"Point","coordinates":[38.76365253,-90.80387543]},"in_reply_to_user_id_str":"1605248876","lang":"en","created_at":"Fri Aug 15 20:56:58 +0000 2014","in_reply_to_status_id_str":"500383616283975680","place":{"full_name":"Lake St Louis, MO","url":"https:\/\/api.twitter.com\/1.1\/geo\/id\/49d90677d36d121f.json","country":"United States","place_type":"city","bounding_box":{"type":"Polygon","coordinates":[[[-90.827471,38.740475],[-90.745133,38.740475],[-90.745133,38.818803],[-90.827471,38.818803]]]},"contained_within":[],"country_code":"US","attributes":{},"id":"49d90677d36d121f","name":"Lake St Louis"}}