{"contributors": null, "truncated": false, "text": "@flavius217 Agree. Not worth the bullets whatsoever.", "in_reply_to_status_id": 500320369056948224, "id": 500320602520293376, "favorite_count": 0, "source": "<a href=\"http://twitter.com\" rel=\"nofollow\">Twitter Web Client</a>", "retweeted": false, "coordinates": null, "entities": {"symbols": [], "user_mentions": [{"id": 59042511, "indices": [0, 11], "id_str": "59042511", "screen_name": "flavius217", "name": "Jeff"}], "hashtags": [], "urls": []}, "in_reply_to_screen_name": "flavius217", "id_str": "500320602520293376", "retweet_count": 0, "in_reply_to_user_id": 59042511, "favorited": false, "user": {"follow_request_sent": false, "profile_use_background_image": true, "default_profile_image": false, "id": 15114615, "profile_background_image_url_https": "https://abs.twimg.com/images/themes/theme1/bg.png", "verified": false, "profile_text_color": "333333", "profile_image_url_https": "https://pbs.twimg.com/profile_images/489279232673996800/-Y6URLNH_normal.jpeg", "profile_sidebar_fill_color": "DDEEF6", "entities": {"url": {"urls": [{"url": "http://t.co/QCdAczX0KU", "indices": [0, 22], "expanded_url": "http://www.dissuade.org", "display_url": "dissuade.org"}]}, "description": {"urls": []}}, "followers_count": 203, "profile_sidebar_border_color": "C0DEED", "id_str": "15114615", "profile_background_color": "C0DEED", "listed_count": 17, "is_translation_enabled": false, "utc_offset": -14400, "statuses_count": 8115, "description": "Daughter of a Veteran, Milspouse, Student of Political Science, and occasional blogger.", "friends_count": 191, "location": "Illinois and Tennessee", "profile_link_color": "0084B4", "profile_image_url": "http://pbs.twimg.com/profile_images/489279232673996800/-Y6URLNH_normal.jpeg", "following": false, "geo_enabled": false, "profile_banner_url": "https://pbs.twimg.com/profile_banners/15114615/1407907309", "profile_background_image_url": "http://abs.twimg.com/images/themes/theme1/bg.png", "screen_name": "dissuade", "lang": "en", "profile_background_tile": false, "favourites_count": 291, "name": "Allie Carnes", "notifications": false, "url": "http://t.co/QCdAczX0KU", "created_at": "Sat Jun 14 05:18:54 +0000 2008", "contributors_enabled": false, "time_zone": "Eastern Time (US & Canada)", "protected": false, "default_profile": false, "is_translator": false}, "geo": null, "in_reply_to_user_id_str": "59042511", "lang": "en", "created_at": "Fri Aug 15 16:38:21 +0000 2014", "in_reply_to_status_id_str": "500320369056948224", "place": null}
