{"contributors":null,"truncated":false,"text":"@Tom_sveb @jlpauk @rui_xu @flavius217 LOL","in_reply_to_status_id":500384718496747520,"id":500384895319818240,"favorite_count":0,"source":"<a href=\"https:\/\/about.twitter.com\/products\/tweetdeck\" rel=\"nofollow\">TweetDeck<\/a>","retweeted":false,"coordinates":null,"entities":{"symbols":[],"user_mentions":[{"id":1605248876,"indices":[0,9],"id_str":"1605248876","screen_name":"Tom_sveb","name":"Tom_sveb"},{"id":260250983,"indices":[10,17],"id_str":"260250983","screen_name":"jlpauk","name":"Jonathan Pauk"},{"id":61799665,"indices":[18,25],"id_str":"61799665","screen_name":"rui_xu","name":"Rui Xu"},{"id":59042511,"indices":[26,37],"id_str":"59042511","screen_name":"flavius217","name":"Jeff"}],"hashtags":[],"urls":[]},"in_reply_to_screen_name":"Tom_sveb","id_str":"500384895319818240","retweet_count":0,"in_reply_to_user_id":1605248876,"favorited":false,"user":{"follow_request_sent":false,"profile_use_background_image":true,"default_profile_image":false,"id":11394252,"profile_background_image_url_https":"https:\/\/pbs.twimg.com\/profile_background_images\/378800000181184747\/kSZ99s8j.jpeg","verified":false,"profile_text_color":"333333","profile_image_url_https":"https:\/\/pbs.twimg.com\/profile_images\/520779786881601536\/zyvncj3t_normal.jpeg","profile_sidebar_fill_color":"DDFFCC","entities":{"description":{"urls":[]}},"followers_count":371,"profile_sidebar_border_color":"FFFFFF","id_str":"11394252","profile_background_color":"1B6B6F","listed_count":26,"is_translation_enabled":false,"utc_offset":-18000,"statuses_count":39796,"description":"Classic underachiever.","friends_count":528,"location":"St. Louis","profile_link_color":"79C47D","profile_image_url":"http:\/\/pbs.twimg.com\/profile_images\/520779786881601536\/zyvncj3t_normal.jpeg","following":false,"geo_enabled":false,"profile_banner_url":"https:\/\/pbs.twimg.com\/profile_banners\/11394252\/1403585948","profile_background_image_url":"http:\/\/pbs.twimg.com\/profile_background_images\/378800000181184747\/kSZ99s8j.jpeg","screen_name":"spants","lang":"en","profile_background_tile":true,"favourites_count":25844,"name":"spants","notifications":false,"url":null,"created_at":"Fri Dec 21 04:07:58 +0000 2007","contributors_enabled":false,"time_zone":"Central Time (US & Canada)","protected":false,"default_profile":false,"is_translator":false},"geo":null,"in_reply_to_user_id_str":"1605248876","lang":"und","created_at":"Fri Aug 15 20:53:50 +0000 2014","in_reply_to_status_id_str":"500384718496747520","place":null}