{"contributors": null, "truncated": false, "text": "@flavius217 this turned out to be a very popular tweet", "in_reply_to_status_id": 500307001629745152, "id": 500385894134992896, "favorite_count": 0, "source": "<a href=\"http://twitter.com/download/android\" rel=\"nofollow\">Twitter for Android</a>", "retweeted": false, "coordinates": null, "entities": {"symbols": [], "user_mentions": [{"id": 59042511, "indices": [0, 11], "id_str": "59042511", "screen_name": "flavius217", "name": "Jeff"}], "hashtags": [], "urls": []}, "in_reply_to_screen_name": "flavius217", "id_str": "500385894134992896", "retweet_count": 0, "in_reply_to_user_id": 59042511, "favorited": false, "user": {"follow_request_sent": false, "profile_use_background_image": false, "default_profile_image": false, "id": 206468364, "profile_background_image_url_https": "https://pbs.twimg.com/profile_background_images/288895876/grill.jpg", "verified": false, "profile_text_color": "333333", "profile_image_url_https": "https://pbs.twimg.com/profile_images/1975622445/trooper_normal.jpg", "profile_sidebar_fill_color": "BCC2C1", "entities": {"description": {"urls": []}}, "followers_count": 182, "profile_sidebar_border_color": "FFFFFF", "id_str": "206468364", "profile_background_color": "9AE4E8", "listed_count": 17, "is_translation_enabled": false, "utc_offset": -18000, "statuses_count": 12964, "description": "you can't 'cause I'm already dead", "friends_count": 125, "location": "", "profile_link_color": "0084B4", "profile_image_url": "http://pbs.twimg.com/profile_images/1975622445/trooper_normal.jpg", "following": false, "geo_enabled": false, "profile_banner_url": "https://pbs.twimg.com/profile_banners/206468364/1399694203", "profile_background_image_url": "http://pbs.twimg.com/profile_background_images/288895876/grill.jpg", "screen_name": "FortClank", "lang": "en", "profile_background_tile": false, "favourites_count": 2528, "name": "clank", "notifications": false, "url": null, "created_at": "Sat Oct 23 01:12:43 +0000 2010", "contributors_enabled": false, "time_zone": "Central Time (US & Canada)", "protected": false, "default_profile": false, "is_translator": false}, "geo": null, "in_reply_to_user_id_str": "59042511", "lang": "en", "created_at": "Fri Aug 15 20:57:48 +0000 2014", "in_reply_to_status_id_str": "500307001629745152", "place": null}
