{"contributors":null,"truncated":false,"text":"@flavius217 @spants @Tom_sveb @rui_xu I don't understand the double standard of wanting all the info about the cop but Brown's past is safe.","in_reply_to_status_id":500319116776198144,"id":500320630156189697,"favorite_count":0,"source":"<a href=\"http:\/\/twitter.com\/download\/iphone\" rel=\"nofollow\">Twitter for iPhone<\/a>","retweeted":false,"coordinates":{"type":"Point","coordinates":[-90.76775417,38.75864275]},"entities":{"symbols":[],"user_mentions":[{"id":59042511,"indices":[0,11],"id_str":"59042511","screen_name":"flavius217","name":"Jeff"},{"id":11394252,"indices":[12,19],"id_str":"11394252","screen_name":"spants","name":"spants"},{"id":1605248876,"indices":[20,29],"id_str":"1605248876","screen_name":"Tom_sveb","name":"Tom_sveb"},{"id":61799665,"indices":[30,37],"id_str":"61799665","screen_name":"rui_xu","name":"Rui Xu"}],"hashtags":[],"urls":[]},"in_reply_to_screen_name":"flavius217","id_str":"500320630156189697","retweet_count":0,"in_reply_to_user_id":59042511,"favorited":false,"user":{"follow_request_sent":false,"profile_use_background_image":true,"default_profile_image":false,"id":260250983,"profile_background_image_url_https":"https:\/\/abs.twimg.com\/images\/themes\/theme1\/bg.png","verified":false,"profile_text_color":"333333","profile_image_url_https":"https:\/\/pbs.twimg.com\/profile_images\/588034043729596417\/oKYAixRX_normal.jpg","profile_sidebar_fill_color":"DDEEF6","entities":{"description":{"urls":[]}},"followers_count":41,"profile_sidebar_border_color":"C0DEED","id_str":"260250983","profile_background_color":"C0DEED","listed_count":0,"is_translation_enabled":false,"utc_offset":-14400,"statuses_count":2630,"description":"","friends_count":150,"location":"Foristell Mo","profile_link_color":"0084B4","profile_image_url":"http:\/\/pbs.twimg.com\/profile_images\/588034043729596417\/oKYAixRX_normal.jpg","following":false,"geo_enabled":true,"profile_background_image_url":"http:\/\/abs.twimg.com\/images\/themes\/theme1\/bg.png","screen_name":"jlpauk","lang":"en","profile_background_tile":false,"favourites_count":29,"name":"Jonathan Pauk","notifications":false,"url":null,"created_at":"Thu Mar 03 14:17:19 +0000 2011","contributors_enabled":false,"time_zone":"Eastern Time (US & Canada)","protected":false,"default_profile":true,"is_translator":false},"geo":{"type":"Point","coordinates":[38.75864275,-90.76775417]},"in_reply_to_user_id_str":"59042511","lang":"en","created_at":"Fri Aug 15 16:38:28 +0000 2014","in_reply_to_status_id_str":"500319116776198144","place":{"full_name":"Lake St Louis, MO","url":"https:\/\/api.twitter.com\/1.1\/geo\/id\/49d90677d36d121f.json","country":"United States","place_type":"city","bounding_box":{"type":"Polygon","coordinates":[[[-90.827471,38.740475],[-90.745133,38.740475],[-90.745133,38.818803],[-90.827471,38.818803]]]},"contained_within":[],"country_code":"US","attributes":{},"id":"49d90677d36d121f","name":"Lake St Louis"}}