{"contributors":null,"truncated":false,"text":"@jlpauk @spants per chief belmar: \"a shot was fired inside the car, and Brown was eventually shot about 35 feet away from the vehicle.\"","in_reply_to_status_id":500404864443105280,"id":500405555282726912,"favorite_count":0,"source":"<a href=\"http:\/\/twitter.com\/download\/iphone\" rel=\"nofollow\">Twitter for iPhone<\/a>","retweeted":false,"coordinates":null,"entities":{"symbols":[],"user_mentions":[{"id":260250983,"indices":[0,7],"id_str":"260250983","screen_name":"jlpauk","name":"Jonathan Pauk"},{"id":11394252,"indices":[8,15],"id_str":"11394252","screen_name":"spants","name":"spants"}],"hashtags":[],"urls":[]},"in_reply_to_screen_name":"jlpauk","id_str":"500405555282726912","retweet_count":0,"in_reply_to_user_id":260250983,"favorited":false,"user":{"follow_request_sent":false,"profile_use_background_image":true,"default_profile_image":false,"id":1605248876,"profile_background_image_url_https":"https:\/\/abs.twimg.com\/images\/themes\/theme1\/bg.png","verified":false,"profile_text_color":"333333","profile_image_url_https":"https:\/\/pbs.twimg.com\/profile_images\/518905378130919424\/f42zE7A3_normal.jpeg","profile_sidebar_fill_color":"DDEEF6","entities":{"description":{"urls":[]}},"followers_count":151,"profile_sidebar_border_color":"C0DEED","id_str":"1605248876","profile_background_color":"C0DEED","listed_count":6,"is_translation_enabled":false,"utc_offset":null,"statuses_count":3315,"description":"They said, there's too much caffeine in your bloodstream and a lack of real spice in your life.","friends_count":204,"location":"","profile_link_color":"0084B4","profile_image_url":"http:\/\/pbs.twimg.com\/profile_images\/518905378130919424\/f42zE7A3_normal.jpeg","following":false,"geo_enabled":false,"profile_background_image_url":"http:\/\/abs.twimg.com\/images\/themes\/theme1\/bg.png","screen_name":"Tom_sveb","lang":"en","profile_background_tile":false,"favourites_count":15561,"name":"Tom_sveb","notifications":false,"url":null,"created_at":"Fri Jul 19 06:26:08 +0000 2013","contributors_enabled":false,"time_zone":null,"protected":false,"default_profile":true,"is_translator":false},"geo":null,"in_reply_to_user_id_str":"260250983","lang":"en","created_at":"Fri Aug 15 22:15:56 +0000 2014","in_reply_to_status_id_str":"500404864443105280","place":null}