{"contributors":null,"truncated":false,"text":"@Tom_sveb @flavius217 I blocked him, so you can leave me off the tweets. I won't see them, gives you more characters.","in_reply_to_status_id":500405661864566784,"id":500405868244910081,"favorite_count":0,"source":"<a href=\"http:\/\/twitter.com\/download\/android\" rel=\"nofollow\">Twitter for Android<\/a>","retweeted":false,"coordinates":null,"entities":{"symbols":[],"user_mentions":[{"id":1605248876,"indices":[0,9],"id_str":"1605248876","screen_name":"Tom_sveb","name":"Tom_sveb"},{"id":59042511,"indices":[10,21],"id_str":"59042511","screen_name":"flavius217","name":"Jeff"}],"hashtags":[],"urls":[]},"in_reply_to_screen_name":"Tom_sveb","id_str":"500405868244910081","retweet_count":0,"in_reply_to_user_id":1605248876,"favorited":false,"user":{"follow_request_sent":false,"profile_use_background_image":true,"default_profile_image":false,"id":11394252,"profile_background_image_url_https":"https:\/\/pbs.twimg.com\/profile_background_images\/378800000181184747\/kSZ99s8j.jpeg","verified":false,"profile_text_color":"333333","profile_image_url_https":"https:\/\/pbs.twimg.com\/profile_images\/520779786881601536\/zyvncj3t_normal.jpeg","profile_sidebar_fill_color":"DDFFCC","entities":{"description":{"urls":[]}},"followers_count":371,"profile_sidebar_border_color":"FFFFFF","id_str":"11394252","profile_background_color":"1B6B6F","listed_count":26,"is_translation_enabled":false,"utc_offset":-18000,"statuses_count":39796,"description":"Classic underachiever.","friends_count":528,"location":"St. Louis","profile_link_color":"79C47D","profile_image_url":"http:\/\/pbs.twimg.com\/profile_images\/520779786881601536\/zyvncj3t_normal.jpeg","following":false,"geo_enabled":false,"profile_banner_url":"https:\/\/pbs.twimg.com\/profile_banners\/11394252\/1403585948","profile_background_image_url":"http:\/\/pbs.twimg.com\/profile_background_images\/378800000181184747\/kSZ99s8j.jpeg","screen_name":"spants","lang":"en","profile_background_tile":true,"favourites_count":25844,"name":"spants","notifications":false,"url":null,"created_at":"Fri Dec 21 04:07:58 +0000 2007","contributors_enabled":false,"time_zone":"Central Time (US & Canada)","protected":false,"default_profile":false,"is_translator":false},"geo":null,"in_reply_to_user_id_str":"1605248876","lang":"en","created_at":"Fri Aug 15 22:17:10 +0000 2014","in_reply_to_status_id_str":"500405661864566784","place":null}