{"contributors":null,"truncated":false,"text":"@Tom_sveb An open mind waits for all the facts then decides. An empty one makes a decision before the investigation is over.","in_reply_to_status_id":500407281486663680,"id":500415239163101184,"favorite_count":0,"source":"<a href=\"http:\/\/twitter.com\/download\/iphone\" rel=\"nofollow\">Twitter for iPhone<\/a>","retweeted":false,"coordinates":{"type":"Point","coordinates":[-90.76622791,38.76799292]},"entities":{"symbols":[],"user_mentions":[{"id":1605248876,"indices":[0,9],"id_str":"1605248876","screen_name":"Tom_sveb","name":"Tom_sveb"}],"hashtags":[],"urls":[]},"in_reply_to_screen_name":"Tom_sveb","id_str":"500415239163101184","retweet_count":0,"in_reply_to_user_id":1605248876,"favorited":false,"user":{"follow_request_sent":false,"profile_use_background_image":true,"default_profile_image":false,"id":260250983,"profile_background_image_url_https":"https:\/\/abs.twimg.com\/images\/themes\/theme1\/bg.png","verified":false,"profile_text_color":"333333","profile_image_url_https":"https:\/\/pbs.twimg.com\/profile_images\/588034043729596417\/oKYAixRX_normal.jpg","profile_sidebar_fill_color":"DDEEF6","entities":{"description":{"urls":[]}},"followers_count":41,"profile_sidebar_border_color":"C0DEED","id_str":"260250983","profile_background_color":"C0DEED","listed_count":0,"is_translation_enabled":false,"utc_offset":-14400,"statuses_count":2630,"description":"","friends_count":150,"location":"Foristell Mo","profile_link_color":"0084B4","profile_image_url":"http:\/\/pbs.twimg.com\/profile_images\/588034043729596417\/oKYAixRX_normal.jpg","following":false,"geo_enabled":true,"profile_background_image_url":"http:\/\/abs.twimg.com\/images\/themes\/theme1\/bg.png","screen_name":"jlpauk","lang":"en","profile_background_tile":false,"favourites_count":29,"name":"Jonathan Pauk","notifications":false,"url":null,"created_at":"Thu Mar 03 14:17:19 +0000 2011","contributors_enabled":false,"time_zone":"Eastern Time (US & Canada)","protected":false,"default_profile":true,"is_translator":false},"geo":{"type":"Point","coordinates":[38.76799292,-90.76622791]},"in_reply_to_user_id_str":"1605248876","lang":"en","created_at":"Fri Aug 15 22:54:24 +0000 2014","in_reply_to_status_id_str":"500407281486663680","place":{"full_name":"Dardenne Prairie, MO","url":"https:\/\/api.twitter.com\/1.1\/geo\/id\/a1593d049825e2b7.json","country":"United States","place_type":"city","bounding_box":{"type":"Polygon","coordinates":[[[-90.770058,38.721075],[-90.699865,38.721075],[-90.699865,38.784815],[-90.770058,38.784815]]]},"contained_within":[],"country_code":"US","attributes":{},"id":"a1593d049825e2b7","name":"Dardenne Prairie"}}