{"contributors": null, "truncated": false, "text": "\u201c@theScore: NHL postpones Maple Leafs-Senators game after tragic shootings in Ottawa. http://t.co/6Ueku1gcee http://t.co/vTPB3TecxY\u201d", "in_reply_to_status_id": 524976773671292928, "id": 524991837279625216, "favorite_count": 0, "source": "<a href=\"http://twitter.com/download/iphone\" rel=\"nofollow\">Twitter for iPhone</a>", "retweeted": false, "coordinates": null, "entities": {"symbols": [], "user_mentions": [{"id": 15256225, "indices": [1, 10], "id_str": "15256225", "screen_name": "theScore", "name": "theScore"}], "hashtags": [], "urls": [{"url": "http://t.co/6Ueku1gcee", "indices": [86, 108], "expanded_url": "http://thesco.re/1s8PxMZ", "display_url": "thesco.re/1s8PxMZ"}], "media": [{"source_status_id_str": "524976773671292928", "expanded_url": "http://twitter.com/theScore/status/524976773671292928/photo/1", "display_url": "pic.twitter.com/vTPB3TecxY", "url": "http://t.co/vTPB3TecxY", "media_url_https": "https://pbs.twimg.com/media/B0kXl-lCAAAtTs_.jpg", "source_status_id": 524976773671292928, "id_str": "524976772786290688", "sizes": {"small": {"h": 170, "resize": "fit", "w": 340}, "large": {"h": 512, "resize": "fit", "w": 1024}, "medium": {"h": 300, "resize": "fit", "w": 600}, "thumb": {"h": 150, "resize": "crop", "w": 150}}, "indices": [109, 131], "type": "photo", "id": 524976772786290688, "media_url": "http://pbs.twimg.com/media/B0kXl-lCAAAtTs_.jpg"}]}, "in_reply_to_screen_name": "theScore", "id_str": "524991837279625216", "retweet_count": 0, "in_reply_to_user_id": 15256225, "favorited": false, "user": {"follow_request_sent": false, "profile_use_background_image": true, "default_profile_image": false, "id": 304591849, "profile_background_image_url_https": "https://pbs.twimg.com/profile_background_images/704569318/64ca0839c6524baaad806b7b27d2e7dd.jpeg", "verified": false, "profile_text_color": "000000", "profile_image_url_https": "https://pbs.twimg.com/profile_images/522190310152347648/z5UvKNyS_normal.jpeg", "profile_sidebar_fill_color": "616161", "entities": {"description": {"urls": []}}, "followers_count": 503, "profile_sidebar_border_color": "000000", "id_str": "304591849", "profile_background_color": "000000", "listed_count": 0, "is_translation_enabled": false, "utc_offset": -18000, "statuses_count": 42792, "description": "1997", "friends_count": 379, "location": "Brampton", "profile_link_color": "B6B6B9", "profile_image_url": "http://pbs.twimg.com/profile_images/522190310152347648/z5UvKNyS_normal.jpeg", "following": false, "geo_enabled": true, "profile_banner_url": "https://pbs.twimg.com/profile_banners/304591849/1385871752", "profile_background_image_url": "http://pbs.twimg.com/profile_background_images/704569318/64ca0839c6524baaad806b7b27d2e7dd.jpeg", "screen_name": "Dhindsa_97", "lang": "en", "profile_background_tile": true, "favourites_count": 8111, "name": ".", "notifications": false, "url": null, "created_at": "Tue May 24 19:37:07 +0000 2011", "contributors_enabled": false, "time_zone": "Quito", "protected": false, "default_profile": false, "is_translator": false}, "geo": null, "in_reply_to_user_id_str": "15256225", "possibly_sensitive": false, "lang": "en", "created_at": "Wed Oct 22 18:33:02 +0000 2014", "in_reply_to_status_id_str": "524976773671292928", "place": null, "extended_entities": {"media": [{"source_status_id_str": "524976773671292928", "expanded_url": "http://twitter.com/theScore/status/524976773671292928/photo/1", "display_url": "pic.twitter.com/vTPB3TecxY", "url": "http://t.co/vTPB3TecxY", "media_url_https": "https://pbs.twimg.com/media/B0kXl-lCAAAtTs_.jpg", "source_status_id": 524976773671292928, "id_str": "524976772786290688", "sizes": {"small": {"h": 170, "resize": "fit", "w": 340}, "large": {"h": 512, "resize": "fit", "w": 1024}, "medium": {"h": 300, "resize": "fit", "w": 600}, "thumb": {"h": 150, "resize": "crop", "w": 150}}, "indices": [109, 131], "type": "photo", "id": 524976772786290688, "media_url": "http://pbs.twimg.com/media/B0kXl-lCAAAtTs_.jpg"}]}}
