{"contributors":null,"truncated":false,"text":"@RoniDubrovich @theScore woohoo !","in_reply_to_status_id":524977013153857537,"id":524977162714370049,"favorite_count":0,"source":"<a href=\"http:\/\/twitter.com\/download\/iphone\" rel=\"nofollow\">Twitter for iPhone<\/a>","retweeted":false,"coordinates":null,"entities":{"symbols":[],"user_mentions":[{"id":397627266,"indices":[0,14],"id_str":"397627266","screen_name":"RoniDubrovich","name":"Roni "},{"id":15256225,"indices":[15,24],"id_str":"15256225","screen_name":"theScore","name":"theScore"}],"hashtags":[],"urls":[]},"in_reply_to_screen_name":"RoniDubrovich","id_str":"524977162714370049","retweet_count":0,"in_reply_to_user_id":397627266,"favorited":false,"user":{"follow_request_sent":false,"profile_use_background_image":true,"default_profile_image":false,"id":76830968,"profile_background_image_url_https":"https:\/\/pbs.twimg.com\/profile_background_images\/667925541\/ead8a57526f8d1bd08f645d531daa769.jpeg","verified":false,"profile_text_color":"333333","profile_image_url_https":"https:\/\/pbs.twimg.com\/profile_images\/586006332928630786\/Z2xDrXeG_normal.jpg","profile_sidebar_fill_color":"DDEEF6","entities":{"url":{"urls":[{"url":"http:\/\/t.co\/XXlbaXbmzx","indices":[0,22],"expanded_url":"http:\/\/www.facebook.com\/mikey.astrug","display_url":"facebook.com\/mikey.astrug"}]},"description":{"urls":[]}},"followers_count":272,"profile_sidebar_border_color":"FFFFFF","id_str":"76830968","profile_background_color":"C0DEED","listed_count":3,"is_translation_enabled":false,"utc_offset":-18000,"statuses_count":13450,"description":"Boob watcher since '96. TGOD. Toronto. #Scorpio \u264f ;) Instagram: astrug93","friends_count":317,"location":"","profile_link_color":"0084B4","profile_image_url":"http:\/\/pbs.twimg.com\/profile_images\/586006332928630786\/Z2xDrXeG_normal.jpg","following":false,"geo_enabled":false,"profile_banner_url":"https:\/\/pbs.twimg.com\/profile_banners\/76830968\/1369667010","profile_background_image_url":"http:\/\/pbs.twimg.com\/profile_background_images\/667925541\/ead8a57526f8d1bd08f645d531daa769.jpeg","screen_name":"astruG93","lang":"en","profile_background_tile":true,"favourites_count":2017,"name":"\u2655 $ M O K E Y \u2655","notifications":false,"url":"http:\/\/t.co\/XXlbaXbmzx","created_at":"Thu Sep 24 02:22:56 +0000 2009","contributors_enabled":false,"time_zone":"Quito","protected":false,"default_profile":false,"is_translator":false},"geo":null,"in_reply_to_user_id_str":"397627266","lang":"en","created_at":"Wed Oct 22 17:34:43 +0000 2014","in_reply_to_status_id_str":"524977013153857537","place":null}