{"contributors": null, "truncated": false, "text": "@theScore @astruG93 enjoy work :)", "in_reply_to_status_id": 524976773671292928, "id": 524977013153857537, "favorite_count": 1, "source": "<a href=\"http://twitter.com/download/iphone\" rel=\"nofollow\">Twitter for iPhone</a>", "retweeted": false, "coordinates": null, "entities": {"symbols": [], "user_mentions": [{"id": 15256225, "indices": [0, 9], "id_str": "15256225", "screen_name": "theScore", "name": "theScore"}, {"id": 76830968, "indices": [10, 19], "id_str": "76830968", "screen_name": "astruG93", "name": "\u2655 $ M O K E Y \u2655"}], "hashtags": [], "urls": []}, "in_reply_to_screen_name": "theScore", "id_str": "524977013153857537", "retweet_count": 0, "in_reply_to_user_id": 15256225, "favorited": false, "user": {"follow_request_sent": false, "profile_use_background_image": true, "default_profile_image": false, "id": 397627266, "profile_background_image_url_https": "https://abs.twimg.com/images/themes/theme9/bg.gif", "verified": false, "profile_text_color": "666666", "profile_image_url_https": "https://pbs.twimg.com/profile_images/505967952513220608/uXWp6oqj_normal.jpeg", "profile_sidebar_fill_color": "252429", "entities": {"description": {"urls": []}}, "followers_count": 118, "profile_sidebar_border_color": "181A1E", "id_str": "397627266", "profile_background_color": "1A1B1F", "listed_count": 0, "is_translation_enabled": false, "utc_offset": null, "statuses_count": 6406, "description": "", "friends_count": 107, "location": "", "profile_link_color": "2FC2EF", "profile_image_url": "http://pbs.twimg.com/profile_images/505967952513220608/uXWp6oqj_normal.jpeg", "following": false, "geo_enabled": false, "profile_background_image_url": "http://abs.twimg.com/images/themes/theme9/bg.gif", "screen_name": "RoniDubrovich", "lang": "en", "profile_background_tile": false, "favourites_count": 915, "name": "Roni ", "notifications": false, "url": null, "created_at": "Mon Oct 24 23:18:43 +0000 2011", "contributors_enabled": false, "time_zone": null, "protected": false, "default_profile": false, "is_translator": false}, "geo": null, "in_reply_to_user_id_str": "15256225", "lang": "en", "created_at": "Wed Oct 22 17:34:08 +0000 2014", "in_reply_to_status_id_str": "524976773671292928", "place": null}
