{"contributors":null,"truncated":false,"text":"@TPM @Donna_West This story is why I would NEVER trust police version of a anything in #Ferguson.","in_reply_to_status_id":500326267640905728,"id":500332706174345216,"favorite_count":3,"source":"<a href=\"http:\/\/twitter.com\" rel=\"nofollow\">Twitter Web Client<\/a>","retweeted":false,"coordinates":null,"entities":{"symbols":[],"user_mentions":[{"id":14717197,"indices":[0,4],"id_str":"14717197","screen_name":"TPM","name":"Talking Points Memo"},{"id":18220818,"indices":[5,16],"id_str":"18220818","screen_name":"Donna_West","name":"DogLovers4Dems"}],"hashtags":[{"indices":[87,96],"text":"Ferguson"}],"urls":[]},"in_reply_to_screen_name":"TPM","id_str":"500332706174345216","retweet_count":4,"in_reply_to_user_id":14717197,"favorited":false,"user":{"follow_request_sent":false,"profile_use_background_image":true,"default_profile_image":false,"id":66914769,"profile_background_image_url_https":"https:\/\/abs.twimg.com\/images\/themes\/theme1\/bg.png","verified":false,"profile_text_color":"333333","profile_image_url_https":"https:\/\/pbs.twimg.com\/profile_images\/589698142100180992\/r6IEZ8r__normal.jpg","profile_sidebar_fill_color":"DDEEF6","entities":{"description":{"urls":[]}},"followers_count":2583,"profile_sidebar_border_color":"C0DEED","id_str":"66914769","profile_background_color":"C0DEED","listed_count":43,"is_translation_enabled":false,"utc_offset":-14400,"statuses_count":27069,"description":"Love politics, Grandchildren, Micropoetry & PSU   #UniteBlue","friends_count":2794,"location":"Earth","profile_link_color":"0084B4","profile_image_url":"http:\/\/pbs.twimg.com\/profile_images\/589698142100180992\/r6IEZ8r__normal.jpg","following":false,"geo_enabled":true,"profile_banner_url":"https:\/\/pbs.twimg.com\/profile_banners\/66914769\/1379464911","profile_background_image_url":"http:\/\/abs.twimg.com\/images\/themes\/theme1\/bg.png","screen_name":"mydoggigi","lang":"en","profile_background_tile":false,"favourites_count":8818,"name":"Kathy","notifications":false,"url":null,"created_at":"Wed Aug 19 04:55:41 +0000 2009","contributors_enabled":false,"time_zone":"Eastern Time (US & Canada)","protected":false,"default_profile":true,"is_translator":false},"geo":null,"in_reply_to_user_id_str":"14717197","lang":"en","created_at":"Fri Aug 15 17:26:27 +0000 2014","in_reply_to_status_id_str":"500326267640905728","place":{"full_name":"Todd Creek, NE","url":"https:\/\/api.twitter.com\/1.1\/geo\/id\/3dbdb24ec68be304.json","country":"United States","place_type":"city","bounding_box":{"type":"Polygon","coordinates":[[[-96.236203,40.261954],[-96.066736,40.261954],[-96.066736,40.349138],[-96.236203,40.349138]]]},"contained_within":[],"country_code":"US","attributes":{},"id":"3dbdb24ec68be304","name":"Todd Creek"}}