{"contributors": null, "truncated": false, "text": ". @TPM What a cozy little pocket of racism in #Ferguson how many like it across the country?", "in_reply_to_status_id": 500326267640905728, "id": 500334116160950272, "favorite_count": 0, "source": "<a href=\"http://twitter.com/download/android\" rel=\"nofollow\">Twitter for Android</a>", "retweeted": false, "coordinates": {"type": "Point", "coordinates": [-115.2812657, 36.2041706]}, "entities": {"symbols": [], "user_mentions": [{"id": 14717197, "indices": [2, 6], "id_str": "14717197", "screen_name": "TPM", "name": "Talking Points Memo"}], "hashtags": [{"indices": [46, 55], "text": "Ferguson"}], "urls": []}, "in_reply_to_screen_name": "TPM", "id_str": "500334116160950272", "retweet_count": 1, "in_reply_to_user_id": 14717197, "favorited": false, "user": {"follow_request_sent": false, "profile_use_background_image": true, "default_profile_image": false, "id": 287275623, "profile_background_image_url_https": "https://pbs.twimg.com/profile_background_images/831129430/3b19121370ad654a354ec204a7c9b7c1.jpeg", "verified": false, "profile_text_color": "947974", "profile_image_url_https": "https://pbs.twimg.com/profile_images/3222511680/f6caba588eaf2569c67775a43efcfab6_normal.jpeg", "profile_sidebar_fill_color": "000000", "entities": {"description": {"urls": []}}, "followers_count": 1258, "profile_sidebar_border_color": "FFFFFF", "id_str": "287275623", "profile_background_color": "1F0B1F", "listed_count": 51, "is_translation_enabled": false, "utc_offset": -25200, "statuses_count": 29907, "description": "Liberal. Librarian. Need to know. Cats. Books. Writing. Film. Politics. Science. Secular Humanist Boomer.I haz Questions. Personal account.", "friends_count": 1048, "location": "Las Vegas, Nevada", "profile_link_color": "AD1C51", "profile_image_url": "http://pbs.twimg.com/profile_images/3222511680/f6caba588eaf2569c67775a43efcfab6_normal.jpeg", "following": false, "geo_enabled": true, "profile_banner_url": "https://pbs.twimg.com/profile_banners/287275623/1364757734", "profile_background_image_url": "http://pbs.twimg.com/profile_background_images/831129430/3b19121370ad654a354ec204a7c9b7c1.jpeg", "screen_name": "Liberalibrarian", "lang": "en", "profile_background_tile": true, "favourites_count": 3577, "name": "Liberalibrarian", "notifications": false, "url": null, "created_at": "Sun Apr 24 17:29:12 +0000 2011", "contributors_enabled": false, "time_zone": "America/Los_Angeles", "protected": false, "default_profile": false, "is_translator": false}, "geo": {"type": "Point", "coordinates": [36.2041706, -115.2812657]}, "in_reply_to_user_id_str": "14717197", "lang": "en", "created_at": "Fri Aug 15 17:32:03 +0000 2014", "in_reply_to_status_id_str": "500326267640905728", "place": {"full_name": "Las Vegas, NV", "url": "https://api.twitter.com/1.1/geo/id/5c2b5e46ab891f07.json", "country": "United States", "place_type": "city", "bounding_box": {"type": "Polygon", "coordinates": [[[-115.384091, 36.129459], [-115.062159, 36.129459], [-115.062159, 36.336251], [-115.384091, 36.336251]]]}, "contained_within": [], "country_code": "US", "attributes": {}, "id": "5c2b5e46ab891f07", "name": "Las Vegas"}}
