{"contributors": null, "truncated": false, "text": "@TPM \nWow if only as much space was spent on crimes commited by POTUS!!", "in_reply_to_status_id": 500326267640905728, "id": 500327643917471745, "favorite_count": 0, "source": "<a href=\"http://twitter.com\" rel=\"nofollow\">Twitter Web Client</a>", "retweeted": false, "coordinates": null, "entities": {"symbols": [], "user_mentions": [{"id": 14717197, "indices": [0, 4], "id_str": "14717197", "screen_name": "TPM", "name": "Talking Points Memo"}], "hashtags": [], "urls": []}, "in_reply_to_screen_name": "TPM", "id_str": "500327643917471745", "retweet_count": 0, "in_reply_to_user_id": 14717197, "favorited": false, "user": {"follow_request_sent": false, "profile_use_background_image": true, "default_profile_image": false, "id": 537670884, "profile_background_image_url_https": "https://abs.twimg.com/images/themes/theme1/bg.png", "verified": false, "profile_text_color": "333333", "profile_image_url_https": "https://pbs.twimg.com/profile_images/469919784419618816/Y4biFHRg_normal.jpeg", "profile_sidebar_fill_color": "DDEEF6", "entities": {"url": {"urls": [{"url": "http://t.co/j2QerR0TtG", "indices": [0, 22], "expanded_url": "http://sonnyofthemeek.wordpress.com", "display_url": "sonnyofthemeek.wordpress.com"}]}, "description": {"urls": []}}, "followers_count": 173, "profile_sidebar_border_color": "C0DEED", "id_str": "537670884", "profile_background_color": "C0DEED", "listed_count": 3, "is_translation_enabled": false, "utc_offset": null, "statuses_count": 14622, "description": "THE MEEK- Those Humans Enjoying Makeing Earth Everyones Kingdom. Interested in joing to better our world for all Human Beings,contact me here", "friends_count": 735, "location": "Soon 2 B Replenished Earth", "profile_link_color": "0084B4", "profile_image_url": "http://pbs.twimg.com/profile_images/469919784419618816/Y4biFHRg_normal.jpeg", "following": false, "geo_enabled": true, "profile_banner_url": "https://pbs.twimg.com/profile_banners/537670884/1400872687", "profile_background_image_url": "http://abs.twimg.com/images/themes/theme1/bg.png", "screen_name": "SonnyOfTheMeek", "lang": "en", "profile_background_tile": false, "favourites_count": 117, "name": "Sonny Of The Meek", "notifications": false, "url": "http://t.co/j2QerR0TtG", "created_at": "Mon Mar 26 21:41:29 +0000 2012", "contributors_enabled": false, "time_zone": null, "protected": false, "default_profile": true, "is_translator": false}, "geo": null, "in_reply_to_user_id_str": "14717197", "lang": "en", "created_at": "Fri Aug 15 17:06:20 +0000 2014", "in_reply_to_status_id_str": "500326267640905728", "place": null}
