{"contributors": null, "truncated": false, "text": "Report: #Ferguson police beat up wrong suspect then charged him for getting blood on uniforms in 2009 http://t.co/zmzd813Jzb", "in_reply_to_status_id": null, "id": 500326267640905728, "favorite_count": 74, "source": "<a href=\"http://bufferapp.com\" rel=\"nofollow\">Buffer</a>", "retweeted": false, "coordinates": null, "entities": {"symbols": [], "user_mentions": [], "hashtags": [{"indices": [8, 17], "text": "Ferguson"}], "urls": [{"url": "http://t.co/zmzd813Jzb", "indices": [102, 124], "expanded_url": "http://bit.ly/1t6QNE5", "display_url": "bit.ly/1t6QNE5"}]}, "in_reply_to_screen_name": null, "id_str": "500326267640905728", "retweet_count": 165, "in_reply_to_user_id": null, "favorited": false, "user": {"follow_request_sent": false, "profile_use_background_image": false, "default_profile_image": false, "id": 14717197, "profile_background_image_url_https": "https://abs.twimg.com/images/themes/theme1/bg.png", "verified": true, "profile_text_color": "333333", "profile_image_url_https": "https://pbs.twimg.com/profile_images/472039922929369090/1GIGWESD_normal.png", "profile_sidebar_fill_color": "D6D6D6", "entities": {"url": {"urls": [{"url": "http://t.co/ZyHPG61Yqv", "indices": [0, 22], "expanded_url": "http://www.talkingpointsmemo.com/", "display_url": "talkingpointsmemo.com"}]}, "description": {"urls": []}}, "followers_count": 165661, "profile_sidebar_border_color": "FFFFFF", "id_str": "14717197", "profile_background_color": "CCC7AA", "listed_count": 7649, "is_translation_enabled": false, "utc_offset": -18000, "statuses_count": 61038, "description": "Breaking news and analysis from the TPM team.", "friends_count": 523, "location": "NY & DC", "profile_link_color": "003366", "profile_image_url": "http://pbs.twimg.com/profile_images/472039922929369090/1GIGWESD_normal.png", "following": false, "geo_enabled": false, "profile_banner_url": "https://pbs.twimg.com/profile_banners/14717197/1409329222", "profile_background_image_url": "http://abs.twimg.com/images/themes/theme1/bg.png", "screen_name": "TPM", "lang": "en", "profile_background_tile": false, "favourites_count": 6, "name": "Talking Points Memo", "notifications": false, "url": "http://t.co/ZyHPG61Yqv", "created_at": "Fri May 09 19:46:43 +0000 2008", "contributors_enabled": false, "time_zone": "Quito", "protected": false, "default_profile": false, "is_translator": false}, "geo": null, "in_reply_to_user_id_str": null, "possibly_sensitive": false, "lang": "en", "created_at": "Fri Aug 15 17:00:52 +0000 2014", "in_reply_to_status_id_str": null, "place": null}
