{"contributors": null, "truncated": false, "text": "@NBCNews If Gunmen are not aware Hostages are escaping, do NOT tweet about it. Other Hostages still in danger!", "in_reply_to_status_id": 544372222400671744, "id": 544374726391386112, "favorite_count": 3, "source": "<a href=\"http://twitter.com/download/iphone\" rel=\"nofollow\">Twitter for iPhone</a>", "retweeted": false, "coordinates": null, "entities": {"symbols": [], "user_mentions": [{"id": 14173315, "indices": [0, 8], "id_str": "14173315", "screen_name": "NBCNews", "name": "NBC News"}], "hashtags": [], "urls": []}, "in_reply_to_screen_name": "NBCNews", "id_str": "544374726391386112", "retweet_count": 0, "in_reply_to_user_id": 14173315, "favorited": false, "user": {"follow_request_sent": false, "profile_use_background_image": true, "profile_text_color": "333333", "default_profile_image": false, "id": 2856927247, "profile_background_image_url_https": "https://abs.twimg.com/images/themes/theme1/bg.png", "verified": false, "profile_location": null, "profile_image_url_https": "https://pbs.twimg.com/profile_images/544361342438633472/aNQWOkdM_normal.jpeg", "profile_sidebar_fill_color": "DDEEF6", "entities": {"description": {"urls": []}}, "followers_count": 91, "profile_sidebar_border_color": "C0DEED", "id_str": "2856927247", "profile_background_color": "C0DEED", "listed_count": 4, "is_translation_enabled": false, "utc_offset": null, "statuses_count": 2358, "description": "Recently moved; new start. Lots of questions/comments; want to interact! Marketing, writing, small businesses and an odd fascination with the trucking industry.", "friends_count": 192, "location": "Utah, Indiana & San Diego", "profile_link_color": "0084B4", "profile_image_url": "http://pbs.twimg.com/profile_images/544361342438633472/aNQWOkdM_normal.jpeg", "following": false, "geo_enabled": false, "profile_background_image_url": "http://abs.twimg.com/images/themes/theme1/bg.png", "name": "Sydney", "lang": "en", "profile_background_tile": false, "favourites_count": 1029, "screen_name": "Sydney843", "notifications": false, "url": null, "created_at": "Wed Oct 15 15:53:05 +0000 2014", "contributors_enabled": false, "time_zone": null, "protected": false, "default_profile": true, "is_translator": false}, "geo": null, "in_reply_to_user_id_str": "14173315", "lang": "en", "created_at": "Mon Dec 15 06:13:43 +0000 2014", "in_reply_to_status_id_str": "544372222400671744", "place": null}
