{"contributors": null, "truncated": false, "text": "@NBCNews @nbcbayarea In fairness to @NBCNews and @nbcbayarea, ALL Australian networks are also tweeting and reporting on this situation!", "in_reply_to_status_id": 544372222400671744, "id": 544384863223029760, "favorite_count": 0, "source": "<a href=\"http://twitter.com/#!/download/ipad\" rel=\"nofollow\">Twitter for iPad</a>", "retweeted": false, "coordinates": null, "entities": {"symbols": [], "user_mentions": [{"id": 14173315, "indices": [0, 8], "id_str": "14173315", "screen_name": "NBCNews", "name": "NBC News"}, {"id": 20097362, "indices": [9, 20], "id_str": "20097362", "screen_name": "nbcbayarea", "name": "NBC Bay Area"}, {"id": 14173315, "indices": [36, 44], "id_str": "14173315", "screen_name": "NBCNews", "name": "NBC News"}, {"id": 20097362, "indices": [49, 60], "id_str": "20097362", "screen_name": "nbcbayarea", "name": "NBC Bay Area"}], "hashtags": [], "urls": []}, "in_reply_to_screen_name": "NBCNews", "id_str": "544384863223029760", "retweet_count": 0, "in_reply_to_user_id": 14173315, "favorited": false, "user": {"follow_request_sent": false, "profile_use_background_image": true, "profile_text_color": "333333", "default_profile_image": false, "id": 1417812433, "profile_background_image_url_https": "https://abs.twimg.com/images/themes/theme1/bg.png", "verified": false, "profile_location": null, "profile_image_url_https": "https://pbs.twimg.com/profile_images/527802645432373248/zFNHCmLB_normal.jpeg", "profile_sidebar_fill_color": "DDEEF6", "entities": {"description": {"urls": []}}, "followers_count": 32, "profile_sidebar_border_color": "C0DEED", "id_str": "1417812433", "profile_background_color": "C0DEED", "listed_count": 0, "is_translation_enabled": false, "utc_offset": null, "statuses_count": 118, "description": "What can I say?  Love my SF Giants - 3 WS wins in 5 years!  Oh, I also barrack for the Mighty Hawks and love cricket.", "friends_count": 580, "location": "Australia", "profile_link_color": "0084B4", "profile_image_url": "http://pbs.twimg.com/profile_images/527802645432373248/zFNHCmLB_normal.jpeg", "following": false, "geo_enabled": true, "profile_banner_url": "https://pbs.twimg.com/profile_banners/1417812433/1413944959", "profile_background_image_url": "http://abs.twimg.com/images/themes/theme1/bg.png", "name": "Sarah P", "lang": "en", "profile_background_tile": false, "favourites_count": 640, "screen_name": "sweet_sahara_69", "notifications": false, "url": null, "created_at": "Fri May 10 10:59:08 +0000 2013", "contributors_enabled": false, "time_zone": null, "protected": false, "default_profile": true, "is_translator": false}, "geo": null, "in_reply_to_user_id_str": "14173315", "lang": "en", "created_at": "Mon Dec 15 06:54:00 +0000 2014", "in_reply_to_status_id_str": "544372222400671744", "place": null}
