{"contributors": null, "truncated": false, "text": "@NBCNews both asians you have to say", "in_reply_to_status_id": 544372222400671744, "id": 544390410316288000, "favorite_count": 0, "source": "<a href=\"http://twitter.com/download/iphone\" rel=\"nofollow\">Twitter for iPhone</a>", "retweeted": false, "coordinates": null, "entities": {"symbols": [], "user_mentions": [{"id": 14173315, "indices": [0, 8], "id_str": "14173315", "screen_name": "NBCNews", "name": "NBC News"}], "hashtags": [], "urls": []}, "in_reply_to_screen_name": "NBCNews", "id_str": "544390410316288000", "retweet_count": 0, "in_reply_to_user_id": 14173315, "favorited": false, "user": {"follow_request_sent": false, "profile_use_background_image": true, "profile_text_color": "333333", "default_profile_image": false, "id": 353147411, "profile_background_image_url_https": "https://abs.twimg.com/images/themes/theme1/bg.png", "verified": false, "profile_location": null, "profile_image_url_https": "https://pbs.twimg.com/profile_images/500180929303048192/QYEEI8fd_normal.jpeg", "profile_sidebar_fill_color": "DDEEF6", "entities": {"description": {"urls": []}}, "followers_count": 852, "profile_sidebar_border_color": "C0DEED", "id_str": "353147411", "profile_background_color": "C0DEED", "listed_count": 11, "is_translation_enabled": false, "utc_offset": 7200, "statuses_count": 6468, "description": "Journalist working for NBC. Living in Cairo and London. Tweets and retweets have nothing to do with the real me. No endorsements. No affiliations.", "friends_count": 1968, "location": "cairo and London", "profile_link_color": "0084B4", "profile_image_url": "http://pbs.twimg.com/profile_images/500180929303048192/QYEEI8fd_normal.jpeg", "following": false, "geo_enabled": false, "profile_banner_url": "https://pbs.twimg.com/profile_banners/353147411/1408087560", "profile_background_image_url": "http://abs.twimg.com/images/themes/theme1/bg.png", "name": "Freedom Fighter", "lang": "en", "profile_background_tile": false, "favourites_count": 6571, "screen_name": "AhmedAElsisi", "notifications": false, "url": null, "created_at": "Thu Aug 11 16:32:23 +0000 2011", "contributors_enabled": false, "time_zone": "Cairo", "protected": false, "default_profile": true, "is_translator": false}, "geo": null, "in_reply_to_user_id_str": "14173315", "lang": "en", "created_at": "Mon Dec 15 07:16:02 +0000 2014", "in_reply_to_status_id_str": "544372222400671744", "place": null}
