{"contributors":null,"truncated":false,"text":"@NBCNews @robquig @cashUT Interesting journalism ethics situation here. To tweet\/report or not tweet\/report hostage escape?","in_reply_to_status_id":544372222400671744,"id":544392965414588416,"favorite_count":0,"source":"<a href=\"http:\/\/twitter.com\/download\/iphone\" rel=\"nofollow\">Twitter for iPhone<\/a>","retweeted":false,"coordinates":null,"entities":{"symbols":[],"user_mentions":[{"id":14173315,"indices":[0,8],"id_str":"14173315","screen_name":"NBCNews","name":"NBC News"},{"id":13889472,"indices":[9,17],"id_str":"13889472","screen_name":"robquig","name":"Robert Quigley"},{"id":14615306,"indices":[18,25],"id_str":"14615306","screen_name":"cashUT","name":"Wanda Cash"}],"hashtags":[],"urls":[]},"in_reply_to_screen_name":"NBCNews","id_str":"544392965414588416","retweet_count":0,"in_reply_to_user_id":14173315,"favorited":false,"user":{"follow_request_sent":false,"profile_use_background_image":true,"profile_text_color":"333333","default_profile_image":false,"id":1378109503,"profile_background_image_url_https":"https:\/\/pbs.twimg.com\/profile_background_images\/438506998481448960\/Zo8xa8zT.jpeg","verified":false,"profile_location":null,"profile_image_url_https":"https:\/\/pbs.twimg.com\/profile_images\/575548183570354176\/4wo57uS9_normal.jpeg","profile_sidebar_fill_color":"F6F6F6","entities":{"url":{"urls":[{"url":"http:\/\/t.co\/miEVMDnLaM","indices":[0,22],"expanded_url":"http:\/\/www.meganmikayla.com","display_url":"meganmikayla.com"}]},"description":{"urls":[]}},"followers_count":262,"profile_sidebar_border_color":"FFFFFF","id_str":"1378109503","profile_background_color":"ACDED6","listed_count":5,"is_translation_enabled":false,"utc_offset":-21600,"statuses_count":1281,"description":"@UTAustin third-year journalism senior. Aspiring attorney & \u03a6A\u0394 president. Scuba certified. @LoveBeeSweet. @StartupGrindATX. Portfolio, resume & blog below.","friends_count":544,"location":"Austin, Texas","profile_link_color":"3B94D9","profile_image_url":"http:\/\/pbs.twimg.com\/profile_images\/575548183570354176\/4wo57uS9_normal.jpeg","following":false,"geo_enabled":true,"profile_banner_url":"https:\/\/pbs.twimg.com\/profile_banners\/1378109503\/1404185207","profile_background_image_url":"http:\/\/pbs.twimg.com\/profile_background_images\/438506998481448960\/Zo8xa8zT.jpeg","name":"M. Mikayla Martinez","lang":"en","profile_background_tile":true,"favourites_count":1221,"screen_name":"megmikmartinez","notifications":false,"url":"http:\/\/t.co\/miEVMDnLaM","created_at":"Wed Apr 24 22:08:25 +0000 2013","contributors_enabled":false,"time_zone":"Central Time (US & Canada)","protected":false,"default_profile":false,"is_translator":false},"geo":null,"in_reply_to_user_id_str":"14173315","lang":"en","created_at":"Mon Dec 15 07:26:11 +0000 2014","in_reply_to_status_id_str":"544372222400671744","place":null}