{"contributors": null, "truncated": false, "text": "@Sydney843 @NBCNews great advice, you guys should hire her because whoever is tweeting from NBC lacks grammatical discipline.", "in_reply_to_status_id": 544374726391386112, "id": 544375518133354496, "favorite_count": 0, "source": "<a href=\"http://twitter.com/download/iphone\" rel=\"nofollow\">Twitter for iPhone</a>", "retweeted": false, "coordinates": null, "entities": {"symbols": [], "user_mentions": [{"id": 2856927247, "indices": [0, 10], "id_str": "2856927247", "screen_name": "Sydney843", "name": "Sydney"}, {"id": 14173315, "indices": [11, 19], "id_str": "14173315", "screen_name": "NBCNews", "name": "NBC News"}], "hashtags": [], "urls": []}, "in_reply_to_screen_name": "Sydney843", "id_str": "544375518133354496", "retweet_count": 0, "in_reply_to_user_id": 2856927247, "favorited": false, "user": {"follow_request_sent": false, "profile_use_background_image": true, "profile_text_color": "333333", "default_profile_image": false, "id": 99108648, "profile_background_image_url_https": "https://abs.twimg.com/images/themes/theme15/bg.png", "verified": false, "profile_location": null, "profile_image_url_https": "https://pbs.twimg.com/profile_images/521971624052944896/9wLmSSDK_normal.jpeg", "profile_sidebar_fill_color": "C0DFEC", "entities": {"description": {"urls": []}}, "followers_count": 869, "profile_sidebar_border_color": "A8C7F7", "id_str": "99108648", "profile_background_color": "022330", "listed_count": 0, "is_translation_enabled": false, "utc_offset": -28800, "statuses_count": 279, "description": "Upgrade to Twitter Plus to read this Bio.", "friends_count": 1351, "location": "Yoshi's Island", "profile_link_color": "0084B4", "profile_image_url": "http://pbs.twimg.com/profile_images/521971624052944896/9wLmSSDK_normal.jpeg", "following": false, "geo_enabled": false, "profile_banner_url": "https://pbs.twimg.com/profile_banners/99108648/1413282659", "profile_background_image_url": "http://abs.twimg.com/images/themes/theme15/bg.png", "name": "I don't know why I", "lang": "en", "profile_background_tile": false, "favourites_count": 166, "screen_name": "MeThoUONEO", "notifications": false, "url": null, "created_at": "Thu Dec 24 13:59:10 +0000 2009", "contributors_enabled": false, "time_zone": "Pacific Time (US & Canada)", "protected": false, "default_profile": false, "is_translator": false}, "geo": null, "in_reply_to_user_id_str": "2856927247", "lang": "en", "created_at": "Mon Dec 15 06:16:52 +0000 2014", "in_reply_to_status_id_str": "544374726391386112", "place": null}
