{"contributors":null,"truncated":false,"text":"@NBCNews Both woman? You mean women???","in_reply_to_status_id":544372222400671744,"id":544467438814109696,"favorite_count":0,"source":"<a href=\"http:\/\/twitter.com\/download\/iphone\" rel=\"nofollow\">Twitter for iPhone<\/a>","retweeted":false,"coordinates":null,"entities":{"symbols":[],"user_mentions":[{"id":14173315,"indices":[0,8],"id_str":"14173315","screen_name":"NBCNews","name":"NBC News"}],"hashtags":[],"urls":[]},"in_reply_to_screen_name":"NBCNews","id_str":"544467438814109696","retweet_count":0,"in_reply_to_user_id":14173315,"favorited":false,"user":{"follow_request_sent":false,"profile_use_background_image":true,"profile_text_color":"666666","default_profile_image":false,"id":1373532835,"profile_background_image_url_https":"https:\/\/abs.twimg.com\/images\/themes\/theme9\/bg.gif","verified":false,"profile_location":null,"profile_image_url_https":"https:\/\/pbs.twimg.com\/profile_images\/577190844148658176\/kPGAMdlg_normal.jpeg","profile_sidebar_fill_color":"252429","entities":{"description":{"urls":[]}},"followers_count":146,"profile_sidebar_border_color":"181A1E","id_str":"1373532835","profile_background_color":"1A1B1F","listed_count":2,"is_translation_enabled":false,"utc_offset":-21600,"statuses_count":4555,"description":"Sports Fan, Professional.","friends_count":422,"location":"USA","profile_link_color":"2FC2EF","profile_image_url":"http:\/\/pbs.twimg.com\/profile_images\/577190844148658176\/kPGAMdlg_normal.jpeg","following":false,"geo_enabled":false,"profile_banner_url":"https:\/\/pbs.twimg.com\/profile_banners\/1373532835\/1366681816","profile_background_image_url":"http:\/\/abs.twimg.com\/images\/themes\/theme9\/bg.gif","name":"SBS","lang":"en","profile_background_tile":false,"favourites_count":154,"screen_name":"sbscots","notifications":false,"url":null,"created_at":"Tue Apr 23 01:36:06 +0000 2013","contributors_enabled":false,"time_zone":"Central Time (US & Canada)","protected":false,"default_profile":false,"is_translator":false},"geo":null,"in_reply_to_user_id_str":"14173315","lang":"en","created_at":"Mon Dec 15 12:22:07 +0000 2014","in_reply_to_status_id_str":"544372222400671744","place":null}