{"contributors": null, "truncated": false, "text": "@Independent", "in_reply_to_status_id": 580347961256837120, "id": 580353269072957440, "favorite_count": 0, "source": "<a href=\"http://twitter.com/download/android\" rel=\"nofollow\">Twitter for Android</a>", "retweeted": false, "coordinates": null, "entities": {"symbols": [], "user_mentions": [{"id": 16973333, "indices": [0, 12], "id_str": "16973333", "screen_name": "Independent", "name": "The Independent"}], "hashtags": [], "urls": []}, "in_reply_to_screen_name": "Independent", "id_str": "580353269072957440", "retweet_count": 0, "in_reply_to_user_id": 16973333, "favorited": false, "user": {"follow_request_sent": false, "profile_use_background_image": true, "profile_text_color": "333333", "default_profile_image": false, "id": 1129129021, "profile_background_image_url_https": "https://abs.twimg.com/images/themes/theme19/bg.gif", "verified": false, "profile_location": null, "profile_image_url_https": "https://pbs.twimg.com/profile_images/528245135784431616/OCU-LiqA_normal.jpeg", "profile_sidebar_fill_color": "F6FFD1", "entities": {"description": {"urls": []}}, "followers_count": 10, "profile_sidebar_border_color": "FFF8AD", "id_str": "1129129021", "profile_background_color": "FFF04D", "listed_count": 0, "is_translation_enabled": false, "utc_offset": null, "statuses_count": 74, "description": "", "friends_count": 45, "location": "", "profile_link_color": "0099CC", "profile_image_url": "http://pbs.twimg.com/profile_images/528245135784431616/OCU-LiqA_normal.jpeg", "following": false, "geo_enabled": false, "profile_banner_url": "https://pbs.twimg.com/profile_banners/1129129021/1359652796", "profile_background_image_url": "http://abs.twimg.com/images/themes/theme19/bg.gif", "name": "Tahira1214", "lang": "en", "profile_background_tile": false, "favourites_count": 862, "screen_name": "tahira1214", "notifications": false, "url": null, "created_at": "Mon Jan 28 20:22:43 +0000 2013", "contributors_enabled": false, "time_zone": null, "protected": false, "default_profile": false, "is_translator": false}, "geo": null, "in_reply_to_user_id_str": "16973333", "lang": "und", "created_at": "Tue Mar 24 12:59:36 +0000 2015", "in_reply_to_status_id_str": "580347961256837120", "place": null}
