{"contributors": null, "truncated": false, "text": "@Independent really sorry for hearing such a news and feel soo sad for those who lost their lives and loved ones.", "in_reply_to_status_id": 580347961256837120, "id": 580397235986395136, "favorite_count": 0, "source": "<a href=\"http://twitter.com/download/android\" rel=\"nofollow\">Twitter for Android</a>", "retweeted": false, "coordinates": null, "entities": {"symbols": [], "user_mentions": [{"id": 16973333, "indices": [0, 12], "id_str": "16973333", "screen_name": "Independent", "name": "The Independent"}], "hashtags": [], "urls": []}, "in_reply_to_screen_name": "Independent", "id_str": "580397235986395136", "retweet_count": 0, "in_reply_to_user_id": 16973333, "favorited": false, "user": {"follow_request_sent": false, "profile_use_background_image": true, "profile_text_color": "333333", "default_profile_image": false, "id": 2525932772, "profile_background_image_url_https": "https://abs.twimg.com/images/themes/theme1/bg.png", "verified": false, "profile_location": null, "profile_image_url_https": "https://pbs.twimg.com/profile_images/579422214555971584/slUrFlCh_normal.jpg", "profile_sidebar_fill_color": "DDEEF6", "entities": {"description": {"urls": []}}, "followers_count": 32, "profile_sidebar_border_color": "C0DEED", "id_str": "2525932772", "profile_background_color": "C0DEED", "listed_count": 0, "is_translation_enabled": false, "utc_offset": null, "statuses_count": 189, "description": "\u0645\u0639\u0644\u0645 \u0644\u063a\u0629 \u0627\u0646\u062c\u0644\u064a\u0632\u064a\u0629 \u0627\u0637\u0645\u062d \u0644\u0644\u062e\u0631\u0648\u062c \u0628\u0627\u0644\u062a\u0639\u0644\u064a\u0645 \u0639\u0646 \u0627\u0644\u0646\u0645\u0637\u064a\u0629 \u0627\u0644\u062d\u0627\u0644\u064a\u0629 \u0648\u0641\u0642 \u062b\u0648\u0627\u0628\u062a \u0627\u0644\u062f\u064a\u0646 \u0648\u0627\u0637\u0631 \u0627\u0644\u0645\u062c\u062a\u0645\u0639 \u062a\u062d\u062a \u0645\u0638\u0644\u0629 \u0645\u0634\u0631\u0648\u0639 \u0633\u064a\u062f\u064a \u062e\u0627\u062f\u0645 \u0627\u0644\u062d\u0631\u0645\u064a\u0646 \u0644\u062a\u0637\u0648\u064a\u0631 \u0627\u0644\u062a\u0639\u0644\u064a\u0645 \u0627\u0644\u0639\u0627\u0645  \u062a\u0637\u0648\u064a\u0631", "friends_count": 90, "location": "", "profile_link_color": "0084B4", "profile_image_url": "http://pbs.twimg.com/profile_images/579422214555971584/slUrFlCh_normal.jpg", "following": false, "geo_enabled": true, "profile_banner_url": "https://pbs.twimg.com/profile_banners/2525932772/1401142138", "profile_background_image_url": "http://abs.twimg.com/images/themes/theme1/bg.png", "name": "\u062d\u0645\u0648\u062f \u0627\u0644\u062d\u062f\u0631\u064a", "lang": "en", "profile_background_tile": false, "favourites_count": 75, "screen_name": "alhadryhamood", "notifications": false, "url": null, "created_at": "Mon May 26 21:55:35 +0000 2014", "contributors_enabled": false, "time_zone": null, "protected": false, "default_profile": true, "is_translator": false}, "geo": null, "in_reply_to_user_id_str": "16973333", "lang": "en", "created_at": "Tue Mar 24 15:54:18 +0000 2015", "in_reply_to_status_id_str": "580347961256837120", "place": null}
