{"contributors": null, "truncated": false, "text": "@Independent confirmed by who?", "in_reply_to_status_id": 580347961256837120, "id": 580348993462489088, "favorite_count": 0, "source": "<a href=\"http://twitter.com/download/android\" rel=\"nofollow\">Twitter for Android</a>", "retweeted": false, "coordinates": null, "entities": {"symbols": [], "user_mentions": [{"id": 16973333, "indices": [0, 12], "id_str": "16973333", "screen_name": "Independent", "name": "The Independent"}], "hashtags": [], "urls": []}, "in_reply_to_screen_name": "Independent", "id_str": "580348993462489088", "retweet_count": 0, "in_reply_to_user_id": 16973333, "favorited": false, "user": {"follow_request_sent": false, "profile_use_background_image": true, "profile_text_color": "333333", "default_profile_image": false, "id": 3042574384, "profile_background_image_url_https": "https://abs.twimg.com/images/themes/theme1/bg.png", "verified": false, "profile_location": null, "profile_image_url_https": "https://pbs.twimg.com/profile_images/567686843274362880/6WR97WVf_normal.jpeg", "profile_sidebar_fill_color": "DDEEF6", "entities": {"url": {"urls": [{"url": "http://t.co/NIf3NL9mnq", "indices": [0, 22], "expanded_url": "http://tinyurl.com/replica-hwan", "display_url": "tinyurl.com/replica-hwan"}]}, "description": {"urls": []}}, "followers_count": 32, "profile_sidebar_border_color": "C0DEED", "id_str": "3042574384", "profile_background_color": "C0DEED", "listed_count": 0, "is_translation_enabled": false, "utc_offset": null, "statuses_count": 208, "description": "I specialising in mobile replica and update information, both ota (over the airwaves) and by hardware of the Cable .", "friends_count": 109, "location": "PRC", "profile_link_color": "0084B4", "profile_image_url": "http://pbs.twimg.com/profile_images/567686843274362880/6WR97WVf_normal.jpeg", "following": false, "geo_enabled": true, "profile_banner_url": "https://pbs.twimg.com/profile_banners/3042574384/1424182064", "profile_background_image_url": "http://abs.twimg.com/images/themes/theme1/bg.png", "name": "Hwan Chang", "lang": "en", "profile_background_tile": false, "favourites_count": 13, "screen_name": "Hwan_chang_ota", "notifications": false, "url": "http://t.co/NIf3NL9mnq", "created_at": "Tue Feb 17 14:01:13 +0000 2015", "contributors_enabled": false, "time_zone": null, "protected": false, "default_profile": true, "is_translator": false}, "geo": null, "in_reply_to_user_id_str": "16973333", "lang": "en", "created_at": "Tue Mar 24 12:42:37 +0000 2015", "in_reply_to_status_id_str": "580347961256837120", "place": null}
