{"contributors":null,"truncated":false,"text":"EXTENDED: Dramatic video of gunfire inside hallways of Parliament Hill. (The Globe and Mail) http:\/\/t.co\/SbOu4rAp96 http:\/\/t.co\/71rNixs3Eb","in_reply_to_status_id":null,"id":524950899899113473,"favorite_count":132,"source":"<a href=\"https:\/\/about.twitter.com\/products\/tweetdeck\" rel=\"nofollow\">TweetDeck<\/a>","retweeted":false,"coordinates":null,"entities":{"symbols":[],"user_mentions":[],"hashtags":[],"urls":[{"url":"http:\/\/t.co\/SbOu4rAp96","indices":[93,115],"expanded_url":"http:\/\/www.ctvnews.ca\/video?clipId=472781&playlistId=1.2065440&binId=1.810401&playlistPageNum=1&binPageNum=1","display_url":"ctvnews.ca\/video?clipId=4\u2026"}],"media":[{"expanded_url":"http:\/\/twitter.com\/ctvottawa\/status\/524950899899113473\/photo\/1","display_url":"pic.twitter.com\/71rNixs3Eb","url":"http:\/\/t.co\/71rNixs3Eb","media_url_https":"https:\/\/pbs.twimg.com\/media\/B0kAD6gIgAAKPX2.jpg","id_str":"524950898809012224","sizes":{"large":{"h":575,"resize":"fit","w":1024},"small":{"h":191,"resize":"fit","w":340},"medium":{"h":337,"resize":"fit","w":600},"thumb":{"h":150,"resize":"crop","w":150}},"indices":[116,138],"type":"photo","id":524950898809012224,"media_url":"http:\/\/pbs.twimg.com\/media\/B0kAD6gIgAAKPX2.jpg"}]},"in_reply_to_screen_name":null,"id_str":"524950899899113473","retweet_count":350,"in_reply_to_user_id":null,"favorited":false,"user":{"follow_request_sent":false,"profile_use_background_image":true,"default_profile_image":false,"id":21212604,"profile_background_image_url_https":"https:\/\/pbs.twimg.com\/profile_background_images\/438016864690511872\/QZaaPNgG.jpeg","verified":false,"profile_text_color":"333333","profile_image_url_https":"https:\/\/pbs.twimg.com\/profile_images\/438017144320561152\/ZXvfPWKa_normal.png","profile_sidebar_fill_color":"F5C34F","entities":{"url":{"urls":[{"url":"http:\/\/t.co\/1kTbzaumUY","indices":[0,22],"expanded_url":"http:\/\/ottawa.ctvnews.ca\/","display_url":"ottawa.ctvnews.ca"}]},"description":{"urls":[]}},"followers_count":58098,"profile_sidebar_border_color":"FFFFFF","id_str":"21212604","profile_background_color":"F6F6F6","listed_count":1244,"is_translation_enabled":false,"utc_offset":-14400,"statuses_count":46322,"description":"CTV Ottawa covers local stories that matter to you. Our Web reporting team and other staff update you with the latest news.","friends_count":224,"location":"Ottawa, Ontario ","profile_link_color":"113593","profile_image_url":"http:\/\/pbs.twimg.com\/profile_images\/438017144320561152\/ZXvfPWKa_normal.png","following":false,"geo_enabled":false,"profile_banner_url":"https:\/\/pbs.twimg.com\/profile_banners\/21212604\/1403886328","profile_background_image_url":"http:\/\/pbs.twimg.com\/profile_background_images\/438016864690511872\/QZaaPNgG.jpeg","screen_name":"ctvottawa","lang":"en","profile_background_tile":false,"favourites_count":9,"name":"CTV Ottawa ","notifications":false,"url":"http:\/\/t.co\/1kTbzaumUY","created_at":"Wed Feb 18 16:38:27 +0000 2009","contributors_enabled":false,"time_zone":"Eastern Time (US & Canada)","protected":false,"default_profile":false,"is_translator":false},"geo":null,"in_reply_to_user_id_str":null,"possibly_sensitive":false,"lang":"en","created_at":"Wed Oct 22 15:50:22 +0000 2014","in_reply_to_status_id_str":null,"place":null,"extended_entities":{"media":[{"expanded_url":"http:\/\/twitter.com\/ctvottawa\/status\/524950899899113473\/photo\/1","display_url":"pic.twitter.com\/71rNixs3Eb","url":"http:\/\/t.co\/71rNixs3Eb","media_url_https":"https:\/\/pbs.twimg.com\/media\/B0kAD6gIgAAKPX2.jpg","id_str":"524950898809012224","sizes":{"large":{"h":575,"resize":"fit","w":1024},"small":{"h":191,"resize":"fit","w":340},"medium":{"h":337,"resize":"fit","w":600},"thumb":{"h":150,"resize":"crop","w":150}},"indices":[116,138],"type":"photo","id":524950898809012224,"media_url":"http:\/\/pbs.twimg.com\/media\/B0kAD6gIgAAKPX2.jpg"}]}}