{"contributors": null, "truncated": false, "text": "Se confirma que desde el #Airbus320 se mandaron varios mensajes de socorro antes de anticipar un aterrizaje de emergencia (v\u00eda @airlivenet)", "in_reply_to_status_id": 580348878370828288, "id": 580349946580328448, "favorite_count": 0, "source": "<a href=\"http://twitter.com/download/iphone\" rel=\"nofollow\">Twitter for iPhone</a>", "retweeted": false, "coordinates": null, "entities": {"symbols": [], "user_mentions": [{"id": 2280470022, "indices": [127, 138], "id_str": "2280470022", "screen_name": "airlivenet", "name": "AirLive.net"}], "hashtags": [{"indices": [25, 35], "text": "Airbus320"}], "urls": []}, "in_reply_to_screen_name": "airlivenet", "id_str": "580349946580328448", "retweet_count": 0, "in_reply_to_user_id": 2280470022, "favorited": false, "user": {"follow_request_sent": false, "profile_use_background_image": true, "profile_text_color": "333333", "default_profile_image": false, "id": 276005081, "profile_background_image_url_https": "https://pbs.twimg.com/profile_background_images/455660901316558848/c872K12a.jpeg", "verified": false, "profile_location": null, "profile_image_url_https": "https://pbs.twimg.com/profile_images/572450403205427201/b_Of_-G5_normal.jpeg", "profile_sidebar_fill_color": "DDFFCD", "entities": {"description": {"urls": [{"url": "http://t.co/W0noTEbI69", "indices": [108, 130], "expanded_url": "http://youtu.be/dlT5-6oGvdM", "display_url": "youtu.be/dlT5-6oGvdM"}]}}, "followers_count": 3967, "profile_sidebar_border_color": "FFFFFF", "id_str": "276005081", "profile_background_color": "0A0A0A", "listed_count": 26, "is_translation_enabled": false, "utc_offset": -7200, "statuses_count": 40657, "description": "Estudiante de Periodismo. Pol\u00edtica. En el @ObjetivoLaSexta y escribiendo para @lasemanaes... Y mi m\u00fasica!!: http://t.co/W0noTEbI69", "friends_count": 794, "location": "Madrid - UFV", "profile_link_color": "0084B4", "profile_image_url": "http://pbs.twimg.com/profile_images/572450403205427201/b_Of_-G5_normal.jpeg", "following": false, "geo_enabled": true, "profile_banner_url": "https://pbs.twimg.com/profile_banners/276005081/1403359178", "profile_background_image_url": "http://pbs.twimg.com/profile_background_images/455660901316558848/c872K12a.jpeg", "name": "Jes\u00fas Espinosa", "lang": "es", "profile_background_tile": false, "favourites_count": 3023, "screen_name": "_jesusespinosa_", "notifications": false, "url": null, "created_at": "Sat Apr 02 13:10:03 +0000 2011", "contributors_enabled": false, "time_zone": "Greenland", "protected": false, "default_profile": false, "is_translator": false}, "geo": null, "in_reply_to_user_id_str": "2280470022", "lang": "es", "created_at": "Tue Mar 24 12:46:24 +0000 2015", "in_reply_to_status_id_str": "580348878370828288", "place": null}
