{"contributors": null, "truncated": false, "text": "@tomaatman @airlivenet @wmiddelkoop\n\nNot liar, uninformed\n\n#MH17 under Kiev ATC on entry (not released)\nThen under Ukr's Dnipro ATC b4 crash", "in_reply_to_status_id": 580351226954555392, "id": 580379506214588416, "favorite_count": 0, "source": "<a href=\"http://twitter.com\" rel=\"nofollow\">Twitter Web Client</a>", "retweeted": false, "coordinates": null, "entities": {"symbols": [], "user_mentions": [{"id": 49307468, "indices": [0, 10], "id_str": "49307468", "screen_name": "tomaatman", "name": "Fr\u24b6nkster"}, {"id": 2280470022, "indices": [11, 22], "id_str": "2280470022", "screen_name": "airlivenet", "name": "AirLive.net"}, {"id": 19059966, "indices": [23, 35], "id_str": "19059966", "screen_name": "wmiddelkoop", "name": "willem middelkoop"}], "hashtags": [{"indices": [59, 64], "text": "MH17"}], "urls": []}, "in_reply_to_screen_name": "tomaatman", "id_str": "580379506214588416", "retweet_count": 0, "in_reply_to_user_id": 49307468, "favorited": false, "user": {"follow_request_sent": false, "profile_use_background_image": true, "profile_text_color": "333333", "default_profile_image": false, "id": 2428920877, "profile_background_image_url_https": "https://abs.twimg.com/images/themes/theme1/bg.png", "verified": false, "profile_location": null, "profile_image_url_https": "https://pbs.twimg.com/profile_images/460745160205152256/r8w2faOW_normal.jpeg", "profile_sidebar_fill_color": "DDEEF6", "entities": {"description": {"urls": []}}, "followers_count": 605, "profile_sidebar_border_color": "C0DEED", "id_str": "2428920877", "profile_background_color": "C0DEED", "listed_count": 18, "is_translation_enabled": false, "utc_offset": 3600, "statuses_count": 16125, "description": "Retired Strategic Planner looking beyond headlines for balanced opinions & facts. I follow those with similar interests, irrespective of their views", "friends_count": 271, "location": "Somerset, UK", "profile_link_color": "0084B4", "profile_image_url": "http://pbs.twimg.com/profile_images/460745160205152256/r8w2faOW_normal.jpeg", "following": false, "geo_enabled": false, "profile_background_image_url": "http://abs.twimg.com/images/themes/theme1/bg.png", "name": "Clement Townsend", "lang": "en-gb", "profile_background_tile": false, "favourites_count": 483, "screen_name": "CT4444", "notifications": false, "url": null, "created_at": "Sat Apr 05 13:31:22 +0000 2014", "contributors_enabled": false, "time_zone": "London", "protected": false, "default_profile": true, "is_translator": false}, "geo": null, "in_reply_to_user_id_str": "49307468", "lang": "en", "created_at": "Tue Mar 24 14:43:51 +0000 2015", "in_reply_to_status_id_str": "580351226954555392", "place": null}
