{"contributors": null, "truncated": false, "text": "@tomaatman liar. #MH17 CVR with Dutch Safety Board. Normal flight ops indicated on CVR.  @airlivenet @wmiddelkoop", "in_reply_to_status_id": 580351226954555392, "id": 580368792347279360, "favorite_count": 1, "source": "<a href=\"http://www.twitter.com\" rel=\"nofollow\">Twitter for BlackBerry</a>", "retweeted": false, "coordinates": null, "entities": {"symbols": [], "user_mentions": [{"id": 49307468, "indices": [0, 10], "id_str": "49307468", "screen_name": "tomaatman", "name": "Fr\u24b6nkster"}, {"id": 2280470022, "indices": [89, 100], "id_str": "2280470022", "screen_name": "airlivenet", "name": "AirLive.net"}, {"id": 19059966, "indices": [101, 113], "id_str": "19059966", "screen_name": "wmiddelkoop", "name": "willem middelkoop"}], "hashtags": [{"indices": [17, 22], "text": "MH17"}], "urls": []}, "in_reply_to_screen_name": "tomaatman", "id_str": "580368792347279360", "retweet_count": 0, "in_reply_to_user_id": 49307468, "favorited": false, "user": {"follow_request_sent": false, "profile_use_background_image": true, "profile_text_color": "333333", "default_profile_image": false, "id": 460705232, "profile_background_image_url_https": "https://abs.twimg.com/images/themes/theme1/bg.png", "verified": false, "profile_location": null, "profile_image_url_https": "https://pbs.twimg.com/profile_images/545019818131599360/djvEg88p_normal.png", "profile_sidebar_fill_color": "DDEEF6", "entities": {"description": {"urls": []}}, "followers_count": 131, "profile_sidebar_border_color": "C0DEED", "id_str": "460705232", "profile_background_color": "C0DEED", "listed_count": 20, "is_translation_enabled": false, "utc_offset": null, "statuses_count": 24470, "description": "", "friends_count": 110, "location": "", "profile_link_color": "0084B4", "profile_image_url": "http://pbs.twimg.com/profile_images/545019818131599360/djvEg88p_normal.png", "following": false, "geo_enabled": false, "profile_background_image_url": "http://abs.twimg.com/images/themes/theme1/bg.png", "name": "Michael Joyce", "lang": "en", "profile_background_tile": false, "favourites_count": 4249, "screen_name": "MJoyce2244", "notifications": false, "url": null, "created_at": "Wed Jan 11 01:35:17 +0000 2012", "contributors_enabled": false, "time_zone": null, "protected": false, "default_profile": true, "is_translator": false}, "geo": null, "in_reply_to_user_id_str": "49307468", "lang": "en", "created_at": "Tue Mar 24 14:01:17 +0000 2015", "in_reply_to_status_id_str": "580351226954555392", "place": null}
