{"contributors": null, "truncated": false, "text": "@airlivenet this is not a regular emergency message ... \"Mayday\" or \"pan pan\" but never \"emergency emergency\" ...", "in_reply_to_status_id": 580348878370828288, "id": 580349735556554752, "favorite_count": 0, "source": "<a href=\"http://twitter.com/download/iphone\" rel=\"nofollow\">Twitter for iPhone</a>", "retweeted": false, "coordinates": null, "entities": {"symbols": [], "user_mentions": [{"id": 2280470022, "indices": [0, 11], "id_str": "2280470022", "screen_name": "airlivenet", "name": "AirLive.net"}], "hashtags": [], "urls": []}, "in_reply_to_screen_name": "airlivenet", "id_str": "580349735556554752", "retweet_count": 0, "in_reply_to_user_id": 2280470022, "favorited": false, "user": {"follow_request_sent": false, "profile_use_background_image": true, "profile_text_color": "666666", "default_profile_image": false, "id": 301501289, "profile_background_image_url_https": "https://abs.twimg.com/images/themes/theme9/bg.gif", "verified": false, "profile_location": null, "profile_image_url_https": "https://pbs.twimg.com/profile_images/500909442104565760/3lFSOQOK_normal.jpeg", "profile_sidebar_fill_color": "252429", "entities": {"url": {"urls": [{"url": "http://t.co/NjnJ4RcrAP", "indices": [0, 22], "expanded_url": "http://www.mycityinsider.com", "display_url": "mycityinsider.com"}]}, "description": {"urls": []}}, "followers_count": 405, "profile_sidebar_border_color": "181A1E", "id_str": "301501289", "profile_background_color": "1A1B1F", "listed_count": 20, "is_translation_enabled": false, "utc_offset": -36000, "statuses_count": 17377, "description": "Fr / En / Es It's better to see the best in everyone than the worst - PPL A", "friends_count": 151, "location": "so far away...", "profile_link_color": "2FC2EF", "profile_image_url": "http://pbs.twimg.com/profile_images/500909442104565760/3lFSOQOK_normal.jpeg", "following": false, "geo_enabled": true, "profile_banner_url": "https://pbs.twimg.com/profile_banners/301501289/1421053635", "profile_background_image_url": "http://abs.twimg.com/images/themes/theme9/bg.gif", "name": "Guillaume \u0646", "lang": "fr", "profile_background_tile": false, "favourites_count": 14571, "screen_name": "iomguiM", "notifications": false, "url": "http://t.co/NjnJ4RcrAP", "created_at": "Thu May 19 15:41:02 +0000 2011", "contributors_enabled": false, "time_zone": "Hawaii", "protected": false, "default_profile": false, "is_translator": false}, "geo": null, "in_reply_to_user_id_str": "2280470022", "lang": "en", "created_at": "Tue Mar 24 12:45:33 +0000 2015", "in_reply_to_status_id_str": "580348878370828288", "place": null}
