{"contributors": null, "truncated": false, "text": "@airlivenet @JulieB_LFC really sad", "in_reply_to_status_id": 580348878370828288, "id": 580349579721310208, "favorite_count": 0, "source": "<a href=\"http://twitter.com/download/iphone\" rel=\"nofollow\">Twitter for iPhone</a>", "retweeted": false, "coordinates": null, "entities": {"symbols": [], "user_mentions": [{"id": 2280470022, "indices": [0, 11], "id_str": "2280470022", "screen_name": "airlivenet", "name": "AirLive.net"}, {"id": 86602719, "indices": [12, 23], "id_str": "86602719", "screen_name": "JulieB_LFC", "name": "Belfast-Blondie \u2708\ufe0f"}], "hashtags": [], "urls": []}, "in_reply_to_screen_name": "airlivenet", "id_str": "580349579721310208", "retweet_count": 0, "in_reply_to_user_id": 2280470022, "favorited": false, "user": {"follow_request_sent": false, "profile_use_background_image": true, "profile_text_color": "333333", "default_profile_image": false, "id": 86082994, "profile_background_image_url_https": "https://abs.twimg.com/images/themes/theme1/bg.png", "verified": false, "profile_location": null, "profile_image_url_https": "https://pbs.twimg.com/profile_images/1530322265/images_normal.jpg", "profile_sidebar_fill_color": "DDEEF6", "entities": {"description": {"urls": []}}, "followers_count": 2111, "profile_sidebar_border_color": "C0DEED", "id_str": "86082994", "profile_background_color": "C0DEED", "listed_count": 14, "is_translation_enabled": false, "utc_offset": 3600, "statuses_count": 1492, "description": "Lfc and that", "friends_count": 2320, "location": "Was Wirral now Witney", "profile_link_color": "0084B4", "profile_image_url": "http://pbs.twimg.com/profile_images/1530322265/images_normal.jpg", "following": false, "geo_enabled": false, "profile_banner_url": "https://pbs.twimg.com/profile_banners/86082994/1359834507", "profile_background_image_url": "http://abs.twimg.com/images/themes/theme1/bg.png", "name": "Richard Seaman", "lang": "en", "profile_background_tile": false, "favourites_count": 118, "screen_name": "rich75LFC", "notifications": false, "url": null, "created_at": "Thu Oct 29 14:43:32 +0000 2009", "contributors_enabled": false, "time_zone": "London", "protected": false, "default_profile": true, "is_translator": false}, "geo": null, "in_reply_to_user_id_str": "2280470022", "lang": "en", "created_at": "Tue Mar 24 12:44:56 +0000 2015", "in_reply_to_status_id_str": "580348878370828288", "place": null}
