{"contributors": null, "truncated": false, "text": "@iomguiM @airlivenet Very strange..", "in_reply_to_status_id": 580349735556554752, "id": 580350657917505536, "favorite_count": 0, "source": "<a href=\"http://twitter.com/download/iphone\" rel=\"nofollow\">Twitter for iPhone</a>", "retweeted": false, "coordinates": null, "entities": {"symbols": [], "user_mentions": [{"id": 301501289, "indices": [0, 8], "id_str": "301501289", "screen_name": "iomguiM", "name": "Guillaume \u0646"}, {"id": 2280470022, "indices": [9, 20], "id_str": "2280470022", "screen_name": "airlivenet", "name": "AirLive.net"}], "hashtags": [], "urls": []}, "in_reply_to_screen_name": "iomguiM", "id_str": "580350657917505536", "retweet_count": 0, "in_reply_to_user_id": 301501289, "favorited": false, "user": {"follow_request_sent": false, "profile_use_background_image": true, "profile_text_color": "362720", "default_profile_image": false, "id": 18863590, "profile_background_image_url_https": "https://abs.twimg.com/images/themes/theme11/bg.gif", "verified": false, "profile_location": null, "profile_image_url_https": "https://pbs.twimg.com/profile_images/553475101350703104/7L25sDM1_normal.jpeg", "profile_sidebar_fill_color": "E5507E", "entities": {"description": {"urls": []}}, "followers_count": 162, "profile_sidebar_border_color": "CC3366", "id_str": "18863590", "profile_background_color": "FF6699", "listed_count": 6, "is_translation_enabled": false, "utc_offset": 3600, "statuses_count": 12545, "description": "Live in the moment, this moment is your life...\u2665\ufe0f", "friends_count": 785, "location": "Bristol ", "profile_link_color": "B40B43", "profile_image_url": "http://pbs.twimg.com/profile_images/553475101350703104/7L25sDM1_normal.jpeg", "following": false, "geo_enabled": true, "profile_banner_url": "https://pbs.twimg.com/profile_banners/18863590/1421627091", "profile_background_image_url": "http://abs.twimg.com/images/themes/theme11/bg.gif", "name": "LM", "lang": "en", "profile_background_tile": true, "favourites_count": 1024, "screen_name": "Rockchic65", "notifications": false, "url": null, "created_at": "Sun Jan 11 10:50:21 +0000 2009", "contributors_enabled": false, "time_zone": "London", "protected": false, "default_profile": false, "is_translator": false}, "geo": null, "in_reply_to_user_id_str": "301501289", "lang": "en", "created_at": "Tue Mar 24 12:49:13 +0000 2015", "in_reply_to_status_id_str": "580349735556554752", "place": null}
