{"contributors": null, "truncated": false, "text": "\u201c@airlivenet: BREAKING Authorities confirm last words from #germanwings #4U9525 A320 distress call were \"emergency, emergency\" @PIX11News", "in_reply_to_status_id": 580348878370828288, "id": 580349974497611776, "favorite_count": 2, "source": "<a href=\"http://twitter.com/download/iphone\" rel=\"nofollow\">Twitter for iPhone</a>", "retweeted": false, "coordinates": null, "entities": {"symbols": [], "user_mentions": [{"id": 2280470022, "indices": [1, 12], "id_str": "2280470022", "screen_name": "airlivenet", "name": "AirLive.net"}, {"id": 9542972, "indices": [127, 137], "id_str": "9542972", "screen_name": "PIX11News", "name": "PIX11 News"}], "hashtags": [{"indices": [59, 71], "text": "germanwings"}, {"indices": [72, 79], "text": "4U9525"}], "urls": []}, "in_reply_to_screen_name": "airlivenet", "id_str": "580349974497611776", "retweet_count": 3, "in_reply_to_user_id": 2280470022, "favorited": false, "user": {"follow_request_sent": false, "profile_use_background_image": false, "profile_text_color": "3E4415", "default_profile_image": false, "id": 125408014, "profile_background_image_url_https": "https://pbs.twimg.com/profile_background_images/783846622/4117f3600c057691f4f46bfb8fb3160a.png", "verified": true, "profile_location": null, "profile_image_url_https": "https://pbs.twimg.com/profile_images/575958778572447744/Mipsm1Oi_normal.jpeg", "profile_sidebar_fill_color": "99CC33", "entities": {"url": {"urls": [{"url": "http://t.co/fwH7BmfkCA", "indices": [0, 22], "expanded_url": "http://www.pix11.com", "display_url": "pix11.com"}]}, "description": {"urls": []}}, "followers_count": 4936, "profile_sidebar_border_color": "000000", "id_str": "125408014", "profile_background_color": "2F2533", "listed_count": 111, "is_translation_enabled": false, "utc_offset": -14400, "statuses_count": 2999, "description": "Rabid Emmy winning reporter/anchor for WPIX-TV--off cam:  enthusiastic mama, dedicated cyclist, prolific cook, frustrated tennis player.", "friends_count": 2403, "location": "NYC", "profile_link_color": "89C9FA", "profile_image_url": "http://pbs.twimg.com/profile_images/575958778572447744/Mipsm1Oi_normal.jpeg", "following": false, "geo_enabled": true, "profile_banner_url": "https://pbs.twimg.com/profile_banners/125408014/1426154449", "profile_background_image_url": "http://pbs.twimg.com/profile_background_images/783846622/4117f3600c057691f4f46bfb8fb3160a.png", "name": "Kirstin Cole", "lang": "en", "profile_background_tile": true, "favourites_count": 407, "screen_name": "kirstincoletv", "notifications": false, "url": "http://t.co/fwH7BmfkCA", "created_at": "Mon Mar 22 18:21:52 +0000 2010", "contributors_enabled": false, "time_zone": "Eastern Time (US & Canada)", "protected": false, "default_profile": false, "is_translator": false}, "geo": null, "in_reply_to_user_id_str": "2280470022", "lang": "en", "created_at": "Tue Mar 24 12:46:30 +0000 2015", "in_reply_to_status_id_str": "580348878370828288", "place": null}
