{"contributors":null,"truncated":false,"text":"@airlivenet @AhronYoung I broke that news over 50 mins ago :p","in_reply_to_status_id":580348878370828288,"id":580349473747918848,"favorite_count":0,"source":"<a href=\"http:\/\/twitter.com\/download\/iphone\" rel=\"nofollow\">Twitter for iPhone<\/a>","retweeted":false,"coordinates":null,"entities":{"symbols":[],"user_mentions":[{"id":2280470022,"indices":[0,11],"id_str":"2280470022","screen_name":"airlivenet","name":"AirLive.net"},{"id":25910700,"indices":[12,23],"id_str":"25910700","screen_name":"AhronYoung","name":"Ahron Young"}],"hashtags":[],"urls":[]},"in_reply_to_screen_name":"airlivenet","id_str":"580349473747918848","retweet_count":0,"in_reply_to_user_id":2280470022,"favorited":false,"user":{"follow_request_sent":false,"profile_use_background_image":true,"profile_text_color":"333333","default_profile_image":false,"id":190166482,"profile_background_image_url_https":"https:\/\/abs.twimg.com\/images\/themes\/theme18\/bg.gif","verified":false,"profile_location":null,"profile_image_url_https":"https:\/\/pbs.twimg.com\/profile_images\/585585294256254976\/6NoqYTGn_normal.jpg","profile_sidebar_fill_color":"F6F6F6","entities":{"description":{"urls":[]}},"followers_count":67792,"profile_sidebar_border_color":"EEEEEE","id_str":"190166482","profile_background_color":"ACDED6","listed_count":62,"is_translation_enabled":true,"utc_offset":39600,"statuses_count":65674,"description":"Stay real, stay loyal, or stay away. \uf8ff Apple Guru. International Ambassador for Anxiety & Mental Health. Royal descendant 4th generation. #AntiSelfie","friends_count":983,"location":"Earth, The third planet. ","profile_link_color":"038543","profile_image_url":"http:\/\/pbs.twimg.com\/profile_images\/585585294256254976\/6NoqYTGn_normal.jpg","following":false,"geo_enabled":false,"profile_banner_url":"https:\/\/pbs.twimg.com\/profile_banners\/190166482\/1414641481","profile_background_image_url":"http:\/\/abs.twimg.com\/images\/themes\/theme18\/bg.gif","name":"Kobi J A VanBennekom","lang":"en","profile_background_tile":false,"favourites_count":2,"screen_name":"kobijv","notifications":false,"url":null,"created_at":"Mon Sep 13 07:16:43 +0000 2010","contributors_enabled":false,"time_zone":"Melbourne","protected":false,"default_profile":false,"is_translator":false},"geo":null,"in_reply_to_user_id_str":"2280470022","lang":"en","created_at":"Tue Mar 24 12:44:31 +0000 2015","in_reply_to_status_id_str":"580348878370828288","place":null}