{"contributors": null, "truncated": false, "text": "@CT4444 @airlivenet @wmiddelkoop troll blocked long ago ;)", "in_reply_to_status_id": 580379506214588416, "id": 580381154957725696, "favorite_count": 0, "source": "<a href=\"http://tapbots.com/tweetbot\" rel=\"nofollow\">Tweetbot for i\u039fS</a>", "retweeted": false, "coordinates": null, "entities": {"symbols": [], "user_mentions": [{"id": 2428920877, "indices": [0, 7], "id_str": "2428920877", "screen_name": "CT4444", "name": "Clement Townsend"}, {"id": 2280470022, "indices": [8, 19], "id_str": "2280470022", "screen_name": "airlivenet", "name": "AirLive.net"}, {"id": 19059966, "indices": [20, 32], "id_str": "19059966", "screen_name": "wmiddelkoop", "name": "willem middelkoop"}], "hashtags": [], "urls": []}, "in_reply_to_screen_name": "CT4444", "id_str": "580381154957725696", "retweet_count": 0, "in_reply_to_user_id": 2428920877, "favorited": false, "user": {"follow_request_sent": false, "profile_use_background_image": true, "profile_text_color": "333333", "default_profile_image": false, "id": 49307468, "profile_background_image_url_https": "https://pbs.twimg.com/profile_background_images/573095100982538240/2utQ97iI.jpeg", "verified": false, "profile_location": null, "profile_image_url_https": "https://pbs.twimg.com/profile_images/417646555605131266/T0_HcoPI_normal.jpeg", "profile_sidebar_fill_color": "EFEFEF", "entities": {"description": {"urls": []}}, "followers_count": 139, "profile_sidebar_border_color": "EEEEEE", "id_str": "49307468", "profile_background_color": "131516", "listed_count": 4, "is_translation_enabled": false, "utc_offset": 10800, "statuses_count": 5131, "description": "Vergeet de groentenman. Sappige (re)tweets over politiek, geloof en andere waanzin. \nJuicy (re)tweets on politics, religion and other madness.", "friends_count": 106, "location": "\u03a3\u03c0\u03ad\u03c4\u03c3\u03b5\u03c2, \u0395\u03bb\u03bb\u03ac\u03b4\u03b1", "profile_link_color": "94D487", "profile_image_url": "http://pbs.twimg.com/profile_images/417646555605131266/T0_HcoPI_normal.jpeg", "following": false, "geo_enabled": true, "profile_banner_url": "https://pbs.twimg.com/profile_banners/49307468/1409323302", "profile_background_image_url": "http://pbs.twimg.com/profile_background_images/573095100982538240/2utQ97iI.jpeg", "name": "Fr\u24b6nkster", "lang": "en", "profile_background_tile": false, "favourites_count": 11, "screen_name": "tomaatman", "notifications": false, "url": null, "created_at": "Sun Jun 21 12:51:42 +0000 2009", "contributors_enabled": false, "time_zone": "Athens", "protected": false, "default_profile": false, "is_translator": false}, "geo": null, "in_reply_to_user_id_str": "2428920877", "lang": "en", "created_at": "Tue Mar 24 14:50:24 +0000 2015", "in_reply_to_status_id_str": "580379506214588416", "place": null}
