{"contributors": null, "truncated": false, "text": "@airlivenet @nilsrompen", "in_reply_to_status_id": 580348878370828288, "id": 580496044947070979, "favorite_count": 0, "source": "<a href=\"http://twitter.com/download/android\" rel=\"nofollow\">Twitter for Android</a>", "retweeted": false, "coordinates": null, "entities": {"symbols": [], "user_mentions": [{"id": 2280470022, "indices": [0, 11], "id_str": "2280470022", "screen_name": "airlivenet", "name": "AirLive.net"}, {"id": 95986507, "indices": [12, 23], "id_str": "95986507", "screen_name": "nilsrompen", "name": "Nils Rompen"}], "hashtags": [], "urls": []}, "in_reply_to_screen_name": "airlivenet", "id_str": "580496044947070979", "retweet_count": 0, "in_reply_to_user_id": 2280470022, "favorited": false, "user": {"follow_request_sent": false, "profile_use_background_image": true, "profile_text_color": "333333", "default_profile_image": false, "id": 2436380111, "profile_background_image_url_https": "https://abs.twimg.com/images/themes/theme1/bg.png", "verified": false, "profile_location": null, "profile_image_url_https": "https://pbs.twimg.com/profile_images/448547261388451841/AYsXTw9Z_normal.jpeg", "profile_sidebar_fill_color": "DDEEF6", "entities": {"description": {"urls": []}}, "followers_count": 6, "profile_sidebar_border_color": "C0DEED", "id_str": "2436380111", "profile_background_color": "C0DEED", "listed_count": 0, "is_translation_enabled": false, "utc_offset": null, "statuses_count": 13, "description": "", "friends_count": 28, "location": "", "profile_link_color": "0084B4", "profile_image_url": "http://pbs.twimg.com/profile_images/448547261388451841/AYsXTw9Z_normal.jpeg", "following": false, "geo_enabled": false, "profile_background_image_url": "http://abs.twimg.com/images/themes/theme1/bg.png", "name": "Rudi Spicker", "lang": "nl", "profile_background_tile": false, "favourites_count": 0, "screen_name": "rs_spicker", "notifications": false, "url": null, "created_at": "Tue Mar 25 19:46:05 +0000 2014", "contributors_enabled": false, "time_zone": null, "protected": false, "default_profile": true, "is_translator": false}, "geo": null, "in_reply_to_user_id_str": "2280470022", "lang": "und", "created_at": "Tue Mar 24 22:26:56 +0000 2015", "in_reply_to_status_id_str": "580348878370828288", "place": null}
