{"contributors":null,"truncated":false,"text":"MORE: Airbus #A320 was lost from Flightradar24 at 6800 feet at 09.39 UTC time #GermanWings http:\/\/t.co\/WKhAjiH6pQ http:\/\/t.co\/n4vTej13ff","in_reply_to_status_id":null,"id":580321372703985664,"favorite_count":13,"source":"<a href=\"https:\/\/about.twitter.com\/products\/tweetdeck\" rel=\"nofollow\">TweetDeck<\/a>","retweeted":false,"coordinates":null,"entities":{"symbols":[],"media":[{"expanded_url":"http:\/\/twitter.com\/SputnikInt\/status\/580321372703985664\/photo\/1","display_url":"pic.twitter.com\/n4vTej13ff","url":"http:\/\/t.co\/n4vTej13ff","media_url_https":"https:\/\/pbs.twimg.com\/media\/CA23IYwUYAAmLCr.png","id_str":"580321281712611328","sizes":{"small":{"h":238,"resize":"fit","w":340},"large":{"h":421,"resize":"fit","w":600},"medium":{"h":421,"resize":"fit","w":600},"thumb":{"h":150,"resize":"crop","w":150}},"indices":[114,136],"type":"photo","id":580321281712611328,"media_url":"http:\/\/pbs.twimg.com\/media\/CA23IYwUYAAmLCr.png"}],"hashtags":[{"indices":[13,18],"text":"A320"},{"indices":[78,90],"text":"GermanWings"}],"user_mentions":[],"trends":[],"urls":[{"url":"http:\/\/t.co\/WKhAjiH6pQ","indices":[91,113],"expanded_url":"http:\/\/sptnkne.ws\/kX","display_url":"sptnkne.ws\/kX"}]},"in_reply_to_screen_name":null,"id_str":"580321372703985664","retweet_count":97,"in_reply_to_user_id":null,"favorited":false,"user":{"follow_request_sent":null,"profile_use_background_image":true,"default_profile_image":false,"id":34262462,"verified":true,"profile_image_url_https":"https:\/\/pbs.twimg.com\/profile_images\/531793593728393216\/Xxo9qK0v_normal.png","profile_sidebar_fill_color":"056EAB","profile_text_color":"333333","followers_count":69503,"profile_sidebar_border_color":"FFFFFF","id_str":"34262462","profile_background_color":"131516","listed_count":2598,"profile_background_image_url_https":"https:\/\/pbs.twimg.com\/profile_background_images\/449543599537913856\/nNcxAMM_.jpeg","utc_offset":-18000,"statuses_count":73304,"description":"Sputnik News Agency and Radio","friends_count":77,"location":"","profile_link_color":"FF9600","profile_image_url":"http:\/\/pbs.twimg.com\/profile_images\/531793593728393216\/Xxo9qK0v_normal.png","following":null,"geo_enabled":false,"profile_banner_url":"https:\/\/pbs.twimg.com\/profile_banners\/34262462\/1415624470","profile_background_image_url":"http:\/\/pbs.twimg.com\/profile_background_images\/449543599537913856\/nNcxAMM_.jpeg","name":"Sputnik","lang":"en","profile_background_tile":true,"favourites_count":6,"screen_name":"SputnikInt","notifications":null,"url":"http:\/\/sputniknews.com\/","created_at":"Wed Apr 22 12:55:28 +0000 2009","contributors_enabled":false,"time_zone":"Quito","protected":false,"default_profile":false,"is_translator":false},"geo":null,"in_reply_to_user_id_str":null,"possibly_sensitive":false,"lang":"en","created_at":"Tue Mar 24 10:52:51 +0000 2015","filter_level":"low","in_reply_to_status_id_str":null,"place":null,"extended_entities":{"media":[{"expanded_url":"http:\/\/twitter.com\/SputnikInt\/status\/580321372703985664\/photo\/1","display_url":"pic.twitter.com\/n4vTej13ff","url":"http:\/\/t.co\/n4vTej13ff","media_url_https":"https:\/\/pbs.twimg.com\/media\/CA23IYwUYAAmLCr.png","id_str":"580321281712611328","sizes":{"small":{"h":238,"resize":"fit","w":340},"large":{"h":421,"resize":"fit","w":600},"medium":{"h":421,"resize":"fit","w":600},"thumb":{"h":150,"resize":"crop","w":150}},"indices":[114,136],"type":"photo","id":580321281712611328,"media_url":"http:\/\/pbs.twimg.com\/media\/CA23IYwUYAAmLCr.png"}]}}