{"contributors":null,"truncated":false,"text":"#Germanwings co-pilot suffered serious depression 6 years ago: German newspaper http:\/\/t.co\/LXDzBdNdMB http:\/\/t.co\/yTUNdHyEJY","in_reply_to_status_id":null,"id":581357303405813760,"favorite_count":12,"source":"<a href=\"https:\/\/about.twitter.com\/products\/tweetdeck\" rel=\"nofollow\">TweetDeck<\/a>","retweeted":false,"coordinates":null,"entities":{"symbols":[],"media":[{"expanded_url":"http:\/\/twitter.com\/ChannelNewsAsia\/status\/581357303405813760\/photo\/1","display_url":"pic.twitter.com\/yTUNdHyEJY","url":"http:\/\/t.co\/yTUNdHyEJY","media_url_https":"https:\/\/pbs.twimg.com\/media\/CBFlYtZUMAAvPG3.png","id_str":"581357302084546560","sizes":{"small":{"h":192,"resize":"fit","w":340},"large":{"h":513,"resize":"fit","w":908},"medium":{"h":338,"resize":"fit","w":600},"thumb":{"h":150,"resize":"crop","w":150}},"indices":[103,125],"type":"photo","id":581357302084546560,"media_url":"http:\/\/pbs.twimg.com\/media\/CBFlYtZUMAAvPG3.png"}],"hashtags":[{"indices":[0,12],"text":"Germanwings"}],"user_mentions":[],"trends":[],"urls":[{"url":"http:\/\/t.co\/LXDzBdNdMB","indices":[80,102],"expanded_url":"http:\/\/cna.asia\/1xjJrmm","display_url":"cna.asia\/1xjJrmm"}]},"in_reply_to_screen_name":null,"id_str":"581357303405813760","retweet_count":42,"in_reply_to_user_id":null,"favorited":false,"user":{"follow_request_sent":null,"profile_use_background_image":true,"default_profile_image":false,"id":38400130,"verified":true,"profile_image_url_https":"https:\/\/pbs.twimg.com\/profile_images\/582214134894215168\/vHmyeF_r_normal.jpg","profile_sidebar_fill_color":"F1EFEE","profile_text_color":"333333","followers_count":330068,"profile_sidebar_border_color":"FFFFFF","id_str":"38400130","profile_background_color":"FFFFFF","listed_count":2943,"profile_background_image_url_https":"https:\/\/pbs.twimg.com\/profile_background_images\/378800000169578978\/D44JbWd9.jpeg","utc_offset":28800,"statuses_count":158418,"description":"The official space of Channel NewsAsia - the source of breaking news from Asia & the world. We want to hear from you. Comments and news tips are welcome.","friends_count":149,"location":"Singapore","profile_link_color":"ABB8C2","profile_image_url":"http:\/\/pbs.twimg.com\/profile_images\/582214134894215168\/vHmyeF_r_normal.jpg","following":null,"geo_enabled":true,"profile_banner_url":"https:\/\/pbs.twimg.com\/profile_banners\/38400130\/1427056293","profile_background_image_url":"http:\/\/pbs.twimg.com\/profile_background_images\/378800000169578978\/D44JbWd9.jpeg","name":"Channel NewsAsia","lang":"en","profile_background_tile":false,"favourites_count":46,"screen_name":"ChannelNewsAsia","notifications":null,"url":"http:\/\/channelnewsasia.com","created_at":"Thu May 07 09:14:43 +0000 2009","contributors_enabled":false,"time_zone":"Singapore","protected":false,"default_profile":false,"is_translator":false},"geo":null,"in_reply_to_user_id_str":null,"possibly_sensitive":false,"lang":"en","created_at":"Fri Mar 27 07:29:16 +0000 2015","filter_level":"low","in_reply_to_status_id_str":null,"place":null,"extended_entities":{"media":[{"expanded_url":"http:\/\/twitter.com\/ChannelNewsAsia\/status\/581357303405813760\/photo\/1","display_url":"pic.twitter.com\/yTUNdHyEJY","url":"http:\/\/t.co\/yTUNdHyEJY","media_url_https":"https:\/\/pbs.twimg.com\/media\/CBFlYtZUMAAvPG3.png","id_str":"581357302084546560","sizes":{"small":{"h":192,"resize":"fit","w":340},"large":{"h":513,"resize":"fit","w":908},"medium":{"h":338,"resize":"fit","w":600},"thumb":{"h":150,"resize":"crop","w":150}},"indices":[103,125],"type":"photo","id":581357302084546560,"media_url":"http:\/\/pbs.twimg.com\/media\/CBFlYtZUMAAvPG3.png"}]}}