{"contributors":null,"truncated":false,"text":"@IsThatFrancesca @CNN where's your next destination? (Glad you aren't a hostage.)","in_reply_to_status_id":553522021758676992,"id":553522248364343296,"favorite_count":1,"source":"<a href=\"http:\/\/twitter.com\" rel=\"nofollow\">Twitter Web Client<\/a>","retweeted":false,"coordinates":null,"entities":{"symbols":[],"user_mentions":[{"id":288471798,"indices":[0,16],"id_str":"288471798","screen_name":"IsThatFrancesca","name":"francesca campa"},{"id":759251,"indices":[17,21],"id_str":"759251","screen_name":"CNN","name":"CNN"}],"hashtags":[],"urls":[]},"in_reply_to_screen_name":"IsThatFrancesca","id_str":"553522248364343296","retweet_count":0,"in_reply_to_user_id":288471798,"favorited":false,"user":{"follow_request_sent":false,"profile_use_background_image":false,"profile_text_color":"333333","default_profile_image":false,"id":156116115,"profile_background_image_url_https":"https:\/\/pbs.twimg.com\/profile_background_images\/240166916\/long_road_ahead.jpg","verified":false,"profile_location":null,"profile_image_url_https":"https:\/\/pbs.twimg.com\/profile_images\/586374509403320321\/WLEvj0_P_normal.jpg","profile_sidebar_fill_color":"EFEFEF","entities":{"url":{"urls":[{"url":"http:\/\/t.co\/VwMjdSjxb3","indices":[0,22],"expanded_url":"http:\/\/about.me\/MrNickRusso","display_url":"about.me\/MrNickRusso"}]},"description":{"urls":[]}},"followers_count":2890,"profile_sidebar_border_color":"EEEEEE","id_str":"156116115","profile_background_color":"131516","listed_count":22,"is_translation_enabled":false,"utc_offset":-21600,"statuses_count":51683,"description":"Houston - Radio Personality - 100% Texan - Golfer - Writer - DJ - Snapchat Master IG: mrnickrusso Snapchat: mrnickrusso @thebullhouston","friends_count":1322,"location":"\u00dcT: 29.514424,-98.44234","profile_link_color":"29394A","profile_image_url":"http:\/\/pbs.twimg.com\/profile_images\/586374509403320321\/WLEvj0_P_normal.jpg","following":false,"geo_enabled":true,"profile_banner_url":"https:\/\/pbs.twimg.com\/profile_banners\/156116115\/1412038567","profile_background_image_url":"http:\/\/pbs.twimg.com\/profile_background_images\/240166916\/long_road_ahead.jpg","name":"King Nick Russo","lang":"en","profile_background_tile":false,"favourites_count":2182,"screen_name":"Kingnickrusso","notifications":false,"url":"http:\/\/t.co\/VwMjdSjxb3","created_at":"Wed Jun 16 02:07:23 +0000 2010","contributors_enabled":false,"time_zone":"Central Time (US & Canada)","protected":false,"default_profile":false,"is_translator":false},"geo":null,"in_reply_to_user_id_str":"288471798","lang":"en","created_at":"Fri Jan 09 12:02:42 +0000 2015","in_reply_to_status_id_str":"553522021758676992","place":null}