{"contributors": null, "truncated": false, "text": "RT @CNN Police have surrounded the area where the #CharlieHebdo attack suspects are believed to be: http://t.co/WR2I2YDK09", "in_reply_to_status_id": 553515399438811136, "id": 553516443833495552, "favorite_count": 0, "source": "<a href=\"http://twitter.com\" rel=\"nofollow\">Twitter Web Client</a>", "retweeted": false, "coordinates": null, "entities": {"symbols": [], "user_mentions": [{"id": 759251, "indices": [3, 7], "id_str": "759251", "screen_name": "CNN", "name": "CNN"}], "hashtags": [{"indices": [50, 63], "text": "CharlieHebdo"}], "urls": [{"url": "http://t.co/WR2I2YDK09", "indices": [100, 122], "expanded_url": "http://cnn.it/1xYDHvp", "display_url": "cnn.it/1xYDHvp"}]}, "in_reply_to_screen_name": "CNN", "id_str": "553516443833495552", "retweet_count": 1, "in_reply_to_user_id": 759251, "favorited": false, "user": {"follow_request_sent": false, "profile_use_background_image": true, "profile_text_color": "333333", "default_profile_image": false, "id": 128917051, "profile_background_image_url_https": "https://pbs.twimg.com/profile_background_images/118685161/wall_twitter_ok.jpg", "verified": false, "profile_location": null, "profile_image_url_https": "https://pbs.twimg.com/profile_images/554354512689782785/NibIfUw3_normal.png", "profile_sidebar_fill_color": "C0DFEC", "entities": {"url": {"urls": [{"url": "http://t.co/RdJpuxnIBw", "indices": [0, 22], "expanded_url": "http://www.dia-da-terra.blogspot.com", "display_url": "dia-da-terra.blogspot.com"}]}, "description": {"urls": []}}, "followers_count": 3938, "profile_sidebar_border_color": "A8C7F7", "id_str": "128917051", "profile_background_color": "022330", "listed_count": 274, "is_translation_enabled": false, "utc_offset": -10800, "statuses_count": 258612, "description": "Concerned about climate change from Mother Gaia, Global Warming, with the greenhouse effect -  global warming    -  climate change -  geological change", "friends_count": 1094, "location": "Curitiba - Brazil", "profile_link_color": "0084B4", "profile_image_url": "http://pbs.twimg.com/profile_images/554354512689782785/NibIfUw3_normal.png", "following": false, "geo_enabled": true, "profile_banner_url": "https://pbs.twimg.com/profile_banners/128917051/1353170485", "profile_background_image_url": "http://pbs.twimg.com/profile_background_images/118685161/wall_twitter_ok.jpg", "name": "DiadaTerra", "lang": "en", "profile_background_tile": false, "favourites_count": 23567, "screen_name": "ruisaldanha", "notifications": false, "url": "http://t.co/RdJpuxnIBw", "created_at": "Fri Apr 02 16:04:11 +0000 2010", "contributors_enabled": false, "time_zone": "Santiago", "protected": false, "default_profile": false, "is_translator": false}, "geo": null, "in_reply_to_user_id_str": "759251", "possibly_sensitive": false, "lang": "en", "created_at": "Fri Jan 09 11:39:38 +0000 2015", "in_reply_to_status_id_str": "553515399438811136", "place": {"full_name": "Brazil", "url": "https://api.twitter.com/1.1/geo/id/1b107df3ccc0aaa1.json", "country": "Brasil", "place_type": "country", "bounding_box": {"type": "Polygon", "coordinates": [[[-73.991482, -33.7510506], [-32.378186, -33.7510506], [-32.378186, 5.27192], [-73.991482, 5.27192]]]}, "contained_within": [], "country_code": "BR", "attributes": {}, "id": "1b107df3ccc0aaa1", "name": "Brazil"}}
