{"contributors":null,"truncated":false,"text":"@CNN this is all happening 6 miles from me right now \ud83d\ude13","in_reply_to_status_id":553515399438811136,"id":553516583168253952,"favorite_count":0,"source":"<a href=\"http:\/\/twitter.com\/#!\/download\/ipad\" rel=\"nofollow\">Twitter for iPad<\/a>","retweeted":false,"coordinates":null,"entities":{"symbols":[],"user_mentions":[{"id":759251,"indices":[0,4],"id_str":"759251","screen_name":"CNN","name":"CNN"}],"hashtags":[],"urls":[]},"in_reply_to_screen_name":"CNN","id_str":"553516583168253952","retweet_count":0,"in_reply_to_user_id":759251,"favorited":false,"user":{"follow_request_sent":false,"profile_use_background_image":true,"profile_text_color":"666666","default_profile_image":false,"id":288471798,"profile_background_image_url_https":"https:\/\/abs.twimg.com\/images\/themes\/theme9\/bg.gif","verified":false,"profile_location":null,"profile_image_url_https":"https:\/\/pbs.twimg.com\/profile_images\/588971954327187456\/Hd0egj_B_normal.jpg","profile_sidebar_fill_color":"252429","entities":{"url":{"urls":[{"url":"http:\/\/t.co\/TSlmCeT8e4","indices":[0,22],"expanded_url":"http:\/\/www.youtube.com\/channel\/UCWe2xUY1tnCzrjDj9vGyL0w?feature=watch","display_url":"youtube.com\/channel\/UCWe2x\u2026"}]},"description":{"urls":[]}},"followers_count":782,"profile_sidebar_border_color":"181A1E","id_str":"288471798","profile_background_color":"1A1B1F","listed_count":4,"is_translation_enabled":false,"utc_offset":-25200,"statuses_count":4737,"description":"19\/ Bay Area\/ Forza Inter","friends_count":471,"location":"traveling europe","profile_link_color":"2FC2EF","profile_image_url":"http:\/\/pbs.twimg.com\/profile_images\/588971954327187456\/Hd0egj_B_normal.jpg","following":false,"geo_enabled":true,"profile_banner_url":"https:\/\/pbs.twimg.com\/profile_banners\/288471798\/1420277114","profile_background_image_url":"http:\/\/abs.twimg.com\/images\/themes\/theme9\/bg.gif","name":"francesca campa","lang":"en","profile_background_tile":false,"favourites_count":18417,"screen_name":"IsThatFrancesca","notifications":false,"url":"http:\/\/t.co\/TSlmCeT8e4","created_at":"Tue Apr 26 22:30:19 +0000 2011","contributors_enabled":false,"time_zone":"Arizona","protected":false,"default_profile":false,"is_translator":false},"geo":null,"in_reply_to_user_id_str":"759251","lang":"en","created_at":"Fri Jan 09 11:40:11 +0000 2015","in_reply_to_status_id_str":"553515399438811136","place":null}