{"contributors": null, "truncated": false, "text": "@CNN Why have these guys come out \"guns a blazing\"? Cowardice displayed at the end?", "in_reply_to_status_id": 553515399438811136, "id": 553516582836928512, "favorite_count": 1, "source": "<a href=\"http://twitter.com\" rel=\"nofollow\">Twitter Web Client</a>", "retweeted": false, "coordinates": null, "entities": {"symbols": [], "user_mentions": [{"id": 759251, "indices": [0, 4], "id_str": "759251", "screen_name": "CNN", "name": "CNN"}], "hashtags": [], "urls": []}, "in_reply_to_screen_name": "CNN", "id_str": "553516582836928512", "retweet_count": 0, "in_reply_to_user_id": 759251, "favorited": false, "user": {"follow_request_sent": false, "profile_use_background_image": true, "profile_text_color": "333333", "default_profile_image": false, "id": 224072314, "profile_background_image_url_https": "https://abs.twimg.com/images/themes/theme15/bg.png", "verified": false, "profile_location": null, "profile_image_url_https": "https://pbs.twimg.com/profile_images/1846319623/Today_is_the_Best_Day__normal.jpg", "profile_sidebar_fill_color": "C0DFEC", "entities": {"url": {"urls": [{"url": "http://t.co/wTvatskbrN", "indices": [0, 22], "expanded_url": "http://commentariesontheissues.blogspot.com/", "display_url": "commentariesontheissues.blogspot.com"}]}, "description": {"urls": []}}, "followers_count": 312, "profile_sidebar_border_color": "A8C7F7", "id_str": "224072314", "profile_background_color": "022330", "listed_count": 14, "is_translation_enabled": false, "utc_offset": -18000, "statuses_count": 13538, "description": "Retired, Interests..family, faith, governance, politics", "friends_count": 327, "location": "Cary, NC", "profile_link_color": "0084B4", "profile_image_url": "http://pbs.twimg.com/profile_images/1846319623/Today_is_the_Best_Day__normal.jpg", "following": false, "geo_enabled": true, "profile_background_image_url": "http://abs.twimg.com/images/themes/theme15/bg.png", "name": "Anthony Bruno", "lang": "en", "profile_background_tile": false, "favourites_count": 6, "screen_name": "ajbruno14", "notifications": false, "url": "http://t.co/wTvatskbrN", "created_at": "Wed Dec 08 02:29:34 +0000 2010", "contributors_enabled": false, "time_zone": "Eastern Time (US & Canada)", "protected": false, "default_profile": false, "is_translator": false}, "geo": null, "in_reply_to_user_id_str": "759251", "lang": "en", "created_at": "Fri Jan 09 11:40:11 +0000 2015", "in_reply_to_status_id_str": "553515399438811136", "place": {"full_name": "Cary, NC", "url": "https://api.twitter.com/1.1/geo/id/5c6bd208d7ddf9f6.json", "country": "United States", "place_type": "city", "bounding_box": {"type": "Polygon", "coordinates": [[[-78.9448945, 35.6443837], [-78.7291467, 35.6443837], [-78.7291467, 35.867993], [-78.9448945, 35.867993]]]}, "contained_within": [], "country_code": "US", "attributes": {}, "id": "5c6bd208d7ddf9f6", "name": "Cary"}}
