{"contributors": null, "truncated": false, "text": "@CNN if they have a female hostage more than likely she is no longer alive. Look how those who these two are associated with treat women!", "in_reply_to_status_id": 553515399438811136, "id": 553529219972468736, "favorite_count": 0, "source": "<a href=\"http://twitter.com/download/iphone\" rel=\"nofollow\">Twitter for iPhone</a>", "retweeted": false, "coordinates": null, "entities": {"symbols": [], "user_mentions": [{"id": 759251, "indices": [0, 4], "id_str": "759251", "screen_name": "CNN", "name": "CNN"}], "hashtags": [], "urls": []}, "in_reply_to_screen_name": "CNN", "id_str": "553529219972468736", "retweet_count": 0, "in_reply_to_user_id": 759251, "favorited": false, "user": {"follow_request_sent": false, "profile_use_background_image": true, "profile_text_color": "333333", "default_profile_image": false, "id": 503782099, "profile_background_image_url_https": "https://abs.twimg.com/images/themes/theme1/bg.png", "verified": false, "profile_location": null, "profile_image_url_https": "https://pbs.twimg.com/profile_images/505850186300530688/6fmRLDSV_normal.jpeg", "profile_sidebar_fill_color": "DDEEF6", "entities": {"description": {"urls": []}}, "followers_count": 1235, "profile_sidebar_border_color": "C0DEED", "id_str": "503782099", "profile_background_color": "C0DEED", "listed_count": 10, "is_translation_enabled": false, "utc_offset": -21600, "statuses_count": 6229, "description": "Just another face in the crowd, same or better story..who knows..who cares! VETERAN and Damn PROUD of It!", "friends_count": 1996, "location": "All or Nothing....Live it", "profile_link_color": "0084B4", "profile_image_url": "http://pbs.twimg.com/profile_images/505850186300530688/6fmRLDSV_normal.jpeg", "following": false, "geo_enabled": false, "profile_banner_url": "https://pbs.twimg.com/profile_banners/503782099/1409439061", "profile_background_image_url": "http://abs.twimg.com/images/themes/theme1/bg.png", "name": "Instructor Pilot", "lang": "en", "profile_background_tile": false, "favourites_count": 121, "screen_name": "instructor343", "notifications": false, "url": null, "created_at": "Sun Feb 26 00:53:06 +0000 2012", "contributors_enabled": false, "time_zone": "Central Time (US & Canada)", "protected": false, "default_profile": true, "is_translator": false}, "geo": null, "in_reply_to_user_id_str": "759251", "lang": "en", "created_at": "Fri Jan 09 12:30:24 +0000 2015", "in_reply_to_status_id_str": "553515399438811136", "place": null}
