{"contributors": null, "truncated": false, "text": "--@CNN Keep @ChrisCuomo &amp; his \"on the scene crew\" and we'll stay tuned in. Otherwise Cnn in Atlanta. You need to make host changes.  #Paris", "in_reply_to_status_id": 553515399438811136, "id": 553523060662611968, "favorite_count": 0, "source": "<a href=\"http://ubersocial.com\" rel=\"nofollow\">UberSocial for Android</a>", "retweeted": false, "coordinates": null, "entities": {"symbols": [], "user_mentions": [{"id": 759251, "indices": [2, 6], "id_str": "759251", "screen_name": "CNN", "name": "CNN"}, {"id": 22799750, "indices": [12, 23], "id_str": "22799750", "screen_name": "ChrisCuomo", "name": "Chris Cuomo"}], "hashtags": [{"indices": [137, 143], "text": "Paris"}], "urls": []}, "in_reply_to_screen_name": "CNN", "id_str": "553523060662611968", "retweet_count": 0, "in_reply_to_user_id": 759251, "favorited": false, "user": {"follow_request_sent": false, "profile_use_background_image": true, "profile_text_color": "000208", "default_profile_image": false, "id": 22873947, "profile_background_image_url_https": "https://pbs.twimg.com/profile_background_images/856661901/84a528f7574857f566d3d3705464bac7.jpeg", "verified": false, "profile_location": null, "profile_image_url_https": "https://pbs.twimg.com/profile_images/1314386837/imagesCAUK9LWC_normal.jpg", "profile_sidebar_fill_color": "D6C198", "entities": {"description": {"urls": []}}, "followers_count": 13442, "profile_sidebar_border_color": "FFFFFF", "id_str": "22873947", "profile_background_color": "DBD5AF", "listed_count": 661, "is_translation_enabled": false, "utc_offset": -18000, "statuses_count": 175932, "description": "In Politics or Horse Racing if you can't run with heart, get out of the way...Let's Race! \n     Horses *  Music  * Writing ....are lights on my journey", "friends_count": 11116, "location": "*Liberal in the South*", "profile_link_color": "3564AB", "profile_image_url": "http://pbs.twimg.com/profile_images/1314386837/imagesCAUK9LWC_normal.jpg", "following": false, "geo_enabled": false, "profile_banner_url": "https://pbs.twimg.com/profile_banners/22873947/1398207724", "profile_background_image_url": "http://pbs.twimg.com/profile_background_images/856661901/84a528f7574857f566d3d3705464bac7.jpeg", "name": "T ", "lang": "en", "profile_background_tile": true, "favourites_count": 6140, "screen_name": "southerntalker", "notifications": false, "url": null, "created_at": "Thu Mar 05 03:35:12 +0000 2009", "contributors_enabled": false, "time_zone": "Eastern Time (US & Canada)", "protected": false, "default_profile": false, "is_translator": false}, "geo": null, "in_reply_to_user_id_str": "759251", "lang": "en", "created_at": "Fri Jan 09 12:05:56 +0000 2015", "in_reply_to_status_id_str": "553515399438811136", "place": null}
