{"contributors": null, "truncated": false, "text": "@CNN Former White House official says Paris shooting was false flag http://t.co/YoYj1MrOxd #CharlieHebdoFalseFlag #ParisAttacks", "in_reply_to_status_id": 553515399438811136, "id": 553943262827143168, "favorite_count": 0, "source": "<a href=\"http://twitter.com\" rel=\"nofollow\">Twitter Web Client</a>", "retweeted": false, "coordinates": null, "entities": {"symbols": [], "user_mentions": [{"id": 759251, "indices": [0, 4], "id_str": "759251", "screen_name": "CNN", "name": "CNN"}], "hashtags": [{"indices": [91, 113], "text": "CharlieHebdoFalseFlag"}, {"indices": [114, 127], "text": "ParisAttacks"}], "urls": [{"url": "http://t.co/YoYj1MrOxd", "indices": [68, 90], "expanded_url": "http://www.presstv.ir/Detail/2015/01/10/392443/CIA-carried-out-Paris-attack-Roberts", "display_url": "presstv.ir/Detail/2015/01\u2026"}]}, "in_reply_to_screen_name": "CNN", "id_str": "553943262827143168", "retweet_count": 0, "in_reply_to_user_id": 759251, "favorited": false, "user": {"follow_request_sent": false, "profile_use_background_image": true, "profile_text_color": "333333", "default_profile_image": false, "id": 1849407440, "profile_background_image_url_https": "https://pbs.twimg.com/profile_background_images/483575380888920066/7OSm24nS.jpeg", "verified": false, "profile_location": null, "profile_image_url_https": "https://pbs.twimg.com/profile_images/556106362669633537/Z0R6azwq_normal.jpeg", "profile_sidebar_fill_color": "EFEFEF", "entities": {"url": {"urls": [{"url": "http://t.co/8Wi0QVqxGe", "indices": [0, 22], "expanded_url": "http://MillionMaskMarch.com", "display_url": "MillionMaskMarch.com"}]}, "description": {"urls": []}}, "followers_count": 379, "profile_sidebar_border_color": "FFFFFF", "id_str": "1849407440", "profile_background_color": "131516", "listed_count": 14, "is_translation_enabled": false, "utc_offset": null, "statuses_count": 7587, "description": "aka @polymathpoet", "friends_count": 16, "location": "London, United Kingdom", "profile_link_color": "009999", "profile_image_url": "http://pbs.twimg.com/profile_images/556106362669633537/Z0R6azwq_normal.jpeg", "following": false, "geo_enabled": true, "profile_banner_url": "https://pbs.twimg.com/profile_banners/1849407440/1421421026", "profile_background_image_url": "http://pbs.twimg.com/profile_background_images/483575380888920066/7OSm24nS.jpeg", "name": "Overthrow US Gov", "lang": "en", "profile_background_tile": false, "favourites_count": 256, "screen_name": "Anonomobile", "notifications": false, "url": "http://t.co/8Wi0QVqxGe", "created_at": "Mon Sep 09 20:52:57 +0000 2013", "contributors_enabled": false, "time_zone": null, "protected": false, "default_profile": false, "is_translator": false}, "geo": null, "in_reply_to_user_id_str": "759251", "possibly_sensitive": false, "lang": "en", "created_at": "Sat Jan 10 15:55:40 +0000 2015", "in_reply_to_status_id_str": "553515399438811136", "place": null}
