{"contributors":null,"truncated":false,"text":"Witness: Police allegedly stopped Mike Brown after yelling at him to walk on sidewalk. #Ferguson http:\/\/t.co\/XG00R6w0k6","in_reply_to_status_id":null,"id":498430783699554305,"favorite_count":52,"source":"<a href=\"http:\/\/twitter.com\" rel=\"nofollow\">Twitter Web Client<\/a>","retweeted":false,"coordinates":null,"entities":{"symbols":[],"user_mentions":[],"hashtags":[{"indices":[87,96],"text":"Ferguson"}],"urls":[],"media":[{"expanded_url":"http:\/\/twitter.com\/MichaelSkolnik\/status\/498430783699554305\/photo\/1","display_url":"pic.twitter.com\/XG00R6w0k6","url":"http:\/\/t.co\/XG00R6w0k6","media_url_https":"https:\/\/pbs.twimg.com\/media\/BurIKArCIAE5fz_.jpg","id_str":"498430783082602497","sizes":{"small":{"h":453,"resize":"fit","w":340},"large":{"h":817,"resize":"fit","w":612},"medium":{"h":800,"resize":"fit","w":600},"thumb":{"h":150,"resize":"crop","w":150}},"indices":[97,119],"type":"photo","id":498430783082602497,"media_url":"http:\/\/pbs.twimg.com\/media\/BurIKArCIAE5fz_.jpg"}]},"in_reply_to_screen_name":null,"id_str":"498430783699554305","retweet_count":285,"in_reply_to_user_id":null,"favorited":false,"user":{"follow_request_sent":false,"profile_use_background_image":true,"default_profile_image":false,"id":24165761,"profile_background_image_url_https":"https:\/\/abs.twimg.com\/images\/themes\/theme4\/bg.gif","verified":true,"profile_text_color":"3C3940","profile_image_url_https":"https:\/\/pbs.twimg.com\/profile_images\/570370729964920832\/NSsz3-uv_normal.jpeg","profile_sidebar_fill_color":"95E8EC","entities":{"url":{"urls":[{"url":"http:\/\/t.co\/uYd9vD5LNN","indices":[0,22],"expanded_url":"http:\/\/en.wikipedia.org\/wiki\/Michael_Skolnik","display_url":"en.wikipedia.org\/wiki\/Michael_S\u2026"}]},"description":{"urls":[]}},"followers_count":134533,"profile_sidebar_border_color":"5ED4DC","id_str":"24165761","profile_background_color":"0099B9","listed_count":1699,"is_translation_enabled":false,"utc_offset":-14400,"statuses_count":28788,"description":"Political Director to Russell Simmons + Editor-In-Chief of GlobalGrind. Contact: info@mskolnik.com","friends_count":108,"location":"","profile_link_color":"0099B9","profile_image_url":"http:\/\/pbs.twimg.com\/profile_images\/570370729964920832\/NSsz3-uv_normal.jpeg","following":false,"geo_enabled":true,"profile_banner_url":"https:\/\/pbs.twimg.com\/profile_banners\/24165761\/1406690750","profile_background_image_url":"http:\/\/abs.twimg.com\/images\/themes\/theme4\/bg.gif","screen_name":"MichaelSkolnik","lang":"en","profile_background_tile":false,"favourites_count":20514,"name":"Michael Skolnik","notifications":false,"url":"http:\/\/t.co\/uYd9vD5LNN","created_at":"Fri Mar 13 12:55:21 +0000 2009","contributors_enabled":false,"time_zone":"Eastern Time (US & Canada)","protected":false,"default_profile":false,"is_translator":false},"geo":null,"in_reply_to_user_id_str":null,"possibly_sensitive":false,"lang":"en","created_at":"Sun Aug 10 11:28:53 +0000 2014","in_reply_to_status_id_str":null,"place":null,"extended_entities":{"media":[{"expanded_url":"http:\/\/twitter.com\/MichaelSkolnik\/status\/498430783699554305\/photo\/1","display_url":"pic.twitter.com\/XG00R6w0k6","url":"http:\/\/t.co\/XG00R6w0k6","media_url_https":"https:\/\/pbs.twimg.com\/media\/BurIKArCIAE5fz_.jpg","id_str":"498430783082602497","sizes":{"small":{"h":453,"resize":"fit","w":340},"large":{"h":817,"resize":"fit","w":612},"medium":{"h":800,"resize":"fit","w":600},"thumb":{"h":150,"resize":"crop","w":150}},"indices":[97,119],"type":"photo","id":498430783082602497,"media_url":"http:\/\/pbs.twimg.com\/media\/BurIKArCIAE5fz_.jpg"}]}}