{"contributors": null, "truncated": false, "text": "If u think something another says can somehow hold you back, you're a loser &amp; deserve failure @TimmyTurnUp @MichaelSkolnik @Agent_Kindi", "in_reply_to_status_id": 498440508256292864, "id": 498488821197991937, "favorite_count": 0, "source": "<a href=\"http://twitter.com/download/iphone\" rel=\"nofollow\">Twitter for iPhone</a>", "retweeted": false, "coordinates": null, "entities": {"symbols": [], "user_mentions": [{"id": 61934810, "indices": [98, 110], "id_str": "61934810", "screen_name": "TimmyTurnUp", "name": "craze"}, {"id": 24165761, "indices": [111, 126], "id_str": "24165761", "screen_name": "MichaelSkolnik", "name": "Michael Skolnik"}, {"id": 798151213, "indices": [127, 139], "id_str": "798151213", "screen_name": "Agent_Kindi", "name": "Agent Kindi "}], "hashtags": [], "urls": []}, "in_reply_to_screen_name": "TimmyTurnUp", "id_str": "498488821197991937", "retweet_count": 0, "in_reply_to_user_id": 61934810, "favorited": false, "user": {"follow_request_sent": false, "profile_use_background_image": true, "default_profile_image": false, "id": 2285764364, "profile_background_image_url_https": "https://abs.twimg.com/images/themes/theme1/bg.png", "verified": false, "profile_text_color": "333333", "profile_image_url_https": "https://pbs.twimg.com/profile_images/493680503891836928/CHNAWGtp_normal.jpeg", "profile_sidebar_fill_color": "DDEEF6", "entities": {"description": {"urls": []}}, "followers_count": 10, "profile_sidebar_border_color": "C0DEED", "id_str": "2285764364", "profile_background_color": "C0DEED", "listed_count": 0, "is_translation_enabled": false, "utc_offset": null, "statuses_count": 72, "description": "You know me.", "friends_count": 17, "location": "", "profile_link_color": "0084B4", "profile_image_url": "http://pbs.twimg.com/profile_images/493680503891836928/CHNAWGtp_normal.jpeg", "following": false, "geo_enabled": false, "profile_banner_url": "https://pbs.twimg.com/profile_banners/2285764364/1393049676", "profile_background_image_url": "http://abs.twimg.com/images/themes/theme1/bg.png", "screen_name": "Supreme___Power", "lang": "en", "profile_background_tile": false, "favourites_count": 24, "name": "masterplan", "notifications": false, "url": null, "created_at": "Fri Jan 10 23:14:49 +0000 2014", "contributors_enabled": false, "time_zone": null, "protected": false, "default_profile": true, "is_translator": false}, "geo": null, "in_reply_to_user_id_str": "61934810", "lang": "en", "created_at": "Sun Aug 10 15:19:31 +0000 2014", "in_reply_to_status_id_str": "498440508256292864", "place": null}
