{"contributors": null, "truncated": false, "text": "@MichaelSkolnik @Agent_Kindi @Supreme___Power These responses explain why thiskeeps happening. Too many white men hate black men. Sad.", "in_reply_to_status_id": 498430783699554305, "id": 498440508256292864, "favorite_count": 1, "source": "<a href=\"http://twitter.com/download/android\" rel=\"nofollow\">Twitter for Android</a>", "retweeted": false, "coordinates": null, "entities": {"symbols": [], "user_mentions": [{"id": 24165761, "indices": [0, 15], "id_str": "24165761", "screen_name": "MichaelSkolnik", "name": "Michael Skolnik"}, {"id": 798151213, "indices": [16, 28], "id_str": "798151213", "screen_name": "Agent_Kindi", "name": "Agent Kindi "}, {"id": 2285764364, "indices": [29, 45], "id_str": "2285764364", "screen_name": "Supreme___Power", "name": "masterplan"}], "hashtags": [], "urls": []}, "in_reply_to_screen_name": "MichaelSkolnik", "id_str": "498440508256292864", "retweet_count": 2, "in_reply_to_user_id": 24165761, "favorited": false, "user": {"follow_request_sent": false, "profile_use_background_image": true, "default_profile_image": false, "id": 61934810, "profile_background_image_url_https": "https://pbs.twimg.com/profile_background_images/66932041/img3.jpg", "verified": false, "profile_text_color": "666666", "profile_image_url_https": "https://pbs.twimg.com/profile_images/344513261574307646/e112414b6b85f87fa0abc696a5aeaf62_normal.jpeg", "profile_sidebar_fill_color": "252429", "entities": {"url": {"urls": [{"url": "http://t.co/AILhzBnYs3", "indices": [0, 22], "expanded_url": "http://youtube.com/craze189", "display_url": "youtube.com/craze189"}]}, "description": {"urls": []}}, "followers_count": 56, "profile_sidebar_border_color": "181A1E", "id_str": "61934810", "profile_background_color": "1A1B1F", "listed_count": 0, "is_translation_enabled": false, "utc_offset": -14400, "statuses_count": 816, "description": "Son/Father, Fighter/Lover, Student/Teacher, Laid-back/Livewire, Young Heart/Old Soul... I'm the walking contradiction you should be FOLLOWING!!!", "friends_count": 202, "location": "Newark, NJ", "profile_link_color": "2FC2EF", "profile_image_url": "http://pbs.twimg.com/profile_images/344513261574307646/e112414b6b85f87fa0abc696a5aeaf62_normal.jpeg", "following": false, "geo_enabled": true, "profile_background_image_url": "http://pbs.twimg.com/profile_background_images/66932041/img3.jpg", "screen_name": "TimmyTurnUp", "lang": "en", "profile_background_tile": true, "favourites_count": 49, "name": "craze", "notifications": false, "url": "http://t.co/AILhzBnYs3", "created_at": "Sat Aug 01 02:09:19 +0000 2009", "contributors_enabled": false, "time_zone": "Eastern Time (US & Canada)", "protected": false, "default_profile": false, "is_translator": false}, "geo": null, "in_reply_to_user_id_str": "24165761", "lang": "en", "created_at": "Sun Aug 10 12:07:32 +0000 2014", "in_reply_to_status_id_str": "498430783699554305", "place": null}
