{"contributors":null,"truncated":false,"text":"@Supreme___Power @MichaelSkolnik You so edgy.","in_reply_to_status_id":498433698149056513,"id":498488174923227136,"favorite_count":0,"source":"<a href=\"http:\/\/twitter.com\/download\/iphone\" rel=\"nofollow\">Twitter for iPhone<\/a>","retweeted":false,"coordinates":null,"entities":{"symbols":[],"user_mentions":[{"id":2285764364,"indices":[0,16],"id_str":"2285764364","screen_name":"Supreme___Power","name":"masterplan"},{"id":24165761,"indices":[17,32],"id_str":"24165761","screen_name":"MichaelSkolnik","name":"Michael Skolnik"}],"hashtags":[],"urls":[]},"in_reply_to_screen_name":"Supreme___Power","id_str":"498488174923227136","retweet_count":0,"in_reply_to_user_id":2285764364,"favorited":false,"user":{"follow_request_sent":false,"profile_use_background_image":true,"default_profile_image":false,"id":277170191,"profile_background_image_url_https":"https:\/\/pbs.twimg.com\/profile_background_images\/378800000026892901\/98880a894d7e107b9248c68224bcbb6b.jpeg","verified":false,"profile_text_color":"333333","profile_image_url_https":"https:\/\/pbs.twimg.com\/profile_images\/590629421222125569\/zo195_UF_normal.jpg","profile_sidebar_fill_color":"EFEFEF","entities":{"url":{"urls":[{"url":"http:\/\/t.co\/JXSh5c2Cmd","indices":[0,22],"expanded_url":"http:\/\/m.soundcloud.com\/spittahs-militia","display_url":"m.soundcloud.com\/spittahs-milit\u2026"}]},"description":{"urls":[]}},"followers_count":451,"profile_sidebar_border_color":"FFFFFF","id_str":"277170191","profile_background_color":"131516","listed_count":0,"is_translation_enabled":false,"utc_offset":-14400,"statuses_count":29239,"description":"Your Friendly Neighborhood Rap Geek #YoungGod #RoyDaRappah #CertifiedFresh #Ingenius #SpittahsMilitia #RVA","friends_count":477,"location":"Richmond Va","profile_link_color":"009999","profile_image_url":"http:\/\/pbs.twimg.com\/profile_images\/590629421222125569\/zo195_UF_normal.jpg","following":false,"geo_enabled":false,"profile_banner_url":"https:\/\/pbs.twimg.com\/profile_banners\/277170191\/1353132577","profile_background_image_url":"http:\/\/pbs.twimg.com\/profile_background_images\/378800000026892901\/98880a894d7e107b9248c68224bcbb6b.jpeg","screen_name":"RoyDaRappah","lang":"en","profile_background_tile":true,"favourites_count":501,"name":"Strangest Quality","notifications":false,"url":"http:\/\/t.co\/JXSh5c2Cmd","created_at":"Mon Apr 04 20:55:21 +0000 2011","contributors_enabled":false,"time_zone":"Eastern Time (US & Canada)","protected":false,"default_profile":false,"is_translator":false},"geo":null,"in_reply_to_user_id_str":"2285764364","lang":"en","created_at":"Sun Aug 10 15:16:57 +0000 2014","in_reply_to_status_id_str":"498433698149056513","place":null}