{"contributors":null,"truncated":false,"text":"RAW VIDEO : Parliament Hill shooting.\nVideo from inside Parliament Hill after shots were fired. #breaking http:\/\/t.co\/sIwoId5RoH #CBCNews","in_reply_to_status_id":null,"id":524948941956448257,"favorite_count":35,"source":"<a href=\"https:\/\/about.twitter.com\/products\/tweetdeck\" rel=\"nofollow\">TweetDeck<\/a>","retweeted":false,"coordinates":null,"entities":{"symbols":[],"user_mentions":[],"hashtags":[{"indices":[96,105],"text":"breaking"},{"indices":[129,137],"text":"CBCNews"}],"urls":[{"url":"http:\/\/t.co\/sIwoId5RoH","indices":[106,128],"expanded_url":"http:\/\/youtu.be\/tAw0W2j_fbw","display_url":"youtu.be\/tAw0W2j_fbw"}]},"in_reply_to_screen_name":null,"id_str":"524948941956448257","retweet_count":189,"in_reply_to_user_id":null,"favorited":false,"user":{"follow_request_sent":false,"profile_use_background_image":true,"default_profile_image":false,"id":6433472,"profile_background_image_url_https":"https:\/\/pbs.twimg.com\/profile_background_images\/167724092\/cbcnews_twitter_pg-yellow.JPG","verified":true,"profile_text_color":"0C3E53","profile_image_url_https":"https:\/\/pbs.twimg.com\/profile_images\/466664981673410560\/886Az0vu_normal.jpeg","profile_sidebar_fill_color":"FFF7CC","entities":{"url":{"urls":[{"url":"http:\/\/t.co\/ZLZObOnET1","indices":[0,22],"expanded_url":"http:\/\/www.cbc.ca\/news\/","display_url":"cbc.ca\/news\/"}]},"description":{"urls":[]}},"followers_count":639562,"profile_sidebar_border_color":"F2E195","id_str":"6433472","profile_background_color":"000000","listed_count":9725,"is_translation_enabled":false,"utc_offset":-14400,"statuses_count":91060,"description":"Canadian breaking news and analysis from CBCNews.ca, TV and radio.","friends_count":1940,"location":"Canada","profile_link_color":"FF0000","profile_image_url":"http:\/\/pbs.twimg.com\/profile_images\/466664981673410560\/886Az0vu_normal.jpeg","following":false,"geo_enabled":true,"profile_banner_url":"https:\/\/pbs.twimg.com\/profile_banners\/6433472\/1400096610","profile_background_image_url":"http:\/\/pbs.twimg.com\/profile_background_images\/167724092\/cbcnews_twitter_pg-yellow.JPG","screen_name":"CBCNews","lang":"en","profile_background_tile":false,"favourites_count":2159,"name":"CBC News","notifications":false,"url":"http:\/\/t.co\/ZLZObOnET1","created_at":"Wed May 30 05:20:39 +0000 2007","contributors_enabled":false,"time_zone":"Eastern Time (US & Canada)","protected":false,"default_profile":false,"is_translator":false},"geo":null,"in_reply_to_user_id_str":null,"possibly_sensitive":false,"lang":"en","created_at":"Wed Oct 22 15:42:35 +0000 2014","in_reply_to_status_id_str":null,"place":null}