{"contributors": null, "truncated": false, "text": "@ThisIsGaZa \u0625\u0650\u0646\u064e\u0651\u0627 \u0644\u0650\u0644\u0651\u0647\u0650 \u0648\u064e\u0625\u0650\u0646\u064e\u0651\u0640\u0627 \u0625\u0650\u0644\u064e\u064a\u0652\u0647\u0650 \u0631\u064e\u0627\u062c\u0650\u0639\u0648\u0646\u064e", "in_reply_to_status_id": 580329886532968448, "id": 580347029001347072, "favorite_count": 0, "source": "<a href=\"http://twitter.com/#!/download/ipad\" rel=\"nofollow\">Twitter for iPad</a>", "retweeted": false, "coordinates": {"type": "Point", "coordinates": [110.47623911, 1.66348882]}, "entities": {"symbols": [], "user_mentions": [{"id": 17740486, "indices": [0, 11], "id_str": "17740486", "screen_name": "ThisIsGaZa", "name": "Gaza Writes Back"}], "hashtags": [], "urls": []}, "in_reply_to_screen_name": "ThisIsGaZa", "id_str": "580347029001347072", "retweet_count": 0, "in_reply_to_user_id": 17740486, "favorited": false, "user": {"follow_request_sent": false, "profile_use_background_image": true, "profile_text_color": "333333", "default_profile_image": false, "id": 744921588, "profile_background_image_url_https": "https://abs.twimg.com/images/themes/theme1/bg.png", "verified": false, "profile_location": null, "profile_image_url_https": "https://pbs.twimg.com/profile_images/575632294590832640/tDC4lLqP_normal.jpeg", "profile_sidebar_fill_color": "DDEEF6", "entities": {"description": {"urls": []}}, "followers_count": 508, "profile_sidebar_border_color": "C0DEED", "id_str": "744921588", "profile_background_color": "C0DEED", "listed_count": 8, "is_translation_enabled": false, "utc_offset": 28800, "statuses_count": 9165, "description": "How to pronounce my name...it is Bah-Eem. I love #Champs. Snapchat : ibrahimalli | Instagram : baimalli | shots : baimalli", "friends_count": 612, "location": "Kuching, Sarawak, MALAYSIA", "profile_link_color": "0084B4", "profile_image_url": "http://pbs.twimg.com/profile_images/575632294590832640/tDC4lLqP_normal.jpeg", "following": false, "geo_enabled": true, "profile_banner_url": "https://pbs.twimg.com/profile_banners/744921588/1426076293", "profile_background_image_url": "http://abs.twimg.com/images/themes/theme1/bg.png", "name": "Baim Alli \u2652 #CHAMPS", "lang": "en", "profile_background_tile": false, "favourites_count": 10919, "screen_name": "BaimAlli", "notifications": false, "url": null, "created_at": "Wed Aug 08 10:24:01 +0000 2012", "contributors_enabled": false, "time_zone": "Kuala Lumpur", "protected": false, "default_profile": true, "is_translator": false}, "geo": {"type": "Point", "coordinates": [1.66348882, 110.47623911]}, "in_reply_to_user_id_str": "17740486", "lang": "ar", "created_at": "Tue Mar 24 12:34:48 +0000 2015", "in_reply_to_status_id_str": "580329886532968448", "place": {"full_name": "Kuching, Sarawak", "url": "https://api.twitter.com/1.1/geo/id/c9250e46aa4bac0b.json", "country": "Malaysia", "place_type": "city", "bounding_box": {"type": "Polygon", "coordinates": [[[110.1283146, 1.0524881], [110.5377405, 1.0524881], [110.5377405, 1.8059712], [110.1283146, 1.8059712]]]}, "contained_within": [], "country_code": "MY", "attributes": {}, "id": "c9250e46aa4bac0b", "name": "Kuching"}}
