{"contributors":null,"truncated":false,"text":"VIDEO -  BREAKING NEWS - Germanwings Airbus crashes in the French Alps with 148 onboard http:\/\/t.co\/C2fJV2Uapu http:\/\/t.co\/y0RoEPBMqM","in_reply_to_status_id":null,"id":580330369603366913,"favorite_count":9,"source":"<a href=\"http:\/\/dlvr.it\" rel=\"nofollow\">dlvr.it<\/a>","retweeted":false,"coordinates":null,"entities":{"symbols":[],"user_mentions":[],"hashtags":[],"urls":[{"url":"http:\/\/t.co\/C2fJV2Uapu","indices":[88,110],"expanded_url":"http:\/\/f24.my\/1HvDNh1","display_url":"f24.my\/1HvDNh1"}],"media":[{"expanded_url":"http:\/\/twitter.com\/France24_en\/status\/580330369603366913\/photo\/1","display_url":"pic.twitter.com\/y0RoEPBMqM","url":"http:\/\/t.co\/y0RoEPBMqM","media_url_https":"https:\/\/pbs.twimg.com\/media\/CA2_ZXhUQAAO9sf.jpg","id_str":"580330369532051456","sizes":{"small":{"h":255,"resize":"fit","w":340},"large":{"h":360,"resize":"fit","w":480},"medium":{"h":360,"resize":"fit","w":480},"thumb":{"h":150,"resize":"crop","w":150}},"indices":[111,133],"type":"photo","id":580330369532051456,"media_url":"http:\/\/pbs.twimg.com\/media\/CA2_ZXhUQAAO9sf.jpg"}]},"in_reply_to_screen_name":null,"id_str":"580330369603366913","retweet_count":58,"in_reply_to_user_id":null,"favorited":false,"user":{"follow_request_sent":false,"profile_use_background_image":true,"profile_text_color":"115A95","default_profile_image":false,"id":25049056,"profile_background_image_url_https":"https:\/\/pbs.twimg.com\/profile_background_images\/435454890756681728\/FWcSYFxe.png","verified":true,"profile_location":null,"profile_image_url_https":"https:\/\/pbs.twimg.com\/profile_images\/570598677773680640\/lWdpoYj7_normal.png","profile_sidebar_fill_color":"CADAEB","entities":{"url":{"urls":[{"url":"http:\/\/t.co\/TYlJ4gQBkR","indices":[0,22],"expanded_url":"http:\/\/www.france24.com\/en\/","display_url":"france24.com\/en\/"}]},"description":{"urls":[{"url":"http:\/\/t.co\/en6hSsteg1","indices":[35,57],"expanded_url":"http:\/\/www.france24.com","display_url":"france24.com"}]}},"followers_count":93671,"profile_sidebar_border_color":"000000","id_str":"25049056","profile_background_color":"FFFFFF","listed_count":2977,"is_translation_enabled":false,"utc_offset":3600,"statuses_count":82752,"description":"French international news channel (http:\/\/t.co\/en6hSsteg1)","friends_count":1182,"location":"Paris","profile_link_color":"00A7E3","profile_image_url":"http:\/\/pbs.twimg.com\/profile_images\/570598677773680640\/lWdpoYj7_normal.png","following":false,"geo_enabled":true,"profile_banner_url":"https:\/\/pbs.twimg.com\/profile_banners\/25049056\/1399629069","profile_background_image_url":"http:\/\/pbs.twimg.com\/profile_background_images\/435454890756681728\/FWcSYFxe.png","name":"FRANCE 24 English","lang":"en","profile_background_tile":false,"favourites_count":32,"screen_name":"France24_en","notifications":false,"url":"http:\/\/t.co\/TYlJ4gQBkR","created_at":"Wed Mar 18 09:22:54 +0000 2009","contributors_enabled":false,"time_zone":"Paris","protected":false,"default_profile":false,"is_translator":false},"geo":null,"in_reply_to_user_id_str":null,"possibly_sensitive":false,"lang":"en","created_at":"Tue Mar 24 11:28:36 +0000 2015","in_reply_to_status_id_str":null,"place":null,"extended_entities":{"media":[{"expanded_url":"http:\/\/twitter.com\/France24_en\/status\/580330369603366913\/photo\/1","display_url":"pic.twitter.com\/y0RoEPBMqM","url":"http:\/\/t.co\/y0RoEPBMqM","media_url_https":"https:\/\/pbs.twimg.com\/media\/CA2_ZXhUQAAO9sf.jpg","id_str":"580330369532051456","sizes":{"small":{"h":255,"resize":"fit","w":340},"large":{"h":360,"resize":"fit","w":480},"medium":{"h":360,"resize":"fit","w":480},"thumb":{"h":150,"resize":"crop","w":150}},"indices":[111,133],"type":"photo","id":580330369532051456,"media_url":"http:\/\/pbs.twimg.com\/media\/CA2_ZXhUQAAO9sf.jpg"}]}}