{"contributors":null,"truncated":false,"text":"NHL postpones Maple Leafs-Senators game after tragic shootings in Ottawa. http:\/\/t.co\/ANVfFm4Jca http:\/\/t.co\/g60sdEUw6R","in_reply_to_status_id":null,"id":524976773671292928,"favorite_count":75,"source":"<a href=\"https:\/\/about.twitter.com\/products\/tweetdeck\" rel=\"nofollow\">TweetDeck<\/a>","retweeted":false,"coordinates":null,"entities":{"symbols":[],"media":[{"expanded_url":"http:\/\/twitter.com\/theScore\/status\/524976773671292928\/photo\/1","display_url":"pic.twitter.com\/g60sdEUw6R","url":"http:\/\/t.co\/g60sdEUw6R","media_url_https":"https:\/\/pbs.twimg.com\/media\/B0kXl-lCAAAtTs_.jpg","id_str":"524976772786290688","sizes":{"large":{"h":512,"resize":"fit","w":1024},"small":{"h":170,"resize":"fit","w":340},"medium":{"h":300,"resize":"fit","w":600},"thumb":{"h":150,"resize":"crop","w":150}},"indices":[97,119],"type":"photo","id":524976772786290688,"media_url":"http:\/\/pbs.twimg.com\/media\/B0kXl-lCAAAtTs_.jpg"}],"hashtags":[],"user_mentions":[],"trends":[],"urls":[{"url":"http:\/\/t.co\/ANVfFm4Jca","indices":[74,96],"expanded_url":"http:\/\/thesco.re\/1s8PxMZ","display_url":"thesco.re\/1s8PxMZ"}]},"in_reply_to_screen_name":null,"id_str":"524976773671292928","retweet_count":145,"in_reply_to_user_id":null,"favorited":false,"user":{"follow_request_sent":null,"profile_use_background_image":true,"default_profile_image":false,"id":15256225,"verified":true,"profile_image_url_https":"https:\/\/pbs.twimg.com\/profile_images\/433322476320194560\/kM8BcHiT_normal.png","profile_sidebar_fill_color":"02224B","profile_text_color":"DEDEDE","followers_count":226667,"profile_sidebar_border_color":"FFFFFF","id_str":"15256225","profile_background_color":"08182D","listed_count":2357,"profile_background_image_url_https":"https:\/\/pbs.twimg.com\/profile_background_images\/433728222501421056\/lI7PYLM9.png","utc_offset":-14400,"statuses_count":64593,"description":"theScore is the ultimate, personalized mobile sports experience. Download here: http:\/\/thesco.re\/theScoreApp . For support, tweet @theScoreHelp.","friends_count":543,"location":"","profile_link_color":"3299D1","profile_image_url":"http:\/\/pbs.twimg.com\/profile_images\/433322476320194560\/kM8BcHiT_normal.png","following":null,"geo_enabled":false,"profile_banner_url":"https:\/\/pbs.twimg.com\/profile_banners\/15256225\/1409709271","profile_background_image_url":"http:\/\/pbs.twimg.com\/profile_background_images\/433728222501421056\/lI7PYLM9.png","name":"theScore","lang":"en","profile_background_tile":false,"favourites_count":1195,"screen_name":"theScore","notifications":null,"url":"http:\/\/www.theScore.com","created_at":"Fri Jun 27 18:03:32 +0000 2008","contributors_enabled":false,"time_zone":"Eastern Time (US & Canada)","protected":false,"default_profile":false,"is_translator":false},"geo":null,"in_reply_to_user_id_str":null,"possibly_sensitive":false,"lang":"en","created_at":"Wed Oct 22 17:33:11 +0000 2014","filter_level":"low","in_reply_to_status_id_str":null,"place":null,"extended_entities":{"media":[{"expanded_url":"http:\/\/twitter.com\/theScore\/status\/524976773671292928\/photo\/1","display_url":"pic.twitter.com\/g60sdEUw6R","url":"http:\/\/t.co\/g60sdEUw6R","media_url_https":"https:\/\/pbs.twimg.com\/media\/B0kXl-lCAAAtTs_.jpg","id_str":"524976772786290688","sizes":{"large":{"h":512,"resize":"fit","w":1024},"small":{"h":170,"resize":"fit","w":340},"medium":{"h":300,"resize":"fit","w":600},"thumb":{"h":150,"resize":"crop","w":150}},"indices":[97,119],"type":"photo","id":524976772786290688,"media_url":"http:\/\/pbs.twimg.com\/media\/B0kXl-lCAAAtTs_.jpg"}]}}