{"contributors":null,"truncated":false,"text":"[Happening Now] Shooting and hostage situation at Kosher supermarket in eastern #Paris http:\/\/t.co\/TszoK14DJH http:\/\/t.co\/lAYTn6mfvs","in_reply_to_status_id":null,"id":553533499643547648,"favorite_count":19,"source":"<a href=\"https:\/\/about.twitter.com\/products\/tweetdeck\" rel=\"nofollow\">TweetDeck<\/a>","retweeted":false,"coordinates":null,"entities":{"symbols":[],"media":[{"expanded_url":"http:\/\/twitter.com\/euronews\/status\/553533499643547648\/photo\/1","display_url":"pic.twitter.com\/lAYTn6mfvs","url":"http:\/\/t.co\/lAYTn6mfvs","media_url_https":"https:\/\/pbs.twimg.com\/media\/B66LsUpCUAAk-Qm.jpg","id_str":"553533397784481792","sizes":{"large":{"h":348,"resize":"fit","w":620},"small":{"h":190,"resize":"fit","w":340},"medium":{"h":336,"resize":"fit","w":600},"thumb":{"h":150,"resize":"crop","w":150}},"indices":[110,132],"type":"photo","id":553533397784481792,"media_url":"http:\/\/pbs.twimg.com\/media\/B66LsUpCUAAk-Qm.jpg"}],"hashtags":[{"indices":[80,86],"text":"Paris"}],"user_mentions":[],"trends":[],"urls":[{"url":"http:\/\/t.co\/TszoK14DJH","indices":[87,109],"expanded_url":"http:\/\/eurone.ws\/H2rYE","display_url":"eurone.ws\/H2rYE"}]},"in_reply_to_screen_name":null,"id_str":"553533499643547648","retweet_count":150,"in_reply_to_user_id":null,"favorited":false,"user":{"follow_request_sent":null,"profile_use_background_image":true,"default_profile_image":false,"id":25067168,"verified":true,"profile_image_url_https":"https:\/\/pbs.twimg.com\/profile_images\/578955751508574208\/cBkd0ibC_normal.png","profile_sidebar_fill_color":"E8E8E8","profile_text_color":"757175","followers_count":130242,"profile_sidebar_border_color":"FFFFFF","id_str":"25067168","profile_background_color":"969698","listed_count":4098,"profile_background_image_url_https":"https:\/\/pbs.twimg.com\/profile_background_images\/450916122896760832\/zEPsIgMF.png","utc_offset":3600,"statuses_count":48493,"description":"Most watched news channel in Europe. We tweet in 13 languages. Choose yours: http:\/\/eurone.ws\/BDtH7","friends_count":337,"location":"Europe","profile_link_color":"0084B4","profile_image_url":"http:\/\/pbs.twimg.com\/profile_images\/578955751508574208\/cBkd0ibC_normal.png","following":null,"geo_enabled":false,"profile_banner_url":"https:\/\/pbs.twimg.com\/profile_banners\/25067168\/1416910279","profile_background_image_url":"http:\/\/pbs.twimg.com\/profile_background_images\/450916122896760832\/zEPsIgMF.png","name":"euronews","lang":"en","profile_background_tile":false,"favourites_count":616,"screen_name":"euronews","notifications":null,"url":"http:\/\/www.euronews.com\/","created_at":"Wed Mar 18 12:57:11 +0000 2009","contributors_enabled":false,"time_zone":"Paris","protected":false,"default_profile":false,"is_translator":false},"geo":null,"in_reply_to_user_id_str":null,"possibly_sensitive":false,"lang":"en","created_at":"Fri Jan 09 12:47:25 +0000 2015","filter_level":"low","in_reply_to_status_id_str":null,"place":null,"extended_entities":{"media":[{"expanded_url":"http:\/\/twitter.com\/euronews\/status\/553533499643547648\/photo\/1","display_url":"pic.twitter.com\/lAYTn6mfvs","url":"http:\/\/t.co\/lAYTn6mfvs","media_url_https":"https:\/\/pbs.twimg.com\/media\/B66LsUpCUAAk-Qm.jpg","id_str":"553533397784481792","sizes":{"large":{"h":348,"resize":"fit","w":620},"small":{"h":190,"resize":"fit","w":340},"medium":{"h":336,"resize":"fit","w":600},"thumb":{"h":150,"resize":"crop","w":150}},"indices":[110,132],"type":"photo","id":553533397784481792,"media_url":"http:\/\/pbs.twimg.com\/media\/B66LsUpCUAAk-Qm.jpg"}]}}