{"contributors": null, "truncated": false, "text": "@SputnikInt Somebody trying to put a spanner in the works between Merkel and Hollande, that's for sure @marcelsardo", "in_reply_to_status_id": 580321372703985664, "id": 580327814072799232, "favorite_count": 0, "source": "<a href=\"http://twitter.com\" rel=\"nofollow\">Twitter Web Client</a>", "retweeted": false, "coordinates": null, "entities": {"symbols": [], "user_mentions": [{"id": 34262462, "indices": [0, 11], "id_str": "34262462", "screen_name": "SputnikInt", "name": "Sputnik"}, {"id": 285502685, "indices": [103, 115], "id_str": "285502685", "screen_name": "marcelsardo", "name": "Marcel Sardo"}], "hashtags": [], "urls": []}, "in_reply_to_screen_name": "SputnikInt", "id_str": "580327814072799232", "retweet_count": 0, "in_reply_to_user_id": 34262462, "favorited": false, "user": {"follow_request_sent": false, "profile_use_background_image": true, "profile_text_color": "3D1957", "default_profile_image": false, "id": 2995414714, "profile_background_image_url_https": "https://pbs.twimg.com/profile_background_images/583270006802157568/eXkQ_h9Z.jpg", "verified": false, "profile_location": null, "profile_image_url_https": "https://pbs.twimg.com/profile_images/571932384497397760/G9koSUsu_normal.jpeg", "profile_sidebar_fill_color": "7AC3EE", "entities": {"url": {"urls": [{"url": "http://t.co/jklIepg76L", "indices": [0, 22], "expanded_url": "http://humansarefree.com", "display_url": "humansarefree.com"}]}, "description": {"urls": []}}, "followers_count": 89, "profile_sidebar_border_color": "65B0DA", "id_str": "2995414714", "profile_background_color": "9266CC", "listed_count": 5, "is_translation_enabled": false, "utc_offset": 10800, "statuses_count": 1839, "description": "Researcher (link to @buholanoit)", "friends_count": 132, "location": "Andromeda Galaxy", "profile_link_color": "642D8B", "profile_image_url": "http://pbs.twimg.com/profile_images/571932384497397760/G9koSUsu_normal.jpeg", "following": false, "geo_enabled": false, "profile_banner_url": "https://pbs.twimg.com/profile_banners/2995414714/1427897827", "profile_background_image_url": "http://pbs.twimg.com/profile_background_images/583270006802157568/eXkQ_h9Z.jpg", "name": "Star Child ", "lang": "en", "profile_background_tile": true, "favourites_count": 908, "screen_name": "7dimensionalET", "notifications": false, "url": "http://t.co/jklIepg76L", "created_at": "Sat Jan 24 06:38:57 +0000 2015", "contributors_enabled": false, "time_zone": "Bucharest", "protected": false, "default_profile": false, "is_translator": false}, "geo": null, "in_reply_to_user_id_str": "34262462", "lang": "en", "created_at": "Tue Mar 24 11:18:27 +0000 2015", "in_reply_to_status_id_str": "580321372703985664", "place": null}
