{"contributors":null,"truncated":false,"text":"@SputnikInt Schempp-Hirth Duo Discus glider currently hovering over the crash area","in_reply_to_status_id":580321372703985664,"id":580322171458859008,"favorite_count":0,"source":"<a href=\"http:\/\/twitter.com\" rel=\"nofollow\">Twitter Web Client<\/a>","retweeted":false,"coordinates":null,"entities":{"symbols":[],"user_mentions":[{"id":34262462,"indices":[0,11],"id_str":"34262462","screen_name":"SputnikInt","name":"Sputnik"}],"hashtags":[],"urls":[]},"in_reply_to_screen_name":"SputnikInt","id_str":"580322171458859008","retweet_count":0,"in_reply_to_user_id":34262462,"favorited":false,"user":{"follow_request_sent":false,"profile_use_background_image":true,"profile_text_color":"333333","default_profile_image":false,"id":3006168515,"profile_background_image_url_https":"https:\/\/pbs.twimg.com\/profile_background_images\/578297691366518784\/1PXU4OLA.jpeg","verified":false,"profile_location":null,"profile_image_url_https":"https:\/\/pbs.twimg.com\/profile_images\/586859409130815488\/6mFEM2YF_normal.jpg","profile_sidebar_fill_color":"DDEEF6","entities":{"url":{"urls":[{"url":"http:\/\/t.co\/OLIFM7AXkh","indices":[0,22],"expanded_url":"http:\/\/instagram.com\/frootprint","display_url":"instagram.com\/frootprint"}]},"description":{"urls":[]}},"followers_count":633,"profile_sidebar_border_color":"C0DEED","id_str":"3006168515","profile_background_color":"DD2E44","listed_count":8,"is_translation_enabled":false,"utc_offset":3600,"statuses_count":23904,"description":"i was born from ginger minj and married to olly alexander","friends_count":305,"location":"gliese 581g \/ canarias","profile_link_color":"4A913C","profile_image_url":"http:\/\/pbs.twimg.com\/profile_images\/586859409130815488\/6mFEM2YF_normal.jpg","following":false,"geo_enabled":true,"profile_banner_url":"https:\/\/pbs.twimg.com\/profile_banners\/3006168515\/1427376633","profile_background_image_url":"http:\/\/pbs.twimg.com\/profile_background_images\/578297691366518784\/1PXU4OLA.jpeg","name":"nass","lang":"en","profile_background_tile":true,"favourites_count":13730,"screen_name":"willambeIli","notifications":false,"url":"http:\/\/t.co\/OLIFM7AXkh","created_at":"Fri Jan 30 18:47:29 +0000 2015","contributors_enabled":false,"time_zone":"Dublin","protected":false,"default_profile":false,"is_translator":false},"geo":null,"in_reply_to_user_id_str":"34262462","lang":"en","created_at":"Tue Mar 24 10:56:02 +0000 2015","in_reply_to_status_id_str":"580321372703985664","place":{"full_name":"Adeje, Islas Canarias","url":"https:\/\/api.twitter.com\/1.1\/geo\/id\/4ecd7c95b51819d7.json","country":"Espa\u00f1a","place_type":"city","bounding_box":{"type":"Polygon","coordinates":[[[-16.8008387,28.0659336],[-16.6586766,28.0659336],[-16.6586766,28.211745],[-16.8008387,28.211745]]]},"contained_within":[],"country_code":"ES","attributes":{},"id":"4ecd7c95b51819d7","name":"Adeje"}}