{"contributors": null, "truncated": false, "text": "AirbusA320 Barcelona to D\u00fcsseldorf lost from Flightradar24 at 6800ft at 0939 UTC http://t.co/TBUYi3DMvI via @SputnikInt :( sad news", "in_reply_to_status_id": 580321372703985664, "id": 580322726050734080, "favorite_count": 0, "source": "<a href=\"http://twitter.com/download/iphone\" rel=\"nofollow\">Twitter for iPhone</a>", "retweeted": false, "coordinates": null, "entities": {"symbols": [], "user_mentions": [{"id": 34262462, "indices": [108, 119], "id_str": "34262462", "screen_name": "SputnikInt", "name": "Sputnik"}], "hashtags": [], "urls": [{"url": "http://t.co/TBUYi3DMvI", "indices": [81, 103], "expanded_url": "http://sptnkne.ws/kX", "display_url": "sptnkne.ws/kX"}]}, "in_reply_to_screen_name": "SputnikInt", "id_str": "580322726050734080", "retweet_count": 0, "in_reply_to_user_id": 34262462, "favorited": false, "user": {"follow_request_sent": false, "profile_use_background_image": true, "profile_text_color": "3C3940", "default_profile_image": false, "id": 39025716, "profile_background_image_url_https": "https://abs.twimg.com/images/themes/theme4/bg.gif", "verified": false, "profile_location": null, "profile_image_url_https": "https://pbs.twimg.com/profile_images/516537285727494145/hb_O5vvE_normal.jpeg", "profile_sidebar_fill_color": "95E8EC", "entities": {"description": {"urls": []}}, "followers_count": 228, "profile_sidebar_border_color": "5ED4DC", "id_str": "39025716", "profile_background_color": "0099B9", "listed_count": 9, "is_translation_enabled": false, "utc_offset": 3600, "statuses_count": 982, "description": "Former police analyst interested in public sector tech & Government policy and strategy. All views my own.", "friends_count": 770, "location": "", "profile_link_color": "0099B9", "profile_image_url": "http://pbs.twimg.com/profile_images/516537285727494145/hb_O5vvE_normal.jpeg", "following": false, "geo_enabled": true, "profile_banner_url": "https://pbs.twimg.com/profile_banners/39025716/1389315870", "profile_background_image_url": "http://abs.twimg.com/images/themes/theme4/bg.gif", "name": "Ellie Rice", "lang": "en", "profile_background_tile": false, "favourites_count": 36, "screen_name": "ElRicicle", "notifications": false, "url": null, "created_at": "Sun May 10 09:58:26 +0000 2009", "contributors_enabled": false, "time_zone": "London", "protected": false, "default_profile": false, "is_translator": false}, "geo": null, "in_reply_to_user_id_str": "34262462", "possibly_sensitive": false, "possibly_sensitive_appealable": false, "lang": "bs", "created_at": "Tue Mar 24 10:58:14 +0000 2015", "in_reply_to_status_id_str": "580321372703985664", "place": null}
