{"contributors": null, "truncated": false, "text": "@SputnikInt @flightradar24 It was losing altitude long before, it seems! :((", "in_reply_to_status_id": 580321372703985664, "id": 580325036059451392, "favorite_count": 0, "source": "<a href=\"http://twitter.com\" rel=\"nofollow\">Twitter Web Client</a>", "retweeted": false, "coordinates": null, "entities": {"symbols": [], "user_mentions": [{"id": 34262462, "indices": [0, 11], "id_str": "34262462", "screen_name": "SputnikInt", "name": "Sputnik"}, {"id": 134196350, "indices": [12, 26], "id_str": "134196350", "screen_name": "flightradar24", "name": "Flightradar24"}], "hashtags": [], "urls": []}, "in_reply_to_screen_name": "SputnikInt", "id_str": "580325036059451392", "retweet_count": 0, "in_reply_to_user_id": 34262462, "favorited": false, "user": {"follow_request_sent": false, "profile_use_background_image": true, "profile_text_color": "333333", "default_profile_image": false, "id": 59812246, "profile_background_image_url_https": "https://pbs.twimg.com/profile_background_images/432978430246653953/9zipeHrb.jpeg", "verified": false, "profile_location": null, "profile_image_url_https": "https://pbs.twimg.com/profile_images/549024424758759424/7-h8IZAM_normal.jpeg", "profile_sidebar_fill_color": "FFFFFF", "entities": {"description": {"urls": []}}, "followers_count": 275, "profile_sidebar_border_color": "FFFFFF", "id_str": "59812246", "profile_background_color": "3B94D9", "listed_count": 29, "is_translation_enabled": false, "utc_offset": 3600, "statuses_count": 17753, "description": "-Either write something worth reading or do something worth writing- -Benjamin Franklin- [Rt's \u2260 Endorsement]", "friends_count": 261, "location": "The Mighty Jungle", "profile_link_color": "3B94D9", "profile_image_url": "http://pbs.twimg.com/profile_images/549024424758759424/7-h8IZAM_normal.jpeg", "following": false, "geo_enabled": false, "profile_banner_url": "https://pbs.twimg.com/profile_banners/59812246/1419722701", "profile_background_image_url": "http://pbs.twimg.com/profile_background_images/432978430246653953/9zipeHrb.jpeg", "name": "0opst\u00b8.\u00b7*\u00a8", "lang": "en", "profile_background_tile": true, "favourites_count": 1465, "screen_name": "0opst", "notifications": false, "url": null, "created_at": "Fri Jul 24 15:40:07 +0000 2009", "contributors_enabled": false, "time_zone": "Lisbon", "protected": false, "default_profile": false, "is_translator": false}, "geo": null, "in_reply_to_user_id_str": "34262462", "lang": "en", "created_at": "Tue Mar 24 11:07:25 +0000 2015", "in_reply_to_status_id_str": "580321372703985664", "place": null}
