{"contributors":null,"truncated":false,"text":"@ErinAnderssen @saleemkhan awful news for people who don't deserve such unusual occurrences there! Sad visitor","in_reply_to_status_id":524949439367380993,"id":524951134105255936,"favorite_count":1,"source":"<a href=\"http:\/\/twitter.com\/#!\/download\/ipad\" rel=\"nofollow\">Twitter for iPad<\/a>","retweeted":false,"coordinates":{"type":"Point","coordinates":[8.2470541,49.91432776]},"entities":{"symbols":[],"user_mentions":[{"id":126486040,"indices":[0,14],"id_str":"126486040","screen_name":"ErinAnderssen","name":"Erin Anderssen"},{"id":2371631,"indices":[15,26],"id_str":"2371631","screen_name":"saleemkhan","name":"Saleem Khan"}],"hashtags":[],"urls":[]},"in_reply_to_screen_name":"ErinAnderssen","id_str":"524951134105255936","retweet_count":1,"in_reply_to_user_id":126486040,"favorited":false,"user":{"follow_request_sent":false,"profile_use_background_image":true,"default_profile_image":false,"id":17614860,"profile_background_image_url_https":"https:\/\/abs.twimg.com\/images\/themes\/theme6\/bg.gif","verified":false,"profile_text_color":"333333","profile_image_url_https":"https:\/\/pbs.twimg.com\/profile_images\/564073425678123008\/eMIgU5TG_normal.jpeg","profile_sidebar_fill_color":"A0C5C7","entities":{"url":{"urls":[{"url":"http:\/\/t.co\/whyD36OiRU","indices":[0,22],"expanded_url":"http:\/\/www.thebittercreek.wordpress.com\/about","display_url":"thebittercreek.wordpress.com\/about"}]},"description":{"urls":[]}},"followers_count":2193,"profile_sidebar_border_color":"86A4A6","id_str":"17614860","profile_background_color":"709397","listed_count":20,"is_translation_enabled":false,"utc_offset":7200,"statuses_count":10930,"description":"#amwriting #collating notes, poems, dreams For serious nonfiction writers. my book  : Miles to Griffiths Teas - then novel Aust!","friends_count":2407,"location":"Europe ","profile_link_color":"FF3300","profile_image_url":"http:\/\/pbs.twimg.com\/profile_images\/564073425678123008\/eMIgU5TG_normal.jpeg","following":false,"geo_enabled":true,"profile_banner_url":"https:\/\/pbs.twimg.com\/profile_banners\/17614860\/1412073405","profile_background_image_url":"http:\/\/abs.twimg.com\/images\/themes\/theme6\/bg.gif","screen_name":"lonewordsmith","lang":"en","profile_background_tile":false,"favourites_count":139,"name":"Neil McPherson","notifications":false,"url":"http:\/\/t.co\/whyD36OiRU","created_at":"Tue Nov 25 07:26:37 +0000 2008","contributors_enabled":false,"time_zone":"Berlin","protected":false,"default_profile":false,"is_translator":false},"geo":{"type":"Point","coordinates":[49.91432776,8.2470541]},"in_reply_to_user_id_str":"126486040","lang":"en","created_at":"Wed Oct 22 15:51:18 +0000 2014","in_reply_to_status_id_str":"524949439367380993","place":{"full_name":"Mayence, Mayence","url":"https:\/\/api.twitter.com\/1.1\/geo\/id\/cc5401f65b0ddc7b.json","country":"Deutschland","place_type":"city","bounding_box":{"type":"Polygon","coordinates":[[[8.142837,49.895573],[8.343064,49.895573],[8.343064,50.035373],[8.142837,50.035373]]]},"contained_within":[],"country_code":"DE","attributes":{},"id":"cc5401f65b0ddc7b","name":"Mayence"}}