{"contributors": null, "truncated": false, "text": "@erinanderssen", "in_reply_to_status_id": 524949439367380993, "id": 524950430522953728, "favorite_count": 0, "source": "<a href=\"https://mobile.twitter.com\" rel=\"nofollow\">Mobile Web (M2)</a>", "retweeted": false, "coordinates": null, "entities": {"symbols": [], "user_mentions": [{"id": 126486040, "indices": [0, 14], "id_str": "126486040", "screen_name": "ErinAnderssen", "name": "Erin Anderssen"}], "hashtags": [], "urls": []}, "in_reply_to_screen_name": "ErinAnderssen", "id_str": "524950430522953728", "retweet_count": 0, "in_reply_to_user_id": 126486040, "favorited": false, "user": {"follow_request_sent": false, "profile_use_background_image": true, "default_profile_image": true, "id": 813184597, "profile_background_image_url_https": "https://abs.twimg.com/images/themes/theme1/bg.png", "verified": false, "profile_text_color": "333333", "profile_image_url_https": "https://abs.twimg.com/sticky/default_profile_images/default_profile_1_normal.png", "profile_sidebar_fill_color": "DDEEF6", "entities": {"description": {"urls": []}}, "followers_count": 5, "profile_sidebar_border_color": "C0DEED", "id_str": "813184597", "profile_background_color": "C0DEED", "listed_count": 0, "is_translation_enabled": false, "utc_offset": 28800, "statuses_count": 41, "description": "", "friends_count": 11, "location": "", "profile_link_color": "0084B4", "profile_image_url": "http://abs.twimg.com/sticky/default_profile_images/default_profile_1_normal.png", "following": false, "geo_enabled": false, "profile_background_image_url": "http://abs.twimg.com/images/themes/theme1/bg.png", "screen_name": "556to762", "lang": "en", "profile_background_tile": false, "favourites_count": 57, "name": "michael", "notifications": false, "url": null, "created_at": "Sun Sep 09 13:57:03 +0000 2012", "contributors_enabled": false, "time_zone": "Beijing", "protected": false, "default_profile": true, "is_translator": false}, "geo": null, "in_reply_to_user_id_str": "126486040", "lang": "und", "created_at": "Wed Oct 22 15:48:30 +0000 2014", "in_reply_to_status_id_str": "524949439367380993", "place": null}
