{"contributors": null, "truncated": false, "text": "#AttackInOttawa\n@ErinAnderssen: police are investigating 3 shootings, one at War Memorial, one on Parliament Hill and one near Rideau Centre", "in_reply_to_status_id": 524949439367380993, "id": 524950297601658881, "favorite_count": 0, "source": "<a href=\"http://twitter.com/#!/download/ipad\" rel=\"nofollow\">Twitter for iPad</a>", "retweeted": false, "coordinates": null, "entities": {"symbols": [], "user_mentions": [{"id": 126486040, "indices": [16, 30], "id_str": "126486040", "screen_name": "ErinAnderssen", "name": "Erin Anderssen"}], "hashtags": [{"indices": [0, 15], "text": "AttackInOttawa"}], "urls": []}, "in_reply_to_screen_name": "ErinAnderssen", "id_str": "524950297601658881", "retweet_count": 1, "in_reply_to_user_id": 126486040, "favorited": false, "user": {"follow_request_sent": false, "profile_use_background_image": true, "default_profile_image": false, "id": 999907196, "profile_background_image_url_https": "https://abs.twimg.com/images/themes/theme1/bg.png", "verified": false, "profile_text_color": "333333", "profile_image_url_https": "https://pbs.twimg.com/profile_images/2954714522/25e1298f6339017afbc26fbcb2854770_normal.jpeg", "profile_sidebar_fill_color": "DDEEF6", "entities": {"url": {"urls": [{"url": "http://t.co/PBGyW7s34Y", "indices": [0, 22], "expanded_url": "http://ottawafamilytree.net", "display_url": "ottawafamilytree.net"}]}, "description": {"urls": []}}, "followers_count": 661, "profile_sidebar_border_color": "C0DEED", "id_str": "999907196", "profile_background_color": "C0DEED", "listed_count": 22, "is_translation_enabled": false, "utc_offset": null, "statuses_count": 9865, "description": "McEwan, Wilson, Cadieux, Frood, O'Connor, Doyle, Dolan, Killeen,  descendants & ancestors from Scotland, Ireland & France", "friends_count": 1340, "location": "Ottawa, Canada", "profile_link_color": "0084B4", "profile_image_url": "http://pbs.twimg.com/profile_images/2954714522/25e1298f6339017afbc26fbcb2854770_normal.jpeg", "following": false, "geo_enabled": false, "profile_banner_url": "https://pbs.twimg.com/profile_banners/999907196/1355692571", "profile_background_image_url": "http://abs.twimg.com/images/themes/theme1/bg.png", "screen_name": "ottawafamtree", "lang": "en", "profile_background_tile": false, "favourites_count": 168, "name": "Ottawa Family Tree", "notifications": false, "url": "http://t.co/PBGyW7s34Y", "created_at": "Sun Dec 09 18:50:46 +0000 2012", "contributors_enabled": false, "time_zone": null, "protected": false, "default_profile": true, "is_translator": false}, "geo": null, "in_reply_to_user_id_str": "126486040", "lang": "en", "created_at": "Wed Oct 22 15:47:58 +0000 2014", "in_reply_to_status_id_str": "524949439367380993", "place": null}
