{"contributors":null,"truncated":false,"text":"BREAKING Authorities confirm last words from #germanwings #4U9525 A320 distress call were \"emergency, emergency\" http:\/\/t.co\/wFg8KTSve2","in_reply_to_status_id":null,"id":580348878370828288,"favorite_count":18,"source":"<a href=\"https:\/\/about.twitter.com\/products\/tweetdeck\" rel=\"nofollow\">TweetDeck<\/a>","retweeted":false,"coordinates":null,"entities":{"symbols":[],"user_mentions":[],"hashtags":[{"indices":[45,57],"text":"germanwings"},{"indices":[58,65],"text":"4U9525"}],"urls":[{"url":"http:\/\/t.co\/wFg8KTSve2","indices":[113,135],"expanded_url":"http:\/\/www.airlive.net\/2015\/03\/breaking-crash-of-a320-in-south-of.html","display_url":"airlive.net\/2015\/03\/breaki\u2026"}]},"in_reply_to_screen_name":null,"id_str":"580348878370828288","retweet_count":180,"in_reply_to_user_id":null,"favorited":false,"user":{"follow_request_sent":false,"profile_use_background_image":true,"profile_text_color":"333333","default_profile_image":false,"id":2280470022,"profile_background_image_url_https":"https:\/\/abs.twimg.com\/images\/themes\/theme1\/bg.png","verified":false,"profile_location":null,"profile_image_url_https":"https:\/\/pbs.twimg.com\/profile_images\/519049686963851264\/dab356ZO_normal.png","profile_sidebar_fill_color":"DDEEF6","entities":{"url":{"urls":[{"url":"http:\/\/t.co\/LYe0i8ANVU","indices":[0,22],"expanded_url":"http:\/\/www.airlive.net","display_url":"airlive.net"}]},"description":{"urls":[]}},"followers_count":58364,"profile_sidebar_border_color":"C0DEED","id_str":"2280470022","profile_background_color":"C0DEED","listed_count":989,"is_translation_enabled":false,"utc_offset":3600,"statuses_count":14445,"description":"Realtime alerts, reports #avgeek \u2708\ufe0f","friends_count":383,"location":"London Paris NYC Melbourne","profile_link_color":"0084B4","profile_image_url":"http:\/\/pbs.twimg.com\/profile_images\/519049686963851264\/dab356ZO_normal.png","following":false,"geo_enabled":false,"profile_banner_url":"https:\/\/pbs.twimg.com\/profile_banners\/2280470022\/1397478112","profile_background_image_url":"http:\/\/abs.twimg.com\/images\/themes\/theme1\/bg.png","name":"AirLive.net","lang":"en","profile_background_tile":false,"favourites_count":350,"screen_name":"airlivenet","notifications":false,"url":"http:\/\/t.co\/LYe0i8ANVU","created_at":"Tue Jan 07 11:38:00 +0000 2014","contributors_enabled":false,"time_zone":"Amsterdam","protected":false,"default_profile":true,"is_translator":false},"geo":null,"in_reply_to_user_id_str":null,"possibly_sensitive":false,"lang":"en","created_at":"Tue Mar 24 12:42:09 +0000 2015","in_reply_to_status_id_str":null,"place":null}