{"contributors":null,"truncated":false,"text":"The surveillance photos, the police report, and this witness account. #Ferguson http:\/\/t.co\/Sbx9tfA5FA http:\/\/t.co\/JGgtaXYOxz","in_reply_to_status_id":null,"id":500292806175236096,"favorite_count":356,"source":"<a href=\"http:\/\/twitter.com\/download\/iphone\" rel=\"nofollow\">Twitter for iPhone<\/a>","retweeted":false,"coordinates":null,"entities":{"symbols":[],"user_mentions":[],"hashtags":[{"indices":[70,79],"text":"Ferguson"}],"urls":[{"url":"http:\/\/t.co\/Sbx9tfA5FA","indices":[80,102],"expanded_url":"http:\/\/www.youtube.com\/watch?v=tfy5FiqzWHI&sns=em","display_url":"youtube.com\/watch?v=tfy5Fi\u2026"}],"media":[{"expanded_url":"http:\/\/twitter.com\/AntonioFrench\/status\/500292806175236096\/photo\/1","display_url":"pic.twitter.com\/JGgtaXYOxz","url":"http:\/\/t.co\/JGgtaXYOxz","media_url_https":"https:\/\/pbs.twimg.com\/media\/BvFlpr1CMAAHW_K.jpg","id_str":"500292800429043712","sizes":{"large":{"h":1024,"resize":"fit","w":1024},"small":{"h":340,"resize":"fit","w":340},"medium":{"h":600,"resize":"fit","w":600},"thumb":{"h":150,"resize":"crop","w":150}},"indices":[103,125],"type":"photo","id":500292800429043712,"media_url":"http:\/\/pbs.twimg.com\/media\/BvFlpr1CMAAHW_K.jpg"}]},"in_reply_to_screen_name":null,"id_str":"500292806175236096","retweet_count":904,"in_reply_to_user_id":null,"favorited":false,"user":{"follow_request_sent":false,"profile_use_background_image":true,"default_profile_image":false,"id":14090948,"profile_background_image_url_https":"https:\/\/abs.twimg.com\/images\/themes\/theme15\/bg.png","verified":true,"profile_text_color":"333333","profile_image_url_https":"https:\/\/pbs.twimg.com\/profile_images\/454029102828122114\/b8a8G1lk_normal.jpeg","profile_sidebar_fill_color":"C0DFEC","entities":{"url":{"urls":[{"url":"http:\/\/t.co\/q0AU0OLIZd","indices":[0,22],"expanded_url":"http:\/\/www.NorthCampus.org","display_url":"NorthCampus.org"}]},"description":{"urls":[]}},"followers_count":99734,"profile_sidebar_border_color":"A8C7F7","id_str":"14090948","profile_background_color":"022330","listed_count":1193,"is_translation_enabled":false,"utc_offset":-18000,"statuses_count":12455,"description":"Dad, Husband, Alderman of the @21stWard in St. Louis, founder of @North_Campus, Auburn grad and devoted Auburn Football fan, and @WUSTL MBA candidate (Dec '14).","friends_count":1030,"location":"St. Louis, MO, USA","profile_link_color":"0084B4","profile_image_url":"http:\/\/pbs.twimg.com\/profile_images\/454029102828122114\/b8a8G1lk_normal.jpeg","following":false,"geo_enabled":true,"profile_banner_url":"https:\/\/pbs.twimg.com\/profile_banners\/14090948\/1408126262","profile_background_image_url":"http:\/\/abs.twimg.com\/images\/themes\/theme15\/bg.png","screen_name":"AntonioFrench","lang":"en","profile_background_tile":false,"favourites_count":1277,"name":"Antonio French","notifications":false,"url":"http:\/\/t.co\/q0AU0OLIZd","created_at":"Thu Mar 06 19:51:29 +0000 2008","contributors_enabled":false,"time_zone":"Central Time (US & Canada)","protected":false,"default_profile":false,"is_translator":false},"geo":null,"in_reply_to_user_id_str":null,"possibly_sensitive":false,"lang":"en","created_at":"Fri Aug 15 14:47:54 +0000 2014","in_reply_to_status_id_str":null,"place":null,"extended_entities":{"media":[{"expanded_url":"http:\/\/twitter.com\/AntonioFrench\/status\/500292806175236096\/photo\/1","display_url":"pic.twitter.com\/JGgtaXYOxz","url":"http:\/\/t.co\/JGgtaXYOxz","media_url_https":"https:\/\/pbs.twimg.com\/media\/BvFlpr1CMAAHW_K.jpg","id_str":"500292800429043712","sizes":{"large":{"h":1024,"resize":"fit","w":1024},"small":{"h":340,"resize":"fit","w":340},"medium":{"h":600,"resize":"fit","w":600},"thumb":{"h":150,"resize":"crop","w":150}},"indices":[103,125],"type":"photo","id":500292800429043712,"media_url":"http:\/\/pbs.twimg.com\/media\/BvFlpr1CMAAHW_K.jpg"},{"expanded_url":"http:\/\/twitter.com\/AntonioFrench\/status\/500292806175236096\/photo\/1","display_url":"pic.twitter.com\/JGgtaXYOxz","url":"http:\/\/t.co\/JGgtaXYOxz","media_url_https":"https:\/\/pbs.twimg.com\/media\/BvFlp3mCMAAFfQx.jpg","id_str":"500292803587354624","sizes":{"small":{"h":453,"resize":"fit","w":340},"large":{"h":1024,"resize":"fit","w":768},"medium":{"h":800,"resize":"fit","w":600},"thumb":{"h":150,"resize":"crop","w":150}},"indices":[103,125],"type":"photo","id":500292803587354624,"media_url":"http:\/\/pbs.twimg.com\/media\/BvFlp3mCMAAFfQx.jpg"}]}}