{"contributors":null,"truncated":false,"text":"MUSLIM CONVERT? A German news website, http:\/\/t.co\/sZQQ0pKwM1 claims Andreas Lubitz was a Muslim convert http:\/\/t.co\/nX2CXzgiJr","in_reply_to_status_id":null,"id":581300992194572288,"favorite_count":13,"source":"<a href=\"http:\/\/twitter.com\" rel=\"nofollow\">Twitter Web Client<\/a>","retweeted":false,"coordinates":null,"entities":{"user_mentions":[],"symbols":[],"trends":[],"hashtags":[],"urls":[{"url":"http:\/\/t.co\/sZQQ0pKwM1","indices":[39,61],"expanded_url":"http:\/\/Speisa.com","display_url":"Speisa.com"},{"url":"http:\/\/t.co\/nX2CXzgiJr","indices":[105,127],"expanded_url":"http:\/\/speisa.com\/modules\/articles\/index.php\/item.1086\/the-co-pilot-of-the-germanwings-airbus-was-a-convert-to-islam.html","display_url":"speisa.com\/modules\/articl\u2026"}]},"in_reply_to_screen_name":null,"id_str":"581300992194572288","retweet_count":31,"in_reply_to_user_id":null,"favorited":false,"user":{"follow_request_sent":null,"profile_use_background_image":true,"default_profile_image":false,"id":17561562,"verified":false,"profile_image_url_https":"https:\/\/pbs.twimg.com\/profile_images\/3678674575\/20f7255c8da5684e83d5347b4ffeb290_normal.jpeg","profile_sidebar_fill_color":"9C8C77","profile_text_color":"786A4A","followers_count":33277,"profile_sidebar_border_color":"31C9CC","id_str":"17561562","profile_background_color":"14ABD1","listed_count":1143,"profile_background_image_url_https":"https:\/\/pbs.twimg.com\/profile_background_images\/643716555\/njfp1jpm8e1ugp09b308.jpeg","utc_offset":-14400,"statuses_count":196422,"description":"Circumstances do not make the man, they reveal him.  James Allen \u2721PRO-ISRAEL\u2721 Despise term RINO. PROTIP: Solutions NOT temper tantrums! Haters blocked","friends_count":186,"location":"\u2665 Right where God wants me \u2665","profile_link_color":"17B6D6","profile_image_url":"http:\/\/pbs.twimg.com\/profile_images\/3678674575\/20f7255c8da5684e83d5347b4ffeb290_normal.jpeg","following":null,"geo_enabled":false,"profile_banner_url":"https:\/\/pbs.twimg.com\/profile_banners\/17561562\/1352475561","profile_background_image_url":"http:\/\/pbs.twimg.com\/profile_background_images\/643716555\/njfp1jpm8e1ugp09b308.jpeg","name":"slone","lang":"en","profile_background_tile":true,"favourites_count":2571,"screen_name":"slone","notifications":null,"url":"http:\/\/twitter.com\/slone","created_at":"Sat Nov 22 19:28:30 +0000 2008","contributors_enabled":false,"time_zone":"Eastern Time (US & Canada)","protected":false,"default_profile":false,"is_translator":false},"geo":null,"in_reply_to_user_id_str":null,"possibly_sensitive":false,"lang":"en","created_at":"Fri Mar 27 03:45:31 +0000 2015","filter_level":"low","in_reply_to_status_id_str":null,"place":null}